id,name,logo,description_en,description_ru,images,createdAt
77031d0b-00ee-43a3-903e-ab23eb24b473,7th Key,,"","7th Key — это бутик-компания в сфере недвижимости, которая фокусируется на предоставлении индивидуальных решений для клиентов. Компания занимается как девелопментом, так и управлением активами, стремясь предложить уникальные жилые объекты, соответствующие современным требованиям рынка Дубая. Их подход основан на глубоком понимании потребностей инвесторов и создании пространств, способствующих комфортному образу жизни.","",2025-11-13T00:22:50.553Z
3777c076-8ace-4ecf-885a-bfabf3d387df,A S I Real Estate Development,https://files.alnair.ae/uploads/2024/9/3d/ac/3dac7cbcfaee65697b8d39b76019f69f.jpg,"","ASI LLC — это компания, объединяющая функции коммерческого брокериджа и девелопмента, ориентированная на растущие потребности рынка недвижимости Дубая. Их высокоэффективная команда профессионалов специализируется не только на строительстве, но и на секторе аренды и лизинга. Агенты компании сертифицированы RERA и обладают огромным опытом. ASI известна своим дружелюбным подходом и экспертными консультациями, помогая клиентам принимать правильные решения при покупке важнейших активов, будь то жилая или коммерческая недвижимость.","{https://files.alnair.ae/uploads/2024/9/3d/ac/3dac7cbcfaee65697b8d39b76019f69f.jpg;https://files.alnair.ae/uploads/gallery_photo/2022/12/fe/26/fe26c25d704276e1de8139adbfd582dc.jpg}",2025-11-13T00:22:50.572Z
9da2422b-9bc3-4a1f-a689-2b704d55cb93,AB Developers,,"","AB Developers — это динамично развивающаяся строительная компания, нацеленная на создание современной жилой среды. Застройщик фокусируется на проектах, которые сочетают в себе удобное расположение и современную архитектуру. AB Developers стремится удовлетворить спрос на качественное жилье среднего и премиум-класса, внедряя в свои проекты актуальные дизайнерские решения и удобства для жителей.","",2025-11-13T00:22:50.585Z
44b53526-95e4-4eef-9d14-c4de555579c5,ABA Real Estate Development,,"","Являясь частью более крупного конгломерата, ABA Real Estate Development специализируется на создании жилых сообществ и коммерческих центров. Компания использует свой богатый опыт и финансовую стабильность для реализации масштабных проектов, которые способствуют развитию городской инфраструктуры Дубая и предлагают жителям новый уровень комфорта.","",2025-11-13T00:22:50.593Z
1c0e0595-a6d1-4fd7-8f5e-bbc19a1cab51,ADE Properties,https://files.alnair.ae/uploads/2024/9/ae/61/ae61a3475fdc29236703d6d81bf15104.jpg,"","ADE Properties — динамичная девелоперская компания, входящая в состав престижной группы Al Dallal Group, известного эмиратского бизнеса с историей, восходящей к 1951 году. Продолжая наследие успеха группы, ADE Properties специализируется на инновациях и совершенстве в сфере недвижимости. Под руководством Ахмада и Махмуда Аль Даллал, сыновей покойного Мохаммеда Махмуда Аль Даллала, компания открывает новую главу прогресса. Руководствуясь мудростью основателя, ADE Properties несет в будущее традиции передового мышления, формируя современный ландшафт недвижимости ОАЭ.","{https://files.alnair.ae/uploads/2024/9/ae/61/ae61a3475fdc29236703d6d81bf15104.jpg;https://files.alnair.ae/uploads/gallery_photo/2025/1/1f/ce/1fce8e26af30ca02a6bca1cbb2155f8e.jpg;https://files.alnair.ae/uploads/gallery_photo/2024/9/6d/71/6d71cc4095fef45991cca07df54b1467.jpg}",2025-11-13T00:22:50.598Z
480ee641-91d4-43e4-b396-05224e6007b8,AHS Properties,https://files.alnair.ae/uploads/2024/12/ac/cc/accc3722b04fa30c0abeda5a85e9df15.png,"","AHS Properties, основанная в начале 2021 года, олицетворяет вершину изысканности и величия, демонстрируя впечатляющее портфолио недвижимости. Это новаторское и дальновидное предприятие начало свой путь в сфере ультра-роскошного девелопмента. Движимая непоколебимой страстью к инновациям и совершенству, AHS Properties зарекомендовала себя как инновационная организация, быстро завоевавшая репутацию и лояльность клиентов благодаря созданию уникальных объектов, переопределяющих понятие роскоши.","{https://files.alnair.ae/uploads/2024/12/ac/cc/accc3722b04fa30c0abeda5a85e9df15.png;https://files.alnair.ae/uploads/gallery_photo/2023/7/93/ed/93ed084d09a034133fb01a647b163cd8.jpg;https://files.alnair.ae/uploads/gallery_photo/2023/7/0c/de/0cde1b0d8dc046a1876809ccfdd3a834.jpg;https://files.alnair.ae/uploads/gallery_photo/2023/6/28/36/283648e9302fdb25e0b5a43dcc0cf2ac.jpg;https://files.alnair.ae/uploads/gallery_photo/2025/5/5c/2f/5c2f55e625ae58ef75136c9f3fd47661.jpg;https://files.alnair.ae/uploads/gallery_photo/2025/7/ea/42/ea42bdee0f3e8e02677f22c38cee8964.jpg;https://files.alnair.ae/uploads/gallery_photo/2023/10/11/6a/116aa42e8abe6062ec7000d53428cf7b.jpg}",2025-11-13T00:22:50.602Z
06e2c780-01b0-423c-a86a-c4f7544465d3,AMBER Developments,https://files.alnair.ae/uploads/2025/7/70/cd/70cd53b82628df52fe5ce71266e7be63.png,"","Amber Developments ставит во главу угла интересы клиента и высокое качество исполнения, что выделяет каждый их проект. Участки для строительства тщательно отбираются с учетом их премиального расположения в непосредственной близости к Downtown Dubai и их финансовой отдачи, а материалы и отделка подбираются по всему миру для обеспечения долговечности домов. Миссия компании — стать ведущим девелопером в регионе, поддерживая ценности честности, креативности и профессионализма, а также соблюдая высочайшие этические стандарты для построения прочных отношений с клиентами.","{https://files.alnair.ae/uploads/2025/7/70/cd/70cd53b82628df52fe5ce71266e7be63.png;https://files.alnair.ae/uploads/gallery_photo/2025/7/df/c8/dfc85a32c5fc94a795c11c326aa12407.jpg}",2025-11-13T00:22:50.607Z
d8364f86-b40a-4a21-b4ea-3a072f81ad65,AMBS Real Estate Development,,"","AMBS Real Estate Development — это девелоперская компания, стремящаяся предложить рынку современные жилые решения. Фирма фокусируется на архитектурных инновациях и создании пространств, которые улучшают качество жизни резидентов. Хотя компания может действовать как бутик-девелопер, их внимание к деталям и выбор локаций направлены на привлечение как инвесторов, так и конечных пользователей, ищущих современный комфорт.","",2025-11-13T00:22:50.613Z
46e76115-ab28-4baa-935d-4f3dc1c816bb,AMIS Properties,https://files.alnair.ae/uploads/2024/8/a5/b4/a5b4b2d03ac2b581dd38a78baa1ed6c1.png,"","AMIS Properties сочетает инновационный дизайн, превосходные удобства и первоклассные локации для создания портфолио элитной недвижимости, превосходящего ожидания. С первого дня совершенство дизайна лежит в основе философии AMIS. Обязательства компании выходят за рамки простого выполнения проектов — они стремятся переопределить концепцию роскошной жизни. Эксклюзивные резиденции, безупречно спроектированные отмеченными наградами архитекторами, являются воплощением утонченности и могут похвастаться деталями, созданными для удовлетворения самого взыскательного вкуса.","{https://files.alnair.ae/uploads/2024/8/a5/b4/a5b4b2d03ac2b581dd38a78baa1ed6c1.png;https://files.alnair.ae/uploads/gallery_photo/2025/1/20/e7/20e74d4aaeca90094b9cb62291e6af35.jpg;https://files.alnair.ae/uploads/gallery_photo/2025/10/b1/08/b1085d6cc5dd76ed67837312fb2cdd14.jpg;https://files.alnair.ae/uploads/gallery_photo/2025/4/52/3d/523d0ecf3dd81fb9f1d945b5b5e61f48.png;https://files.alnair.ae/uploads/gallery_photo/2024/8/0d/a1/0da118a81756e0972c68fced7978496f.jpg}",2025-11-13T00:22:50.618Z
18eed437-aff4-468c-9276-76682d9f5455,AMWAJ Development,https://files.alnair.ae/uploads/2025/5/f5/0b/f50b48fe3e47123bffe5abbece4c9a7e.jpg,"","AMWAJ Development — ведущий девелопер в Дубае, следующий миссии предоставлять инновационные и экологически чистые решения. Опираясь на опытную команду лидеров с более чем 25-летним международным стажем, компания специализируется на создании современных семейных жилых пространств премиум-класса (например, Starlight Park). Их цель — создавать знаковые объекты с высококачественной отделкой и интеграцией умных технологий, способствуя развитию космополитичного сообщества и повышению качества городской жизни.","{https://files.alnair.ae/uploads/2025/5/f5/0b/f50b48fe3e47123bffe5abbece4c9a7e.jpg;https://files.alnair.ae/uploads/gallery_photo/2025/5/9d/bf/9dbfeb03f0e1dac8cf572541ef796ae1.jpg;https://files.alnair.ae/uploads/gallery_photo/2024/5/a4/ad/a4ada4afd2007cdbf283e47db4bd3a3b.jpg;https://files.alnair.ae/uploads/gallery_photo/2025/5/32/c0/32c03e5c4a91fb09ce9f743da5476e8b.jpg;https://files.alnair.ae/uploads/gallery_photo/2024/12/15/64/156487d642e612022155d37de3e6381a.jpg}",2025-11-13T00:22:50.624Z
8730a63f-14b3-4ab5-a169-e6834c2759b6,ARADA,https://files.alnair.ae/uploads/2025/10/cc/6e/cc6e912a3da38df2e6c746f38768153b.jpg,"","Созданная с целью предоставления превосходной недвижимости, ARADA (совместное предприятие KBW Investments и Basma Group) стремится к своевременной сдаче проектов. Новая компания опирается на огромный опыт своих основателей. Потенциальным жителям и инвесторам предлагается качественный опыт проживания ARADA Living и возможности владения эргономично спроектированными домами. Бренд ARADA стал синонимом надежности и ценности для конечного пользователя (проекты Aljada, Masaar, Jouri Hills).","{https://files.alnair.ae/uploads/2025/10/cc/6e/cc6e912a3da38df2e6c746f38768153b.jpg;https://files.alnair.ae/uploads/gallery_photo/2025/10/6c/95/6c95991a5cc5435300e8292ea63042c2.jpg;https://files.alnair.ae/uploads/gallery_photo/2023/7/6a/00/6a00e810cbe595bd13f769c9db983033.png;https://files.alnair.ae/uploads/gallery_photo/2023/7/d0/c7/d0c7530a56aa2804f31e623768adb2c3.png;https://files.alnair.ae/uploads/gallery_photo/2024/1/69/50/69509e3c38da9aa34c8bd90ca02abd8a.jpg;https://files.alnair.ae/uploads/gallery_photo/2023/5/a9/6b/a96bf643af2c1f3e196fd8cf8d55ffb7.jpg;https://files.alnair.ae/uploads/gallery_photo/2024/12/1d/1b/1d1b9ccede71770161cb057f38489492.jpg;https://files.alnair.ae/uploads/gallery_photo/2024/9/c5/36/c536b4ef442b86447cc9d34682f4f488.jpg;https://files.alnair.ae/uploads/gallery_photo/2023/6/da/f4/daf46b10ed0999bd1c16df3275f1c693.jpg;https://files.alnair.ae/uploads/gallery_photo/2023/10/25/69/25698b686fdf388f90f8f6cb9dfbc385.png;https://files.alnair.ae/uploads/gallery_photo/2024/5/d1/dd/d1ddc5738eefdb699cbb6a9dfaf5e503.jpg;https://files.alnair.ae/uploads/gallery_photo/2025/6/71/73/7173c94cd00b357e8a048abe16624ec0.png;https://files.alnair.ae/uploads/gallery_photo/2023/11/ed/d8/edd82b82c4a894e97396a073f11ad1e4.png;https://files.alnair.ae/uploads/gallery_photo/2024/6/35/5a/355a66fac379dfd3f04f50461e42380a.jpg;https://files.alnair.ae/uploads/gallery_photo/2025/9/f4/8e/f48e7265aff62a72e7a74afefba98367.jpg;https://files.alnair.ae/uploads/gallery_photo/2025/9/99/a0/99a0ba7cf77ad1c37313ae8f9710a9c9.jpg;https://files.alnair.ae/uploads/gallery_photo/2023/5/15/f0/15f02ede6c540ed43cb48583d6deb014.png;https://files.alnair.ae/uploads/gallery_photo/2024/10/1c/c8/1cc8ff700575f37a266669fcdc84e4c4.jpg;https://files.alnair.ae/uploads/gallery_photo/2025/1/92/f6/92f6ac0049934ddf4c02f2786e778e75.jpg;https://files.alnair.ae/uploads/gallery_photo/2025/4/1e/88/1e889ef9b3a81893113ac6bd82466c9f.jpg;https://files.alnair.ae/uploads/gallery_photo/2024/8/fe/af/feaff42ad884861568fba410191886d5.jpg;https://files.alnair.ae/uploads/gallery_photo/2025/10/ed/e5/ede5ddb3e58f145853ced23a70d7d60c.jpg;https://files.alnair.ae/uploads/gallery_photo/2024/12/ba/38/ba382e0cd428f9fe5b43024e8fe713aa.jpg;https://files.alnair.ae/uploads/gallery_photo/2025/3/2d/1a/2d1a35d2354a92fbea217132cea10b46.jpg;https://files.alnair.ae/uploads/gallery_photo/2023/5/04/d2/04d20da090ab812b7edff19a4ff51a56.png;https://files.alnair.ae/uploads/gallery_photo/2025/3/47/a6/47a6cc8b8ac5500cad88f75e6399c022.jpg;https://files.alnair.ae/uploads/gallery_photo/2024/2/b5/cb/b5cbfa3b4175960747eee422f57b2705.jpg;https://files.alnair.ae/uploads/gallery_photo/2025/3/a5/ff/a5ffdbef17ac690937db98c9c8fc780f.jpg;https://files.alnair.ae/uploads/gallery_photo/2025/3/0c/a5/0ca54e88697945decc196dc5815575d3.jpg;https://files.alnair.ae/uploads/gallery_photo/2023/5/0a/50/0a506ba409ffff44746b503572c557cd.jpg;https://files.alnair.ae/uploads/gallery_photo/2023/5/a0/57/a05770c409c0a68db717390f0802c611.png;https://files.alnair.ae/uploads/gallery_photo/2023/6/a8/a0/a8a0a370323e6b3e9a77ed5b0a0f0335.png;https://files.alnair.ae/uploads/gallery_photo/2023/6/b9/1d/b91dd1f12ce134772947e6cbaf267df5.jpg;https://files.alnair.ae/uploads/gallery_photo/2023/10/91/30/91304e6cf2b6b2d8218ee605d8f0a303.png;https://files.alnair.ae/uploads/gallery_photo/2023/11/0d/59/0d599939f3e28d449d33ebacb4c46cb1.png}",2025-11-13T00:22:50.629Z
3f75b45e-6f1c-4ce2-b2ad-a2929db8fcff,ARIB Developments,https://files.alnair.ae/uploads/2024/5/4a/64/4a64c7a59d68e9b87ad4a08e7b2dbb65.png,"","ARIB Real Estate Development Company находится в авангарде инноваций в сфере недвижимости, предлагая опыт роскошной жизни на фоне захватывающих городских пейзажей. Обширный опыт компании в индустрии гарантирует, что каждый проект является образцом утонченности, комфорта и легкого доступа к городским удобствам. ARIB стремится создавать дома, которые становятся не просто местом жительства, а символом статуса.","{https://files.alnair.ae/uploads/2024/5/4a/64/4a64c7a59d68e9b87ad4a08e7b2dbb65.png;https://files.alnair.ae/uploads/gallery_photo/2025/7/c5/f4/c5f45bda5494475d59ce1e75ec3c4db9.jpg;https://files.alnair.ae/uploads/gallery_photo/2025/3/68/f6/68f66496cc2ee6c1edaa813a785978e5.jpg;https://files.alnair.ae/uploads/gallery_photo/2024/5/cb/e1/cbe101d51d92d3496e903011a219e788.png}",2025-11-13T00:22:50.640Z
1bdfa9b6-f1dd-4626-8bdd-3b40942b0c55,AUM Development,https://files.alnair.ae/uploads/2025/8/9a/fa/9afabe94852c3749c3150bcc4353cdde.jpg,"","AUM Developers — «Энергия созидания, воплощенная в архитектуре». AUM символизирует изначальную вибрацию, породившую Вселенную. Вдохновленная этой энергией, компания превращает идеи в жилые пространства, где архитектура становится проводником вдохновения. В основе философии AUM лежит слияние древних индийских традиций (принципы Васту) и передовых технологий (BIM, умные системы). Каждый проект — это экосистема нового поколения, где человеческая жизнь, природа и технологии сосуществуют в гармонии.","{https://files.alnair.ae/uploads/2025/8/9a/fa/9afabe94852c3749c3150bcc4353cdde.jpg;https://files.alnair.ae/uploads/gallery_photo/2025/8/67/01/67019e80de8e88cbe7afe055a1a25561.jpg}",2025-11-13T00:22:50.634Z
bfaf5309-a7cc-4459-bd41-99cf7f5d8b08,AYAT Development,https://files.alnair.ae/uploads/2025/5/78/94/7894d2f22ae748bc8e41eb78290c4cc2.jpg,"","AYAT Development — ведущая компания в сфере недвижимости и строительства, занимающаяся преобразованием городских ландшафтов. Компания специализируется на приобретении земли, разработке и завершении проектов, реализуя высококачественные жилые, коммерческие и промышленные объекты, включая мега-проекты в рамках жилищной программы Шейха Зайда. Приверженная инновациям и честности, AYAT формирует будущее недвижимости с помощью устойчивых и успешных решений.","{https://files.alnair.ae/uploads/2025/5/78/94/7894d2f22ae748bc8e41eb78290c4cc2.jpg;https://files.alnair.ae/uploads/gallery_photo/2025/5/af/ed/afed3429228177f28a2abeac7d057b3e.png}",2025-11-13T00:22:50.645Z
597f8941-207a-4b36-91fb-ef1f16a5471b,AYS Property Development,https://files.alnair.ae/uploads/2023/6/3b/b4/3bb4af092ceed94bf4c585c472c97ffa.png,"","AYS Developments — ведущая девелоперская компания с подтвержденным опытом в сфере недвижимости и лайфстайл-объектов. Обладая значительным присутствием на ключевых мировых рынках, компания имеет портфель исключительной недвижимости в России и Финляндии. Миссия AYS в ОАЭ — создавать и предоставлять инвесторам и резидентам стильное жилье и торговые площади, которые отличаются современностью, доступной ценой и качеством, превосходящим текущие рыночные предложения.","{https://files.alnair.ae/uploads/2023/6/3b/b4/3bb4af092ceed94bf4c585c472c97ffa.png;https://files.alnair.ae/uploads/gallery_photo/2024/12/46/37/46371317747e32e782c04d78f27fa2aa.jpg;https://files.alnair.ae/uploads/gallery_photo/2024/6/c9/ba/c9ba6a7d8deafddd31cb54ced0ef1a53.jpg;https://files.alnair.ae/uploads/gallery_photo/2024/10/59/fc/59fccf94a3771bf6cef1c211213f260d.jpg;https://files.alnair.ae/uploads/gallery_photo/2024/2/23/30/23300c0aaf6c6ec128693f608f883008.jpg;https://files.alnair.ae/uploads/gallery_photo/2025/8/54/64/5464bb952dc30394f0fd4aec32eeb57f.jpg;https://files.alnair.ae/uploads/gallery_photo/2025/9/93/12/93125c09c4aa32472cb98944acd07e0b.jpg;https://files.alnair.ae/uploads/gallery_photo/2025/10/e0/7f/e07f495bb234f11b23af5a66523462a1.jpg}",2025-11-13T00:22:50.655Z
66ff71fa-1526-4f4e-a16a-d6b04b7653b5,Abou Eid Real Estate Development,https://files.alnair.ae/uploads/2023/12/5b/67/5b67848dcbc1d28b2cf551e0aa24f963.jpg,"","Abou Eid Real Estate Development — выдающийся мировой лидер в сфере частного девелопмента, известный своими исключительными проектами. Основанная в 1989 году в Ливане, компания за более чем три десятилетия укрепила свои позиции как надежный игрок на рынке. Abou Eid добилась успеха как на внутреннем, так и на международном рынках, произведя революцию в жилом секторе Ближнего Востока благодаря внедрению новаторских таунхаусов. Приверженность инновациям и дальновидность вывели Abou Eid в авангард индустрии.","{https://files.alnair.ae/uploads/2023/12/5b/67/5b67848dcbc1d28b2cf551e0aa24f963.jpg;https://files.alnair.ae/uploads/gallery_photo/2023/12/4f/97/4f971d605d82b7c4977c4ea1f03717a7.jpg;https://files.alnair.ae/uploads/gallery_photo/2025/10/24/32/2432c2c16196b71fab453a3daa1c0fc9.jpg;https://files.alnair.ae/uploads/gallery_photo/2025/3/30/b7/30b7854eef04f81e40c9c8e267202c15.jpg;https://files.alnair.ae/uploads/gallery_photo/2024/12/d7/24/d7245322f021b1c130b59093efe5ae36.jpg}",2025-11-13T00:22:50.650Z
58240475-f332-46f1-b89a-29b46ba3b271,Aces Property Development L.L.C,,"","Aces Property Development (входит в группу Riqueza) — это амбициозный застройщик, который специализируется на создании бутиковых жилых проектов с высокой доходностью. Компания фокусируется на реализации объектов в развивающихся районах Дубая, таких как Jumeirah Village Circle (JVC). Их проекты отличаются современным дизайном, качественной отделкой и вниманием к деталям, предлагая инвесторам и жильцам оптимальное соотношение цены и качества.","",2025-11-13T00:22:50.660Z
f3658fdc-20ca-4b11-a677-05db869756b3,Acube Developers,https://files.alnair.ae/uploads/2024/12/a0/98/a098a41778bdbf9a2013987ec738c6e1.jpg,"","Acube — ориентированный на клиента девелопер, готовый произвести революцию на рынке недвижимости Дубая благодаря стратегическому партнерству с ведущими компаниями ОАЭ. Предлагая комплексные решения, Acube стремится улучшить качество жизни и изменить мышление. Понимая потребности как домовладельцев, так и инвесторов, компания предлагает разнообразное портфолио проектов по всему Дубаю. Связи с первоклассными инвесторами и поставщиками делают Acube лидером в архитектуре и инженерном деле, предлагая инновационные и передовые решения.","{https://files.alnair.ae/uploads/2024/12/a0/98/a098a41778bdbf9a2013987ec738c6e1.jpg;https://files.alnair.ae/uploads/gallery_photo/2024/3/89/ec/89ec27949a279007ac64def0d32df867.jpg;https://files.alnair.ae/uploads/gallery_photo/2024/12/77/9b/779b40ecbc22c911052d4120c4e7134f.jpg;https://files.alnair.ae/uploads/gallery_photo/2023/6/1b/cf/1bcf12be7df679b3ad7f4c282478d3a6.jpg;https://files.alnair.ae/uploads/gallery_photo/2025/4/43/f9/43f9b652d81efe94a29883f12138ee89.jpg}",2025-11-13T00:22:50.666Z
18de2fba-0a1a-4e7b-be94-cdcf66f8e174,Ag Properties,https://files.alnair.ae/uploads/2023/8/df/9b/df9bb1d654d78d2d162ee019d55ef228.jpg,"","См. описание для AG Properties (выше в предыдущих ответах). Это ведущий застройщик элитной недвижимости на Ближнем Востоке с более чем 20-летним опытом, предлагающий жилые и коммерческие проекты, обогащающие жизнь резидентов.","{https://files.alnair.ae/uploads/2023/8/df/9b/df9bb1d654d78d2d162ee019d55ef228.jpg;https://files.alnair.ae/uploads/gallery_photo/2024/10/3f/9b/3f9b3dc2a681b52ec3f80ecfe882e421.jpg;https://files.alnair.ae/uploads/gallery_photo/2025/5/5a/bb/5abb81d38103678f02d28f52014fee9d.jpg;https://files.alnair.ae/uploads/gallery_photo/2024/5/2b/22/2b225fad949c8b608c16d3450b7f0863.jpg;https://files.alnair.ae/uploads/gallery_photo/2024/12/5b/e8/5be8ea91fdfb21b3ea3925c99fbf4e78.jpg;https://files.alnair.ae/uploads/gallery_photo/2024/10/4e/cb/4ecbb8b81881358c491de1e9d2f3498d.jpg;https://files.alnair.ae/uploads/gallery_photo/2023/7/d7/d4/d7d46515c6f23c76d69224410b8e3870.jpg;https://files.alnair.ae/uploads/gallery_photo/2024/12/ed/0b/ed0bc5b9791004fbc7e34c4a8aace8cc.jpg;https://files.alnair.ae/uploads/gallery_photo/2024/12/da/61/da61517f15f2e74b9fc93b7198c1d3cf.jpg;https://files.alnair.ae/uploads/gallery_photo/2023/9/34/7f/347f8807d3ce817fbbccdab328c8f3d6.jpg}",2025-11-13T00:22:50.664Z
18f8a744-a646-40a7-b332-3aa065436e34,Ahmadyar Real Estate Development,https://files.alnair.ae/uploads/2024/6/32/3c/323ce96475b5dcd3a599a4e9652dbec3.png,"","Ahmadyar Developments — маяк престижного образа жизни и инноваций в динамичном ландшафте недвижимости. Уходя корнями в основание Ahmadyar Group в 1992 году, компания расширила свое присутствие в Афганистане, ОАЭ, Турции и Европе. Специализируясь на премиальной недвижимости, Ahmadyar олицетворяет изысканность и совершенство, удовлетворяя вкусы взыскательных клиентов. Стратегический фокус на индивидуальных проектах и обязательство обеспечивать исключительную окупаемость инвестиций позволяют компании переопределять качество жизни в Дубае и за его пределами.","{https://files.alnair.ae/uploads/2024/6/32/3c/323ce96475b5dcd3a599a4e9652dbec3.png;https://files.alnair.ae/uploads/gallery_photo/2025/9/79/4f/794f0208edef3443247d0c752e795193.jpg;https://files.alnair.ae/uploads/gallery_photo/2024/6/86/ca/86caf8da3c6fe1bece3d832a2eb59f4a.png}",2025-11-13T00:22:50.680Z
31716377-4acf-4357-bf6f-ac2a239859a0,Al Ali Property Investment,https://files.alnair.ae/uploads/2025/2/2f/63/2f635b2f54ed1d89337c709f2c7d3a68.jpg,"","Al Ali Property Investment (API) — надежный застройщик в ОАЭ, создающий современные городские сообщества. Каждый проект отличается высоким качеством строительства, продуманной архитектурой и комфортной средой обитания. API фокусируется на домах, отвечающих потребностям современного образа жизни, используя качественные материалы и функциональные планировки. Выбирая перспективные локации с удобным доступом к ключевым достопримечательностям, API заслужила репутацию создателя комфортных жилых кварталов.","{https://files.alnair.ae/uploads/2025/2/2f/63/2f635b2f54ed1d89337c709f2c7d3a68.jpg;https://files.alnair.ae/uploads/gallery_photo/2025/8/7a/88/7a885f70d269e82d8811aabaeebd11ed.jpg;https://files.alnair.ae/uploads/gallery_photo/2024/12/46/43/4643ee115dd162ab461c6b475e7a4bd7.jpg}",2025-11-13T00:22:50.672Z
5d0720ad-27a3-4636-b546-efbf27ca8677,Al Habtoor Group,https://files.alnair.ae/uploads/2022/10/28/c5/28c5ed34d2e1b760760fd139413a807b.jpg,"","Al Habtoor Group, начавшая как небольшая инженерная фирма в 1970 году, сегодня является одним из самых уважаемых конгломератов региона. Под руководством Халафа Ахмада Аль Хабтура группа добилась успеха в гостиничном бизнесе, автопроме, недвижимости и образовании. Подразделение недвижимости включает такие знаковые проекты, как Al Habtoor City (три жилые башни на берегу Дубайского канала) и Al Habtoor Polo Resort. Группа владеет 14 отелями по всему миру (включая Waldorf Astoria Palm Jumeirah) и является дилером Bentley, Bugatti и McLaren. Их проекты являются синонимом динамичного роста и качества.","{https://files.alnair.ae/uploads/2022/10/28/c5/28c5ed34d2e1b760760fd139413a807b.jpg;https://files.alnair.ae/uploads/gallery_photo/2024/1/a4/de/a4decc8fcf713486a1e7fb178cd9ff4f.jpg;https://files.alnair.ae/uploads/gallery_photo/2024/12/e1/53/e153e8e23220e2f7cb68dece2dc0f4a9.jpg;https://files.alnair.ae/uploads/gallery_photo/2022/12/d6/25/d62566ac733cdaf696a595fd07550034.jpg}",2025-11-13T00:22:50.686Z
7b2bb27a-25b8-4f0f-8c7e-44fea0a34191,Al Mawared Properties,https://files.alnair.ae/uploads/2025/3/2e/e3/2ee3fa0029d6010aa01f51947177d6f5.jpg,"","Al Mawared Properties — девелопер из Дубая, специализирующийся на развитии элитной жилой, гостиничной и коммерческой недвижимости. Являясь дочерней компанией Al Mawared Investment (одной из крупнейших инвестиционных компаний Персидского залива), они обладают сильной финансовой базой. Заметные проекты включают Barari Hills и Barari Parkview в Дубае. Компания также активна в Саудовской Аравии. Их миссия — создавать стильные и современные объекты, превосходящие текущие предложения рынка по качеству.","{https://files.alnair.ae/uploads/2025/3/2e/e3/2ee3fa0029d6010aa01f51947177d6f5.jpg;https://files.alnair.ae/uploads/gallery_photo/2025/3/7a/ca/7acafadb52cfa28e4f6b84455dde4c25.jpg}",2025-11-13T00:22:50.675Z
fc3994d3-f40e-45c4-b3bf-c018b203ed62,Al Sayyah Group,https://files.alnair.ae/uploads/2024/11/08/67/0867d37e043386aa8e5d7c10ef667a93.jpg,"","Al Sayyah Real Estate Group — видная инвестиционная и девелоперская компания, основанная Мохаммедом Аль-Сайяхом, дальновидным лидером с более чем 35-летним опытом. Основанная в 2000 году, группа стала ведущим именем в индустрии, известным своими проектами (например, Sulafa Tower в Dubai Marina, Blue Bay Tower). Видение компании сочетает творчество с роскошной жизнью, предлагая исключительные возможности для инвестиций и обеспечивая высокое качество недвижимости для своих клиентов.","{https://files.alnair.ae/uploads/2024/11/08/67/0867d37e043386aa8e5d7c10ef667a93.jpg;https://files.alnair.ae/uploads/gallery_photo/2025/1/04/e1/04e18a6a19108f60aacefe7c10fd50bc.jpg}",2025-11-13T00:22:50.688Z
f1bd2405-8065-436d-9330-88ff9ee3df0f,Al Seeb Real Estate Development,https://files.alnair.ae/uploads/2024/7/94/22/94226e30241fa55e0cd9061c60faa8f2.png,"","Опираясь на 29-летний опыт, Al Seeb Real Estate Development (часть Al Safeer Group) построила наследие, основанное на отличной репутации в сфере жилых, гостиничных и торговых проектов. Под эгидой группы работает команда из 3500 профессионалов. Портфолио включает элитные дома, отели с лучшим соотношением цены и качества и удобные торговые центры. Компания гарантирует безопасность инвестиций благодаря ноу-хау и знанию рынка. Каждый проект создается с вниманием к деталям, превращая будущее в настоящее.","{https://files.alnair.ae/uploads/2024/7/94/22/94226e30241fa55e0cd9061c60faa8f2.png;https://files.alnair.ae/uploads/gallery_photo/2025/2/c5/71/c571276d56ad2c2ff7d033f8fb9b927a.jpg;https://files.alnair.ae/uploads/gallery_photo/2024/7/49/98/4998a9c58cb86046fe06a7abc9194feb.jpg;https://files.alnair.ae/uploads/gallery_photo/2024/8/2d/d1/2dd1488c203658fcd566d329a87c8194.jpg;https://files.alnair.ae/uploads/gallery_photo/2022/12/ae/d7/aed74c9cc7322b7a065d33d5e79d935b.jpg;https://files.alnair.ae/uploads/gallery_photo/2024/7/8f/53/8f535f960862d9fe61181ef48c71cb1f.jpg;https://files.alnair.ae/uploads/gallery_photo/2024/7/50/0a/500a0ffbfd806658a298d3813f48bf95.png;https://files.alnair.ae/uploads/gallery_photo/2024/7/e2/f5/e2f5693d734202877570a9b643f2e53e.jpg}",2025-11-13T00:22:50.678Z
ca029c0d-c7c3-46ab-96f3-ddc35fc4e200,Al Tareq Star Real Estate Development,,"","Al Tareq Star — это девелоперская компания, которая фокусируется на нишевых жилых проектах в Дубае. Они стремятся предложить покупателям качественное жилье с продуманными планировками в развивающихся районах. Компания делает акцент на доступности и функциональности, ориентируясь на средний сегмент рынка и инвесторов, ищущих стабильный доход от аренды.","",2025-11-13T00:22:50.683Z
82128baf-cfcc-48ee-862e-44ebf3c2a469,Alaia Developments,https://files.alnair.ae/uploads/2025/2/49/c8/49c8c65a315c5e84b487e401de4f2952.jpg,"","Alaia Developments стремится охватить и возвысить стиль жизни, обеспечивая плавное сочетание роскоши, устойчивости и качества. Обладая более чем двадцатилетним опытом инвестирования в регионе, Alaia Developments сосредоточена на расширении своего портфолио элитной недвижимости, устанавливая новые стандарты в дизайне, мастерстве, сервисе и элегантности.","{https://files.alnair.ae/uploads/2025/2/49/c8/49c8c65a315c5e84b487e401de4f2952.jpg;https://files.alnair.ae/uploads/gallery_photo/2025/2/0a/0e/0a0e1e334eb51b3d97a4f0c87912aca9.jpg}",2025-11-13T00:22:50.692Z
ff926e31-677b-44f0-b249-26594fd52524,Albait Al Duwaliy Real Estate Development,https://files.alnair.ae/uploads/2025/5/e0/ba/e0ba8390c701fee36b0e57c67b1bf608.png,"","Базирующаяся в Дубае, Al Bait Al Duwaliy — это больше, чем просто девелоперская компания. Мы — проводники возможностей, обладающие видением и опытом, чтобы превращать пространства в удивительные места. Сочетая искусство, инновации и современные подходы, мы работаем по самым высоким стандартам, создавая проекты мирового класса, которые повышают качество жизни в зонах freehold в ОАЭ. Наша приверженность качеству отражается в тщательном внимании к деталям и использовании первоклассных материалов по конкурентным ценам.","{https://files.alnair.ae/uploads/2025/5/e0/ba/e0ba8390c701fee36b0e57c67b1bf608.png;https://files.alnair.ae/uploads/gallery_photo/2024/5/47/6b/476b46da77d8032f95185f5b9501f2e9.jpg}",2025-11-13T00:22:50.695Z
dc512e5b-c468-4cb4-84bb-0dd0c228e9a0,Aldar,,"","См. описание для Aldar Properties выше. Это ведущий девелопер Абу-Даби, расширяющий свое влияние на Дубай, известный своими инновационными и устойчивыми проектами, такими как Yas Island и Saadiyat Island.","",2025-11-13T00:22:50.698Z
4fc7ac50-05b2-4387-b361-b561ca807d61,Alta Real Estate Development,,"","Alta Real Estate Development — это бутик-девелопер, специализирующийся на эксклюзивных жилых проектах, таких как Mr. C Residences Jumeirah. Компания сотрудничает с всемирно известными архитекторами и дизайнерами, чтобы создавать уникальные, брендированные резиденции, которые предлагают непревзойденный уровень сервиса и эстетики для сверхбогатых клиентов.","",2025-11-13T00:22:50.700Z
f0e8c8cf-b4aa-4d92-8199-d40f8833a855,Amaal Development,,"","Amaal Development — это амбициозный застройщик, который фокусируется на создании инновационных жилых проектов, отвечающих потребностям современного рынка. Компания стремится предлагать недвижимость, которая сочетает в себе функциональность, стиль и доступность, ориентируясь на создание комфортной среды для семей и молодых профессионалов.","",2025-11-13T00:22:50.709Z
35c8718c-8ba8-4bb8-97f3-7d53d4785aa8,Amirah Developments,https://files.alnair.ae/uploads/2025/2/be/c3/bec35732384a4ac9a59ac29d44baef54.png,"","Amirah Development — недавно созданная девелоперская компания в Дубае, призванная переопределить городской горизонт своим визионерским подходом. Основанная Мухаммадом Юсуфом Джафрани, опытным предпринимателем с более чем 15-летним стажем в ОАЭ, Amirah Development привносит свежий взгляд на рынок. Приверженность качеству, инновациям и совершенству побуждает компанию создавать исключительные жилые пространства, сочетающие роскошь, комфорт и устойчивость.","{https://files.alnair.ae/uploads/2025/2/be/c3/bec35732384a4ac9a59ac29d44baef54.png;https://files.alnair.ae/uploads/gallery_photo/2025/10/cc/ef/ccefe91238e11aea8733b041d1e31a7a.jpg;https://files.alnair.ae/uploads/gallery_photo/2025/2/6e/a1/6ea14893f00831b19a67ac7d111a3288.jpg}",2025-11-13T00:22:50.704Z
708d8fe8-8124-45bc-b92d-d3efb099a7a6,Anax Developments,https://files.alnair.ae/uploads/2024/9/63/47/63478d408ed92a294011d32c0b841ef7.jpg,"","См. описание для Anax Developments в предыдущем блоке. Компания, руководствующаяся стратегическим инвестиционным подходом, стремится создавать доступную роскошь, воплощая мечты в реальность через мастерство и инновации (проект Vento Tower).","{https://files.alnair.ae/uploads/2024/9/63/47/63478d408ed92a294011d32c0b841ef7.jpg;https://files.alnair.ae/uploads/gallery_photo/2024/9/2b/0f/2b0f1174ab6cfcb6f8586f4b3907f27b.jpg;https://files.alnair.ae/uploads/gallery_photo/2025/9/e8/a8/e8a89ca3fb1fd65aff38ba96cc555dde.jpg;https://files.alnair.ae/uploads/gallery_photo/2025/8/57/84/5784f61f1575c3946e32f9fe4883741e.jpg}",2025-11-13T00:22:50.706Z
66b510e5-77c7-4f99-aac2-b046865bbd39,Aqua,https://files.alnair.ae/uploads/2023/5/4c/16/4c16b64685a63d462260ed296868962e.jpg,"","Основанная в 2005 году, AQUA Properties утвердилась на рынке как известная, удостоенная наград компания благодаря инновационному подходу. Располагая современным офисом на Sheikh Zayed Road, AQUA предлагает экспертные консультации с командой сертифицированных RERA профессионалов. Компания предоставляет полный спектр услуг: от маркетинга и брокериджа до управления недвижимостью и девелопмента (проекты O Ten, The Community). AQUA также запустила Global REIT — первый в мире REIT на основе блокчейна.","{https://files.alnair.ae/uploads/2023/5/4c/16/4c16b64685a63d462260ed296868962e.jpg;https://files.alnair.ae/uploads/gallery_photo/2023/12/91/93/91930fb319b8c4a780e9cc1ef8779218.jpg;https://files.alnair.ae/uploads/gallery_photo/2023/7/f3/39/f33954c1a7ee8be8218a4507dbb0f908.png;https://files.alnair.ae/uploads/gallery_photo/2024/11/c0/66/c06609cc4cd97d191ebaa9a63fff6fd6.jpg;https://files.alnair.ae/uploads/gallery_photo/2024/12/3d/21/3d211a30422acbc761f4579ac7952a39.jpg;https://files.alnair.ae/uploads/gallery_photo/2023/7/d0/16/d01674927b7c5b7707166f9abb3a4ef7.jpg;https://files.alnair.ae/uploads/gallery_photo/2023/7/d6/a2/d6a2b0687724d81bc96796fbe1ac9309.jpg;https://files.alnair.ae/uploads/gallery_photo/2023/7/c1/f6/c1f61331a75261f1255523ec6d57ec6c.png}",2025-11-13T00:22:50.712Z
2cb9242d-33be-4c8c-86db-16dd333db8fd,Arabian Gulf Properties,https://files.alnair.ae/uploads/2025/5/54/ee/54ee81b81788f8c6766abd7fadf83a41.jpg,"","Arabian Gulf Properties — выдающийся девелопер в ОАЭ, известный приверженностью совершенству и инновациям. Основанная в 1978 году, компания выросла в ведущего застройщика элитной недвижимости на Ближнем Востоке. Arabian Gulf Properties выделяется прочными связями с ведущими институтами, внедрением систем управления качеством и соблюдением экологических политик. Фокусируясь на удовлетворенности клиентов и инновационном дизайне, компания продолжает формировать горизонт Дубая.","{https://files.alnair.ae/uploads/2025/5/54/ee/54ee81b81788f8c6766abd7fadf83a41.jpg;https://files.alnair.ae/uploads/gallery_photo/2024/10/dc/6a/dc6a28f3cc65c2766c2c2236af85793b.jpg;https://files.alnair.ae/uploads/gallery_photo/2024/7/ab/a2/aba2b7e4ffd0f7fa02b3a6b4f3d29563.jpg;https://files.alnair.ae/uploads/gallery_photo/2024/12/cb/15/cb15e03554db7dd812ca17b7de0b1ce6.jpg;https://files.alnair.ae/uploads/gallery_photo/2023/12/88/f0/88f06a542073ae400d82e929b06d8732.jpg;https://files.alnair.ae/uploads/gallery_photo/2024/9/30/19/3019b88888736d50fc5c9252d9389cb0.jpg}",2025-11-13T00:22:50.715Z
b8acf6e1-91a1-4cb7-92c4-3bf4003572c4,Arady Properties,https://files.alnair.ae/uploads/2025/4/8c/cf/8ccf3687701848433255eabd3f29076a.jpg,"","См. описание выше для Arady Properties. Это официальное юридическое наименование компании, известной своими стратегическими инвестициями и партнерствами в ключевых финансовых и жилых районах ОАЭ.","{https://files.alnair.ae/uploads/2025/4/8c/cf/8ccf3687701848433255eabd3f29076a.jpg;https://files.alnair.ae/uploads/gallery_photo/2025/4/98/3a/983a7e8375eef5bc030c60db04094386.jpg}",2025-11-13T00:22:50.718Z
74d43f44-caa8-4609-9bf7-20daf1bd5551,Aras Development,,"","Aras Group — это компания, которая занимается девелопментом бутиковых проектов, таких как Alya и Aras Residence. Они фокусируются на создании доступного, но качественного жилья в таких районах, как Majan и Dubai South, предлагая инвесторам привлекательные планы выплат и высокую доходность от аренды.","",2025-11-13T00:22:50.724Z
79d6d281-e731-48ff-9372-b39ac4e4c060,Arete Developments,,"","Arete Developments — это девелопер, ориентированный на создание высококлассных жилых пространств, которые воплощают концепцию «арете» (греч. «добродетель» или «превосходство»). Компания фокусируется на качестве исполнения, внимании к деталям и создании гармоничной среды обитания для своих клиентов.","",2025-11-13T00:22:50.721Z
332aa058-b63a-45eb-bbfd-7b81f98b8084,Arista Properties,,"","Arista Properties — это амбициозный девелопер, который стремится занять нишу в сегменте доступной роскоши. Компания разрабатывает проекты, которые предлагают современные удобства и стильный дизайн по конкурентным ценам, привлекая молодых профессионалов и семьи.","",2025-11-13T00:22:50.727Z
41c6f1ba-29dd-4741-b66a-f2fb5921ff37,Arsenal East,https://files.alnair.ae/uploads/2024/11/b0/b0/b0b0b2343e0d59bd277155cd493d550c.jpg,"","С 1997 года Arsenal задает стандарты роскоши и комфорта в Европе и на Ближнем Востоке. Наши проекты — это не просто недвижимость; это вдохновляющие пространства, где каждая деталь создана с качеством и гармонией. Компания привносит свой богатый международный опыт на рынок ОАЭ, предлагая уникальные архитектурные решения.","{https://files.alnair.ae/uploads/2024/11/b0/b0/b0b0b2343e0d59bd277155cd493d550c.jpg;https://files.alnair.ae/uploads/gallery_photo/2024/9/ea/55/ea553338b9820a9a96bc3d7a407bd80a.jpg}",2025-11-13T00:22:50.730Z
f9f290d9-7a32-4445-b8b4-8b366369c30d,Atmosphere Living,,"","Atmosphere Living (Atmosphere Core) — это динамичная международная гостиничная компания, которая привносит свой опыт в создание элитной жилой недвижимости. В партнерстве с локальными застройщиками (например, с Wakhan Properties для проекта The Atmosphere на островах Al Marjan) они предлагают брендированные резиденции, которые сочетают в себе курортный сервис, изысканный дизайн и уникальную философию ""Радость дарения"".","",2025-11-13T00:22:50.733Z
334acb88-11ed-4d11-81d5-441a2b39e4ae,Avelon Developments,https://files.alnair.ae/uploads/2025/5/89/dd/89dd00d245939b427e63b83308347fdf.jpg,"","Avelon Developments специализируется на создании дизайнерских апартаментов, предлагающих уникальный стиль жизни в сообществе. Компания фокусируется на премиальных удобствах и утонченном дизайне с целью переосмыслить городскую жизнь. Опираясь на опыт устоявшегося семейного бизнеса на рынке недвижимости ОАЭ, Avelon стремится создавать исключительные жилые пространства, сочетающие элегантность и доступность (например, проект Avelon Boulevard). Их клиентоориентированный подход гарантирует уверенность в сроках строительства и лучшие цены на рынке.","{https://files.alnair.ae/uploads/2025/5/89/dd/89dd00d245939b427e63b83308347fdf.jpg;https://files.alnair.ae/uploads/gallery_photo/2025/9/46/ae/46ae5b36bda1878df31b2374c00d3ce1.jpg;https://files.alnair.ae/uploads/gallery_photo/2024/2/d5/0c/d50c3a93f226e57c83cd61b24a17bbb8.jpg}",2025-11-13T00:22:50.738Z
78876391-1d71-4702-a769-c62aab08a107,Avenew Development,https://files.alnair.ae/uploads/2024/12/8a/b5/8ab551f882d22344be3b5bd979343097.png,"","Avenew Development интегрирует передовые технологии как ключевой элемент своей идентичности. Бренд нацелен на преодоление традиционных границ, поддерживая дальновидный подход, который предвосхищает будущие тенденции. Компания специализируется на создании инновационных жилых и коммерческих проектов, которые отвечают потребностям цифровой эпохи.","{https://files.alnair.ae/uploads/2024/12/8a/b5/8ab551f882d22344be3b5bd979343097.png;https://files.alnair.ae/uploads/gallery_photo/2025/9/47/5d/475d6048283b1261a0b833add5a26d7d.png;https://files.alnair.ae/uploads/gallery_photo/2025/4/05/90/0590cf6e90c27537009a11d96bfd72ba.jpg;https://files.alnair.ae/uploads/gallery_photo/2025/7/e7/c4/e7c4ad5efcb6b9cd3d5279174e38ca53.png}",2025-11-13T00:22:50.741Z
e37718ca-3e8f-46a4-99db-7030684e9739,Azizi,https://files.alnair.ae/uploads/2023/2/61/96/61960833617390084dcf04c2b55fa878.jpg,"","Azizi Developments — ведущий частный девелопер в Дубае, основанный в 2007 году. Компания успешно реализовала тысячи объектов в престижных районах, таких как Al Furjan, Meydan (Riviera), Palm Jumeirah и Dubai Healthcare City. Azizi гордится обширным портфелем современных жилых комплексов. Применяя проактивный и прозрачный подход, компания стремится превзойти ожидания, предлагая отличное соотношение цены и качества. Azizi обслуживает более 100 национальностей и имеет в штате более 1200 сотрудников. В планах компании — реализация более 100 проектов стоимостью в миллиарды долларов, включая вторую самую высокую башню в мире.","{https://files.alnair.ae/uploads/2023/2/61/96/61960833617390084dcf04c2b55fa878.jpg;https://files.alnair.ae/uploads/gallery_photo/2025/10/70/df/70df1bc43f67556e2212c9e5dc2fd332.jpg;https://files.alnair.ae/uploads/gallery_photo/2023/2/0a/2e/0a2ea087681a370acb3e2f1cd49e41c7.jpg;https://files.alnair.ae/uploads/gallery_photo/2025/8/e8/47/e84726d48133e8789cb00c0101a38e80.png;https://files.alnair.ae/uploads/gallery_photo/2023/4/cb/29/cb2993394a24cdc7212e47f72d7c37d7.jpg;https://files.alnair.ae/uploads/gallery_photo/2023/2/69/eb/69eb6b9940bc71a5fab9ae1564a47c7a.jpg;https://files.alnair.ae/uploads/gallery_photo/2023/3/db/bf/dbbf43dcb97426f9413340d0abea9d21.jpg;https://files.alnair.ae/uploads/gallery_photo/2024/12/57/36/573660c256c58c783cd74a15627eac80.png;https://files.alnair.ae/uploads/gallery_photo/2023/2/09/4c/094c577d9625761b4756ac58a6cb8d85.jpg;https://files.alnair.ae/uploads/gallery_photo/2024/12/ae/13/ae13ef9790ee3f0a259f2783ac179f9d.jpg;https://files.alnair.ae/uploads/gallery_photo/2024/12/6c/ae/6caedf3a68170fb63dbd5e40fa4e0fc5.png;https://files.alnair.ae/uploads/gallery_photo/2023/2/b1/ca/b1ca6085d7c5a19826dfe543b4e6560b.jpg;https://files.alnair.ae/uploads/gallery_photo/2025/11/4e/5d/4e5d3a7246d6a2523ae04c1405cf0346.jpg;https://files.alnair.ae/uploads/gallery_photo/2025/5/36/30/3630720f794f7de2926718c7d4bc87b9.jpg;https://files.alnair.ae/uploads/gallery_photo/2023/2/47/0c/470c1983bc8860bd83cdeb26b294301a.jpg;https://files.alnair.ae/uploads/gallery_photo/2024/9/32/91/329113e7d6cb38e7b4ca4110459e4478.jpg;https://files.alnair.ae/uploads/gallery_photo/2024/12/b3/c5/b3c570f42a97528993b52f5023517442.png;https://files.alnair.ae/uploads/gallery_photo/2024/1/74/73/74730e4f36e54462276586e8764f3e38.jpg;https://files.alnair.ae/uploads/gallery_photo/2025/11/82/a9/82a94b75e1049a0d6afb1eb26037e4f9.jpg;https://files.alnair.ae/uploads/gallery_photo/2023/6/9b/df/9bdf59e382de6d9f3a323f87175caf77.jpg;https://files.alnair.ae/uploads/gallery_photo/2024/7/84/00/840076ec3703ccc9ffeb3ed9241d9d44.png;https://files.alnair.ae/uploads/gallery_photo/2024/4/ff/48/ff4807780f637bf022ec28f3f49a4461.jpg;https://files.alnair.ae/uploads/gallery_photo/2023/2/72/5d/725d6c1ae61c63ab76e00a4620110d59.jpg;https://files.alnair.ae/uploads/gallery_photo/2023/5/a3/53/a3538782c71eacb010bc5955d38b74c9.jpg;https://files.alnair.ae/uploads/gallery_photo/2025/8/3a/72/3a72f3c31d43f595ced97a7b3f7fcd68.jpg;https://files.alnair.ae/uploads/gallery_photo/2024/11/88/12/881250cc4a1085c2d004c3270944c750.png;https://files.alnair.ae/uploads/gallery_photo/2023/12/3b/ce/3bce3fcd5f2a0c8d4de605f6195daf4e.jpg;https://files.alnair.ae/uploads/gallery_photo/2023/2/ca/61/ca615aa3fb21323077e80af6a6b4cf28.jpg;https://files.alnair.ae/uploads/gallery_photo/2024/1/7b/4c/7b4c03587a5c2ac8dc03c127a5b4b198.jpg;https://files.alnair.ae/uploads/gallery_photo/2025/1/c9/62/c962f830b186d4b7f64de1eea03ff782.jpg;https://files.alnair.ae/uploads/gallery_photo/2025/6/d8/4d/d84dbda94a0a123d47a5f29b22aaa4f7.png;https://files.alnair.ae/uploads/gallery_photo/2025/6/5d/da/5dda971cb242cad7096ee717671255a1.png;https://files.alnair.ae/uploads/gallery_photo/2023/4/8e/7f/8e7fb5331158d85f7eefc9f3b719d126.jpg;https://files.alnair.ae/uploads/gallery_photo/2025/1/bd/15/bd1598bae4b9d1f9455efe08262bc384.jpg;https://files.alnair.ae/uploads/gallery_photo/2024/12/da/66/da66ecf804d0585ba15ba26b754fc3b1.png;https://files.alnair.ae/uploads/gallery_photo/2024/3/df/b0/dfb06c36b7b6b9fea4fd47f24fc1bdb2.jpg;https://files.alnair.ae/uploads/gallery_photo/2025/6/50/0f/500f9e46acbbecbbadffbc377689b358.jpg;https://files.alnair.ae/uploads/gallery_photo/2025/6/f3/2e/f32ed6053e962de4f3bc1dc19b44d060.jpg;https://files.alnair.ae/uploads/gallery_photo/2025/9/e0/ed/e0ed0d87e71a8289c736a5e11cf02733.jpg;https://files.alnair.ae/uploads/gallery_photo/2025/6/e2/31/e2318ea6efef1026c121e414befeb335.jpg;https://files.alnair.ae/uploads/gallery_photo/2024/7/8b/75/8b755932b8826ba96f3ba4475bfc155a.jpg;https://files.alnair.ae/uploads/gallery_photo/2025/4/ff/c0/ffc07b6a267efc69455591d8b7c726d0.jpg;https://files.alnair.ae/uploads/gallery_photo/2025/7/46/b1/46b1e4eee40bc8b520c0ece2d6450fb2.jpg;https://files.alnair.ae/uploads/gallery_photo/2025/1/28/00/28009736e2583d347e10bd07ef1a2af4.jpg;https://files.alnair.ae/uploads/gallery_photo/2024/12/d7/64/d7648c403ecd0e36de776b3eafa97cc0.png;https://files.alnair.ae/uploads/gallery_photo/2025/8/bd/98/bd982da49158442fef31b6ef6d12d72b.jpg;https://files.alnair.ae/uploads/gallery_photo/2024/11/c8/0f/c80f1fb3a6486cb80127c9dfaf04db4a.jpg;https://files.alnair.ae/uploads/gallery_photo/2025/10/2d/a6/2da640a348cfb576df0573da47d590d2.jpg;https://files.alnair.ae/uploads/gallery_photo/2025/10/2a/51/2a51c25bfb97d78376a5628d54934527.jpg;https://files.alnair.ae/uploads/gallery_photo/2024/11/55/01/5501b94ee960ce3b0382695d1f5d6dd2.jpg;https://files.alnair.ae/uploads/gallery_photo/2024/12/3f/49/3f49fa5144b01a602f3ed972fcb976cb.jpg;https://files.alnair.ae/uploads/gallery_photo/2025/10/35/d8/35d8516d87188676a78c4a5e5f777078.jpg;https://files.alnair.ae/uploads/gallery_photo/2024/7/08/c7/08c7435190d5c3229948239f6f45f42b.jpg;https://files.alnair.ae/uploads/gallery_photo/2023/8/8d/1a/8d1a9f148ef7084d2e45309a92fcef94.jpg;https://files.alnair.ae/uploads/gallery_photo/2023/8/80/4d/804da03a6c8e4fb3eecf9574d953abe9.png;https://files.alnair.ae/uploads/gallery_photo/2025/5/65/15/6515b8a61114c71dee5827c7fc3ac8b0.jpg;https://files.alnair.ae/uploads/gallery_photo/2025/6/ca/ff/cafff9383af21693a46715cd2bdf525a.jpg;https://files.alnair.ae/uploads/gallery_photo/2025/5/63/99/6399721f16a6bbdb2f4a1acfe932bc8d.jpg;https://files.alnair.ae/uploads/gallery_photo/2025/10/fe/c2/fec23d0d7f55d365e52b7f108bfea957.png;https://files.alnair.ae/uploads/gallery_photo/2025/10/19/e6/19e64283889a78433cc0af343267cab0.jpg;https://files.alnair.ae/uploads/gallery_photo/2023/2/32/e5/32e5f63eee9e4feeef698a31722b1fcb.jpg;https://files.alnair.ae/uploads/gallery_photo/2024/7/6f/cb/6fcb9e997645f7bc61954c1ed63c6b68.png;https://files.alnair.ae/uploads/gallery_photo/2023/6/d0/34/d03486f6f605edc81f72acb35e99598d.jpg;https://files.alnair.ae/uploads/gallery_photo/2023/11/ab/2a/ab2a55d08ac4368bb9eb8195f62ae8f5.jpg;https://files.alnair.ae/uploads/gallery_photo/2023/3/27/8e/278ef4c0d1b563977a61aba7d08c0405.jpg;https://files.alnair.ae/uploads/gallery_photo/2023/6/8f/4e/8f4e698942e0bda612fea29ee218a07a.jpg;https://files.alnair.ae/uploads/gallery_photo/2022/12/50/9c/509c45b2b6b5d1217dfc0997468718bb.jpg;https://files.alnair.ae/uploads/gallery_photo/2023/2/fc/94/fc9462a8ba19c8c940322d472ba6b3f2.jpg;https://files.alnair.ae/uploads/gallery_photo/2023/4/4f/a8/4fa88d32228b35aea6c1f08977886bfb.jpg;https://files.alnair.ae/uploads/gallery_photo/2023/2/2a/27/2a2709e3b0306fbce9d384f388ffcd11.jpg;https://files.alnair.ae/uploads/gallery_photo/2023/3/12/aa/12aaa6cf50b54675e94605095e7f47f2.jpg;https://files.alnair.ae/uploads/gallery_photo/2023/3/fe/98/fe982ccf2a6a83e5321fe3b5fc58c5d8.jpg;https://files.alnair.ae/uploads/gallery_photo/2022/12/d6/3c/d63c476873e4fccb7cfe0d13cb802bb1.jpg;https://files.alnair.ae/uploads/gallery_photo/2023/3/a2/6b/a26b5912269ba0a6fffb6ac3be8443ff.jpg;https://files.alnair.ae/uploads/gallery_photo/2023/6/5d/bf/5dbfa59c201fd9703f29897edf25febf.jpg;https://files.alnair.ae/uploads/gallery_photo/2023/6/0c/38/0c386ce3b4d6a955ddabe124c0f66b59.jpg;https://files.alnair.ae/uploads/gallery_photo/2024/12/76/97/769705d66503f27ebf830844d8a46745.jpg;https://files.alnair.ae/uploads/gallery_photo/2024/12/ec/dc/ecdc47ad565d8dee5d80189267196c6b.png;https://files.alnair.ae/uploads/gallery_photo/2023/2/c8/84/c8848687eee65a08e8fc0ec8ce786c1b.jpg;https://files.alnair.ae/uploads/gallery_photo/2023/3/18/80/1880c6ffcb22af5e0f782636e04c6820.jpg;https://files.alnair.ae/uploads/gallery_photo/2023/3/6d/4f/6d4f1ef422c102066ef8bd1a8bdcf9f6.jpg;https://files.alnair.ae/uploads/gallery_photo/2024/12/a0/bc/a0bc5c7ada4b4b282dff9beb4009948c.jpg;https://files.alnair.ae/uploads/gallery_photo/2024/12/b7/b7/b7b79d31fde2db0b24db423f0c6f490e.png;https://files.alnair.ae/uploads/gallery_photo/2023/3/7e/9e/7e9e671b27c3d22211faf76d9024e0e3.jpg;https://files.alnair.ae/uploads/gallery_photo/2023/2/89/62/89628d7465714135244a3012e41a633d.jpg;https://files.alnair.ae/uploads/gallery_photo/2023/6/1f/a3/1fa3a1052aac51dbe43a416038e49d33.jpg;https://files.alnair.ae/uploads/gallery_photo/2023/6/8a/f6/8af6993fe2216420955c32fa27600f78.jpg;https://files.alnair.ae/uploads/gallery_photo/2023/2/ad/03/ad0392c9d9b5daa75c591a34f196f05e.jpg;https://files.alnair.ae/uploads/gallery_photo/2023/2/c8/95/c895f6f4ac0b9b072681cd29d98280c5.jpg;https://files.alnair.ae/uploads/gallery_photo/2024/12/4e/51/4e5163a978a249750d73a38253840f5b.png;https://files.alnair.ae/uploads/gallery_photo/2024/12/05/df/05dfcca74dc4105a4dcdd731934ea2a2.png;https://files.alnair.ae/uploads/gallery_photo/2024/12/6c/f4/6cf4ccd7607e41916efe145a82c4d7c5.png;https://files.alnair.ae/uploads/gallery_photo/2023/2/5f/7e/5f7e49e9375c436286e3ccf12b4de2cc.jpg;https://files.alnair.ae/uploads/gallery_photo/2023/2/82/ae/82ae33aee98783754a1f89a38a531c41.jpg;https://files.alnair.ae/uploads/gallery_photo/2023/2/c3/f8/c3f87d67b94e755aabf05ea2379ebaf3.jpg;https://files.alnair.ae/uploads/gallery_photo/2024/12/6b/d4/6bd44f411b0716e5d83fbdc530a6fc4b.png;https://files.alnair.ae/uploads/gallery_photo/2022/12/c1/f5/c1f5789644779f964d6145e0f6d3c15b.jpg;https://files.alnair.ae/uploads/gallery_photo/2023/2/c2/f0/c2f0a4a57986de40eb1a8d93865d9780.jpg;https://files.alnair.ae/uploads/gallery_photo/2023/2/37/9b/379b54fa3fb6ba29248f8ecbca7fefe0.jpg;https://files.alnair.ae/uploads/gallery_photo/2023/3/97/ff/97ffa7115d60776e88a7041329b63f2f.jpg;https://files.alnair.ae/uploads/gallery_photo/2023/4/55/f3/55f38626479acc21b7f6c70dd735be27.jpg}",2025-11-13T00:22:50.758Z
c4183fc7-7499-42ab-866b-de528386225b,B N H Real Estate Developer,https://files.alnair.ae/uploads/2024/8/5b/d0/5bd0fda80775748ea32e3773f6ad08b0.jpg,"","См. описание для B N H Real Estate Developer выше. Это альтернативное написание названия той же компании, известной своими амбициозными проектами в сфере элитной недвижимости.","{https://files.alnair.ae/uploads/2024/8/5b/d0/5bd0fda80775748ea32e3773f6ad08b0.jpg;https://files.alnair.ae/uploads/gallery_photo/2025/5/0f/ef/0fefd4d4a3798fd32ff2593de227b0d4.jpg;https://files.alnair.ae/uploads/gallery_photo/2024/2/92/39/923979b8bac1064c6017cb7a92613004.jpg;https://files.alnair.ae/uploads/gallery_photo/2023/10/47/d5/47d5acb2f536b00496d40aaa6df9176c.jpg;https://files.alnair.ae/uploads/gallery_photo/2025/5/29/61/29616d1d913d3d40c3162393af149c14.jpg;https://files.alnair.ae/uploads/gallery_photo/2023/2/7e/c3/7ec32890622f01c8a52f40ff6201af6d.jpg;https://files.alnair.ae/uploads/gallery_photo/2023/5/7f/fe/7ffe115aa989da836cfc07f111c0a9ba.jpg;https://files.alnair.ae/uploads/gallery_photo/2023/5/6c/11/6c115e2e855b560ff81acb34d733d2c9.jpg}",2025-11-13T00:22:50.750Z
f2bf41da-9fc0-4d65-b342-aeff2228a36b,BT Properties,https://files.alnair.ae/uploads/2025/5/d7/43/d7434fa46b8637c9b11e088edd697783.png,"","Являясь ведущим частным девелопером Азии, Bahria Town (BT Properties) уже 30 лет трансформирует ландшафты благодаря своему видению и опыту. Движимая приверженностью качеству, компания построила бесчисленное количество домов и масштабную инфраструктуру. Каждый проект способствует укреплению сообществ и поддержке долгосрочного роста. Мы превращаем идеи в знаковые города (мастер-планы), сочетающие современность с функциональностью. Теперь BT Properties приносит свой опыт лидерства в городском развитии и в Дубай.","{https://files.alnair.ae/uploads/2025/5/d7/43/d7434fa46b8637c9b11e088edd697783.png;https://files.alnair.ae/uploads/gallery_photo/2025/5/40/c2/40c21bcd860061840e0266f8f3036e7d.png;https://files.alnair.ae/uploads/gallery_photo/2025/5/e4/47/e447487447fcf6acafc805128f68b1b6.png;https://files.alnair.ae/uploads/gallery_photo/2025/6/d8/a6/d8a660acd263593b3501912b46a0a42c.png;https://files.alnair.ae/uploads/gallery_photo/2025/10/b3/4b/b34b05170aac9855e0a94098961aa2bd.png;https://files.alnair.ae/uploads/gallery_photo/2025/10/4b/3d/4b3d5002205899f28d427b1341b0663a.png;https://files.alnair.ae/uploads/gallery_photo/2025/5/75/0d/750dfae926b07545330e705161e74d0f.png}",2025-11-13T00:22:50.761Z
4002cf83-93b0-4f98-b8f0-3cf27f78c07b,Barco Developers,https://files.alnair.ae/uploads/2025/8/c4/8d/c48d6d6b1da49a99f1be3bc163fdb098.png,"","Barco — девелопер из ОАЭ, часть Badami Holding Group, диверсифицированной бизнес-группы с 50-летней историей. Основанная опытными операторами с бэкграундом в недвижимости и финансах, Barco привносит дисциплинированный подход к жилищному строительству. Экспертиза команды в разных секторах и опыт работы в ОАЭ, Европе и Северной Америке лежат в основе модели, построенной на надежности и долгосрочной ответственности.","{https://files.alnair.ae/uploads/2025/8/c4/8d/c48d6d6b1da49a99f1be3bc163fdb098.png;https://files.alnair.ae/uploads/gallery_photo/2025/8/d1/47/d147c89822901b40caf90fc86ada9ea4.png}",2025-11-13T00:22:50.754Z
42a25699-32cf-4ebe-8382-833f0ddb4b69,Beyond,https://files.alnair.ae/uploads/2024/9/b0/b3/b0b3c46a78ca420114fed58d13d8217b.jpg,"","См. описание выше для Beyond. Это юридическое наименование бренда, который позиционирует себя как создатель сверхроскошных и инновационных жилых пространств под эгидой Omniyat.","{https://files.alnair.ae/uploads/2024/9/b0/b3/b0b3c46a78ca420114fed58d13d8217b.jpg;https://files.alnair.ae/uploads/gallery_photo/2023/3/09/aa/09aa4593b65aebcdede1d50be5e1a5e8.jpg;https://files.alnair.ae/uploads/gallery_photo/2024/9/2f/63/2f63af41709e0ca28eda2e5e0aad7cfd.jpg;https://files.alnair.ae/uploads/gallery_photo/2025/5/6e/6b/6e6bce0e353782ec25486384c32dba33.png;https://files.alnair.ae/uploads/gallery_photo/2025/7/6e/55/6e55fe3f3b3657132bcd48f75ba6b6e3.png;https://files.alnair.ae/uploads/gallery_photo/2025/7/50/93/5093f8527e90df6622081ab51bc5af9e.png;https://files.alnair.ae/uploads/gallery_photo/2025/10/a7/ee/a7ee53ebe1e23775415f9a11d8a5c8c9.jpg;https://files.alnair.ae/uploads/gallery_photo/2024/12/bd/4e/bd4e5deadaa91cfedde768db44bc4956.jpg;https://files.alnair.ae/uploads/gallery_photo/2025/4/1d/87/1d87cb657a81c75b8dc922a9df087264.png;https://files.alnair.ae/uploads/gallery_photo/2025/3/20/cf/20cf8d231c022bf230c6542b5c0cef57.jpg;https://files.alnair.ae/uploads/gallery_photo/2024/12/e5/f9/e5f95a3b0c06237d8443f1d6f40965ae.jpg}",2025-11-13T00:22:50.768Z
9303c3c1-7675-4f97-8166-40c67acf4351,Binghatti,https://files.alnair.ae/uploads/2023/2/b1/72/b172d12abf1764c980bb6d386799d771.jpg,"","Binghatti — крупная эмиратская девелоперская компания, базирующаяся в Дубае. Это один из крупнейших застройщиков в ОАЭ, известный своим культовым архитектурным стилем (выразительные балконы и цвета). Компания является лидером в сегменте доступного люкса и премиального жилья. Binghatti активно сотрудничает с мировыми брендами, такими как Bugatti, Mercedes-Benz и Jacob & Co, создавая архитектурные шедевры, меняющие горизонт Дубая.","{https://files.alnair.ae/uploads/2023/2/b1/72/b172d12abf1764c980bb6d386799d771.jpg;https://files.alnair.ae/uploads/gallery_photo/2025/9/f6/f7/f6f7aec168ee7690e536a3715a82f606.jpg;https://files.alnair.ae/uploads/gallery_photo/2023/3/a4/84/a484a2c5edf9bfc96e7e78adbb8f35cf.jpg;https://files.alnair.ae/uploads/gallery_photo/2023/6/a9/dd/a9dd158a94354e264dabf94fda89d59f.jpg;https://files.alnair.ae/uploads/gallery_photo/2023/4/96/f2/96f2f5a453cd2da8388f79243d83c49c.jpg;https://files.alnair.ae/uploads/gallery_photo/2025/11/eb/3f/eb3ff8a052b484824df3782b8a71ed56.jpg;https://files.alnair.ae/uploads/gallery_photo/2023/10/50/98/50987a7d7db69bb7e5f48557e8b7ce05.jpg;https://files.alnair.ae/uploads/gallery_photo/2023/10/5f/ce/5fce2800e6be8682828c795f58c5c629.jpg;https://files.alnair.ae/uploads/gallery_photo/2024/9/c8/1d/c81d913542f4a44c096fb8cb6e9da731.jpg;https://files.alnair.ae/uploads/gallery_photo/2024/9/60/4e/604ecbd44ed325460a2491dbc4075b94.jpg;https://files.alnair.ae/uploads/gallery_photo/2023/10/31/b9/31b9e23876bfed8b376873f137b98cba.jpg;https://files.alnair.ae/uploads/gallery_photo/2023/9/58/49/5849c533972b71885b1762de81b73052.png;https://files.alnair.ae/uploads/gallery_photo/2024/4/6c/80/6c80be39f546dd03a22856bd91627c9c.jpg;https://files.alnair.ae/uploads/gallery_photo/2023/10/04/11/0411ba99c25d6a0a07bb1b6f542d70b1.png;https://files.alnair.ae/uploads/gallery_photo/2024/5/78/d6/78d66ad1edc15f26212fe3fc24df695d.jpg;https://files.alnair.ae/uploads/gallery_photo/2024/1/a8/61/a861bc21f8808b21b46f8b0213177dd7.jpg;https://files.alnair.ae/uploads/gallery_photo/2024/7/a9/0d/a90d8309a86341db92b297e5716b5270.png;https://files.alnair.ae/uploads/gallery_photo/2024/6/b7/7f/b77fde7cbb3704ea332fb8d76f7c75b0.jpg;https://files.alnair.ae/uploads/gallery_photo/2024/12/0e/bb/0ebb2a0d1f88c2845ea008ee609dc285.jpg;https://files.alnair.ae/uploads/gallery_photo/2024/7/c4/ef/c4ef8685614407e405f9ff79da34371d.jpg;https://files.alnair.ae/uploads/gallery_photo/2024/10/2e/bc/2ebccee1a1e83a28e69f582d228e6eef.jpg;https://files.alnair.ae/uploads/gallery_photo/2024/7/f3/6c/f36c26378e9306f83ddc29b87c100932.jpg;https://files.alnair.ae/uploads/gallery_photo/2024/3/18/7c/187cadb784e7bbe81a7b2e52deec7a59.jpg;https://files.alnair.ae/uploads/gallery_photo/2024/12/8d/57/8d57c9603f1d424b71e0f0c0e94b8ea4.jpg;https://files.alnair.ae/uploads/gallery_photo/2024/7/b8/89/b889332bdb73f225dc2d483858d0c44c.png;https://files.alnair.ae/uploads/gallery_photo/2025/7/70/3d/703d7c4f64f63f9ae1133ad87141e095.png;https://files.alnair.ae/uploads/gallery_photo/2024/7/05/73/05733aca423b9322ba1b52478c561684.png;https://files.alnair.ae/uploads/gallery_photo/2025/10/13/fe/13fe25e532e86c27768cac8ce80ffb04.jpg;https://files.alnair.ae/uploads/gallery_photo/2025/7/d4/80/d480f05a6080b13b0154540829a9aadd.jpg;https://files.alnair.ae/uploads/gallery_photo/2024/9/45/57/4557b5f18c2f9c07396549cc27459720.jpg;https://files.alnair.ae/uploads/gallery_photo/2025/3/41/2a/412afcf214a39509c4485e3ae200e0ba.jpg;https://files.alnair.ae/uploads/gallery_photo/2024/7/14/dd/14dd9eec1a25cdcbec7f069f26303268.jpg;https://files.alnair.ae/uploads/gallery_photo/2024/2/6d/3e/6d3ea42deae32a3c1fa08e02b6aa4b51.jpg;https://files.alnair.ae/uploads/gallery_photo/2025/2/51/5a/515acae838b356d4567e746ca5e074f4.jpg;https://files.alnair.ae/uploads/gallery_photo/2024/2/78/0e/780eccc78c912b89ee4885e744d1cdb3.jpg;https://files.alnair.ae/uploads/gallery_photo/2024/12/9c/e2/9ce2044252116075ddad6d80ea4b00a2.jpg;https://files.alnair.ae/uploads/gallery_photo/2025/6/d5/3e/d53e2b8ed301bca3f15e795d081425a2.jpg;https://files.alnair.ae/uploads/gallery_photo/2024/12/5a/9a/5a9a34f737949661f0a23c00db617327.png;https://files.alnair.ae/uploads/gallery_photo/2025/7/50/49/50497dc20e65e6e1e13b6ca95a517a03.jpg;https://files.alnair.ae/uploads/gallery_photo/2025/3/6b/c3/6bc396e467d10f94a4733ee7c4248c39.jpg;https://files.alnair.ae/uploads/gallery_photo/2025/10/a3/06/a30600b7aca10c0ec706557e37b35249.jpg;https://files.alnair.ae/uploads/gallery_photo/2025/9/e3/ad/e3ad0c589d3286bf1c8bacf4d26bf6aa.jpg;https://files.alnair.ae/uploads/gallery_photo/2025/3/d6/92/d69274264291ca644101b18d8d4a1839.jpg;https://files.alnair.ae/uploads/gallery_photo/2023/10/36/89/3689c26e752072f6c19b3c3b2f40ba5f.jpg;https://files.alnair.ae/uploads/gallery_photo/2025/9/40/96/4096f72a6da142b0cddb3403994cc7e5.jpg;https://files.alnair.ae/uploads/gallery_photo/2023/6/8d/de/8ddeb5839754c8aeaf62726a5535bfdb.jpg;https://files.alnair.ae/uploads/gallery_photo/2023/6/72/66/7266dbf53b826941ada870774ffe5f89.jpg;https://files.alnair.ae/uploads/gallery_photo/2023/6/ac/cd/accd7af1cb2ddec4251f01d7a2e24498.jpg;https://files.alnair.ae/uploads/gallery_photo/2023/6/df/e5/dfe5fc50225a35b2b8da6befc10520ed.jpg;https://files.alnair.ae/uploads/gallery_photo/2025/4/f0/5e/f05e682c66f6487befdc91a1bc8f6eab.jpg;https://files.alnair.ae/uploads/gallery_photo/2022/12/e3/21/e3211dd2a7923d56508aa2f397a36fa6.jpg;https://files.alnair.ae/uploads/gallery_photo/2023/3/18/1b/181b3c7cc433f69f5529cd7fdb11fdc3.jpg;https://files.alnair.ae/uploads/gallery_photo/2023/5/d3/44/d344c20ab1328b5c9b2eb8b09e8d4c02.jpg;https://files.alnair.ae/uploads/gallery_photo/2023/6/c0/b0/c0b086c91a0fced20213f5563980e029.jpg;https://files.alnair.ae/uploads/gallery_photo/2024/12/94/9d/949d4b3a67e1c7b40d939350dc78ed48.jpg;https://files.alnair.ae/uploads/gallery_photo/2024/12/07/bf/07bf49c7448f416f46ec73793ca74c32.jpg;https://files.alnair.ae/uploads/gallery_photo/2023/6/1b/96/1b96a3b9211d90a77c5561c5571965fb.jpg;https://files.alnair.ae/uploads/gallery_photo/2023/6/97/a4/97a41381b52b99601013f30050bf673c.jpg;https://files.alnair.ae/uploads/gallery_photo/2025/6/5b/94/5b94313d8e48d55d1cd45f7fc40c9c06.jpg;https://files.alnair.ae/uploads/gallery_photo/2023/2/df/61/df6139d6878bbecbdfe584320739ce85.jpg;https://files.alnair.ae/uploads/gallery_photo/2024/12/5d/74/5d742880e3322e926a67c68676e07965.jpg;https://files.alnair.ae/uploads/gallery_photo/2023/6/aa/b4/aab4449494b92e63ca5e69fc5a40cf85.jpg;https://files.alnair.ae/uploads/gallery_photo/2023/9/25/6d/256d4fb63a6af9d2b69a05c9c52c642b.png;https://files.alnair.ae/uploads/gallery_photo/2023/10/3b/1b/3b1bdd5a6c7841073ae844ce5627df1f.png;https://files.alnair.ae/uploads/gallery_photo/2024/12/cc/b2/ccb2eb1dc3de68343cc9ed18b9130e98.jpg;https://files.alnair.ae/uploads/gallery_photo/2024/7/42/bf/42bfb9122f18ae7f1f39b9d7d9fd0c80.jpg;https://files.alnair.ae/uploads/gallery_photo/2023/9/9d/79/9d795564263b34e21e34411a202ec78b.png;https://files.alnair.ae/uploads/gallery_photo/2022/12/98/dd/98dd616eeb069feb014dc9c6c87d4d49.jpg;https://files.alnair.ae/uploads/gallery_photo/2024/12/33/f7/33f72606ef4cdc2b23a584ae1d74c666.jpg}",2025-11-13T00:22:50.743Z
38e2ed3a-375b-4dee-965c-2b60df0ee7dd,Black Soil,,"","BlackSoil Real Estate Development — это инвестиционно-девелоперская компания, которая фокусируется на создании качественных активов в секторе жилой и коммерческой недвижимости. Они стремятся реализовывать проекты, которые предлагают высокую добавленную стоимость через эффективное управление и стратегическое расположение.","",2025-11-13T00:22:50.756Z
92e99485-4149-4bea-9b53-4f45a5f9c9ee,Bling Development,,"","Bling Development — это девелопер, который стремится привнести блеск и гламур в рынок недвижимости Дубая. Компания фокусируется на создании элитных жилых проектов с уникальным дизайном и высококлассными удобствами, ориентируясь на клиентов, которые ценят статус и исключительность.","",2025-11-13T00:22:50.765Z
d4fc0ad8-fcb1-4e65-8ecb-b3fd34f3ae28,Bloom Heights Properties L.L.C,https://files.alnair.ae/uploads/2024/7/f0/7e/f07e7ee2a15cadab02f892306cf72953.jpg,"","См. описание ниже для Bloom Holding. Bloom Heights — это один из успешных проектов компании в JVC, но юридически структура связана с холдингом.","{https://files.alnair.ae/uploads/2024/7/f0/7e/f07e7ee2a15cadab02f892306cf72953.jpg;https://files.alnair.ae/uploads/gallery_photo/2024/12/5c/a5/5ca50b011dc541da84dbf224ed53248e.jpg;https://files.alnair.ae/uploads/gallery_photo/2024/7/55/80/558074e51809146a91ddee06a8329d99.jpg}",2025-11-13T00:22:50.776Z
313367d4-34f8-49cb-ac4b-a2679676acf6,BnW Developments,https://files.alnair.ae/uploads/2024/6/89/ec/89ec0455df07d71774e54863246bef8d.jpg,"","BnW Developments специализируется на первоклассном девелопменте, превращая визионерские концепции в роскошную реальность (например, проекты в JVC). Помимо недвижимости, BnW преуспевает в разнообразных инвестициях, управлении проектами и капиталом, а также в создании стратегических альянсов, обеспечивая всесторонний и устойчивый рост для своих партнеров.","{https://files.alnair.ae/uploads/2024/6/89/ec/89ec0455df07d71774e54863246bef8d.jpg;https://files.alnair.ae/uploads/gallery_photo/2025/6/cf/61/cf61f4ff24f18f61da07ffd1d8859ba9.jpg;https://files.alnair.ae/uploads/gallery_photo/2025/1/5f/0d/5f0df6321d1fef57c8db629d91cee773.jpg;https://files.alnair.ae/uploads/gallery_photo/2025/10/18/6e/186e6cd166ab168d3d582e98592c9e9d.jpg;https://files.alnair.ae/uploads/gallery_photo/2025/9/d1/63/d163919480d34aa94cbb05775f8e41c8.jpg;https://files.alnair.ae/uploads/gallery_photo/2024/6/9a/40/9a403e78d757d980fb86dae14fe7ba77.jpg;https://files.alnair.ae/uploads/gallery_photo/2025/4/88/eb/88ebf0c82c44b4a3910d8199dcd6f380.jpg;https://files.alnair.ae/uploads/gallery_photo/2025/4/85/92/8592b23b1beb918f57053f54ce73ecc9.jpg;https://files.alnair.ae/uploads/gallery_photo/2025/9/45/d6/45d6e388c572d9267822259d41cb608b.jpg;https://files.alnair.ae/uploads/gallery_photo/2025/4/d8/50/d850329bc33fec725a1ac0ece364ce18.jpg;https://files.alnair.ae/uploads/gallery_photo/2025/9/5b/49/5b4905de1903f6ba1150fb84507bcf34.jpg}",2025-11-13T00:22:50.770Z
fcb7db07-8dbd-4a20-bced-5b0399c7b6ef,Bold Living,https://files.alnair.ae/uploads/2025/10/fe/7d/fe7db6fd62fc6aabb6754ef0e7bd81dc.png,"","Bold Living формирует горизонт завтрашнего дня своим смелым видением. Мы строим больше, чем просто пространства. Компания позиционирует себя как современного застройщика, активно использующего цифровые технологии и инновационный дизайн для создания уникальных жилых проектов.","{https://files.alnair.ae/uploads/2025/10/fe/7d/fe7db6fd62fc6aabb6754ef0e7bd81dc.png;https://files.alnair.ae/uploads/gallery_photo/2025/10/19/48/1948e8c67015baa8a9ca78d4d098de45.jpg}",2025-11-13T00:22:50.773Z
f704b19a-23fe-4bbb-8139-2cb43f5148ed,Bonyan International Investment Group,https://files.alnair.ae/uploads/2025/5/83/34/83341fb109594f59c6ccd77355ea5aae.jpg,"","National Investment Corporation (NIC) — это девелопер из Абу-Даби, известный развитием района волнореза (Breakwater), где находится Marina Mall. Компания фокусируется на создании знаковых развлекательных, торговых и жилых объектов, которые способствуют развитию туризма в столице.","{https://files.alnair.ae/uploads/2025/5/83/34/83341fb109594f59c6ccd77355ea5aae.jpg;https://files.alnair.ae/uploads/gallery_photo/2025/5/a0/83/a08386d0bcfe7db02d81aa9013b94555.png;https://files.alnair.ae/uploads/gallery_photo/2024/9/88/1f/881fe7776a105ee76c8cc2554afeafd5.png;https://files.alnair.ae/uploads/gallery_photo/2025/2/c0/9f/c09fb47f0bb3f7476208b50a48c8fcaf.jpg}",2025-11-13T00:22:50.778Z
c93920ab-4d42-4b05-96fa-4b9231407d22,C Fourteen,https://files.alnair.ae/uploads/2024/11/b0/ad/b0ad99db6f01391bc38d515701309477.png,"","C Fourteen — строительная компания, работающая в Дубае. Они участвуют в реализации различных проектов, специализируясь на качественном выполнении подрядных работ и девелопменте нишевых объектов недвижимости.","{https://files.alnair.ae/uploads/2024/11/b0/ad/b0ad99db6f01391bc38d515701309477.png;https://files.alnair.ae/uploads/gallery_photo/2024/12/81/8e/818ece76b352a7737b425a8ee75a67f5.png}",2025-11-13T00:22:50.784Z
f858dce2-3492-4e97-85ac-9c426b817c94,CDS Developments,https://files.alnair.ae/uploads/2025/10/14/c2/14c26504fb45a88a6c22fd75cc6cec34.jpg,"","В CDS мы выходим за рамки строительства зданий — мы создаем доверие, комфорт и чувство принадлежности. Руководствуясь мировым опытом, мы здесь, чтобы переопределить значение жизни в ОАЭ. Работая с 1999 года, компания зарекомендовала себя как надежный партнер в создании качественной жилой среды.","{https://files.alnair.ae/uploads/2025/10/14/c2/14c26504fb45a88a6c22fd75cc6cec34.jpg;https://files.alnair.ae/uploads/gallery_photo/2025/10/4f/8d/4f8d5afffd8f26a3638bde9eba2e886b.jpg}",2025-11-13T00:22:50.782Z
fdfcf67d-2416-4f81-bcec-eac6511b670f,Calgary Properties,https://files.alnair.ae/uploads/2025/10/25/5d/255d943e8a04912039c502d00406dc16.jpg,"","Calgary Properties — девелопер, специализирующийся на инвестиционных проектах в Дубае (например, в JVC). Компания предлагает премиальную недвижимость на стадии пре-лонча, включая апартаменты и таунхаусы. Их предложения отличаются современным дизайном, высокими стандартами строительства и конкурентными ценами, привлекая инвесторов, ищущих высокую доходность и капитализацию.","{https://files.alnair.ae/uploads/2025/10/25/5d/255d943e8a04912039c502d00406dc16.jpg;https://files.alnair.ae/uploads/gallery_photo/2025/10/fd/9d/fd9dfac040e509f534d87f3019fb40e8.jpg}",2025-11-13T00:22:50.789Z
258af291-c297-4ab2-9fd2-f9ad7cd8abc0,Casa Vista & Golden Woods Developers,https://files.alnair.ae/uploads/2024/6/f0/51/f051a3c27f1d08aa5b09246d884615f6.jpg,"","Инновации в дизайне: каждый проект — это симфония инноваций, смешивающая архитектурные чудеса с практическими решениями. Подход, ориентированный на клиента, гарантирует, что ваши стремления направляют процесс разработки. Непоколебимое качество: от начала до завершения мы придерживаемся высочайших стандартов. Присоединяйтесь к Casa Vista & Golden Woods Developers, где каждый проект (например, в JVT) является свидетельством нашей приверженности созданию экстраординарного образа жизни.","{https://files.alnair.ae/uploads/2024/6/f0/51/f051a3c27f1d08aa5b09246d884615f6.jpg;https://files.alnair.ae/uploads/gallery_photo/2024/6/ee/99/ee995bb690a61f0aa3c9a024353ae0a3.jpg}",2025-11-13T00:22:50.787Z
266860db-9956-456b-87a7-ecc5702a1663,Casa Vista Development,,"","См. описание ниже для Casa Vista & Golden Woods Developers в предыдущем ответе. Бренд фокусируется на создании инновационных жилых проектов с клиентоориентированным подходом.","",2025-11-13T00:22:50.792Z
818899f1-ae5c-4e1a-bfb7-016f5783b830,Casagrand,https://files.alnair.ae/uploads/2025/9/20/73/20730f1bc39c2ddb23d5fb90ae225479.jpg,"","Casagrand: Шагните в мир вневременного комфорта и утонченной роскоши. Окружите себя дизайном, который учитывает каждую деталь, где ваш комфорт является приоритетом, а приватность и эксклюзивность объединяются, чтобы сделать ваше пребывание уникальным и аутентичным опытом. Casagrand — это международный бренд, который привносит свой опыт в создании уютных и стильных жилых пространств.","{https://files.alnair.ae/uploads/2025/9/20/73/20730f1bc39c2ddb23d5fb90ae225479.jpg;https://files.alnair.ae/uploads/gallery_photo/2025/10/e6/71/e671f69ca9879e050c8ac99d9d4dca77.jpg}",2025-11-13T00:22:50.801Z
415584f1-fcc6-478b-8ad9-c8fd1a6f2d59,Centurion Development,https://files.alnair.ae/uploads/2024/9/ab/54/ab54ab81407ff79c04c403cc19bdb712.jpg,"","Royal Centurion Real Estate Development — строительная компания, работающая в Дубае. Это один из известных застройщиков, зарекомендовавший себя как ответственный игрок на рынке недвижимости Дубая благодаря правильному и последовательному строительству. Их проекты (например, Centurion Residences) отличаются качеством и современным дизайном, ориентируясь на создание долгосрочной ценности для инвесторов.","{https://files.alnair.ae/uploads/2024/9/ab/54/ab54ab81407ff79c04c403cc19bdb712.jpg;https://files.alnair.ae/uploads/gallery_photo/2025/5/db/b0/dbb0172ec3349b7441126aff20435e33.png;https://files.alnair.ae/uploads/gallery_photo/2025/1/98/d6/98d6a7b12783e9777ab531e79fa3c8af.jpg;https://files.alnair.ae/uploads/gallery_photo/2025/5/fb/4e/fb4ecb9cf3f3c5f59de4d158774075d5.png;https://files.alnair.ae/uploads/gallery_photo/2024/9/16/15/16156fde6d51980decc8492ee2fcc37a.jpg;https://files.alnair.ae/uploads/gallery_photo/2025/5/ac/c7/acc79be49eb37722e4ebc1049cdf9270.jpg;https://files.alnair.ae/uploads/gallery_photo/2025/5/c7/10/c7105577ab956dd4f3c046f3766fb79e.jpg}",2025-11-13T00:22:50.794Z
9fb054ec-7851-4af2-8994-18da4b61cad1,Cirrera Development,https://files.alnair.ae/uploads/2025/7/2f/f5/2ff522838a79b1bff1a7a20c56eaef2f.png,"","Cirrera Development — новый девелопер в Дубае с международным опытом строительства с 2010 года и более чем 20 завершенными проектами в Москве и Санкт-Петербурге. Команда имеет опыт работы в Италии, Индии, Азербайджане и России. Благодаря собственным техническим решениям, Cirrera обеспечивает на 12% больше полезного внутреннего пространства. Их дебютный проект в ОАЭ представит первоклассный итальянский дизайн интерьера, технологии и мебель.","{https://files.alnair.ae/uploads/2025/7/2f/f5/2ff522838a79b1bff1a7a20c56eaef2f.png;https://files.alnair.ae/uploads/gallery_photo/2025/7/62/b2/62b21ac14c084d79cc8dab08259c690e.jpg}",2025-11-13T00:22:50.804Z
10d85fab-850b-4cef-8e5a-2a67efad0ec5,Citi Developers,https://files.alnair.ae/uploads/2025/10/70/e9/70e9ede0afe2ec35888532aeaa17370b.jpg,"","Обладая более чем десятилетним наследием, Citi Developers гордо позиционирует себя как ведущий мировой мастер-девелопер, известный изменением городских пейзажей. Доверие — их фундамент, а опыт — валюта. Понимая мышление резидентов и инвесторов, Citi применяет эти знания во всем, что делает. Компания приглашает присоединиться к путешествию доверия, инноваций и исключительного опыта жизни, переизобретая ландшафты недвижимости в разных городах (проект Aveline Residences в JVC).","{https://files.alnair.ae/uploads/2025/10/70/e9/70e9ede0afe2ec35888532aeaa17370b.jpg;https://files.alnair.ae/uploads/gallery_photo/2025/10/5e/e7/5ee754ce211190ae21db69e93a050fa7.jpg;https://files.alnair.ae/uploads/gallery_photo/2024/9/a9/94/a9942eb43dcc2c75dfddb484a2f2dd7e.jpg;https://files.alnair.ae/uploads/gallery_photo/2025/3/4d/de/4ddebdfce9b35534dc468756006e6dfb.jpg;https://files.alnair.ae/uploads/gallery_photo/2025/5/de/9e/de9e4067181858b13cca9432d38cff4b.jpg;https://files.alnair.ae/uploads/gallery_photo/2023/11/37/96/37963cf6bbc2c04b582a5171066c4d1e.jpg}",2025-11-13T00:22:50.796Z
f1565327-54c5-465d-aa8e-9f87385936a5,City View Development,https://files.alnair.ae/uploads/2025/6/00/c7/00c7867f5c7d4e104299af352d0f18da.jpg,"","City View Developments — выдающаяся девелоперская компания с многолетним опытом в жилом, коммерческом и гостиничном секторах. Со штаб-квартирой в ОАЭ и значительными операциями в Турции и Грузии, компания имеет глобальное присутствие, охватывая миллионы квадратных футов застройки. City View успешно сотрудничает с ведущими гостиничными брендами, такими как Ennismore (проект SLS Residences), предлагая эксклюзивные брендированные резиденции, сочетающие современный дизайн и непревзойденный комфорт.","{https://files.alnair.ae/uploads/2025/6/00/c7/00c7867f5c7d4e104299af352d0f18da.jpg;https://files.alnair.ae/uploads/gallery_photo/2025/6/23/eb/23eb181fad957621b815fe1d2c6c8818.jpg;https://files.alnair.ae/uploads/gallery_photo/2024/7/15/7e/157e706032c6c72cd32ba260900d5eba.png}",2025-11-13T00:22:50.799Z
26eaec81-b32d-4e3f-ba98-d1079eca3e70,Condor,https://files.alnair.ae/uploads/2025/8/67/95/6795d39e2759275f79dfb4a1bef901dc.png,"","См. описание выше для Condor. Группа известна своей надежностью и качеством строительства, выступая теперь и в роли самостоятельного девелопера.","{https://files.alnair.ae/uploads/2025/8/67/95/6795d39e2759275f79dfb4a1bef901dc.png;https://files.alnair.ae/uploads/gallery_photo/2023/5/1d/c3/1dc370a8968dff9265b2a43ca73ba307.jpg;https://files.alnair.ae/uploads/gallery_photo/2023/4/9f/55/9f55e2878e5ad1bb021d3bd7c1769d22.jpg;https://files.alnair.ae/uploads/gallery_photo/2024/2/9e/51/9e510594512ca491e951b583ffbd2213.jpg;https://files.alnair.ae/uploads/gallery_photo/2025/1/03/8f/038f213a1e95645ea0bf2946112526f1.jpg}",2025-11-13T00:22:50.809Z
224bd386-a638-4c5a-bfa3-d872602349bb,Confident Group,https://files.alnair.ae/uploads/2024/3/64/0d/640d38d6b550ef05abb42c5885df6114.png,"","Confident Group, ведущий индийский девелопер, выделяется непоколебимой приверженностью качеству и вниманием к деталям. Известная созданием исключительных жилых и коммерческих проектов, компания гордится точностью и совершенством. Клиентоориентированный подход отличает их: они ставят во главу угла понимание уникальных потребностей клиентов, стремясь превзойти ожидания. Confident Group стремится не просто строить здания, а создавать образ жизни, резонирующий с мечтами каждого человека (проекты в Дубае: Lancaster).","{https://files.alnair.ae/uploads/2024/3/64/0d/640d38d6b550ef05abb42c5885df6114.png;https://files.alnair.ae/uploads/gallery_photo/2024/10/70/dd/70dda027a3673b48dfd66aa91363e064.jpg;https://files.alnair.ae/uploads/gallery_photo/2024/3/d3/d2/d3d2dd4d426ad685885dc3e2df1d0c09.jpg}",2025-11-13T00:22:50.807Z
41884272-0e8b-49fe-a10a-6c719e76dea8,Credo Investments,https://files.alnair.ae/uploads/2024/9/d8/67/d867c8ed74d6a9c52d7aa8c96653c1c6.jpg,"","См. описание для Credo Investments в предыдущем ответе. Ведущий девелопер элитной недвижимости, известный проектами The Prism и Mon Reve.","{https://files.alnair.ae/uploads/2024/9/d8/67/d867c8ed74d6a9c52d7aa8c96653c1c6.jpg;https://files.alnair.ae/uploads/gallery_photo/2024/10/a0/b1/a0b18a97ed6aba8f290132d4d0755bf7.jpg;https://files.alnair.ae/uploads/gallery_photo/2025/1/49/cf/49cf554d61cae4604dbad88dfc34769e.jpg;https://files.alnair.ae/uploads/gallery_photo/2024/12/2a/80/2a80b65e2a60006beccd09101fe90e07.jpg;https://files.alnair.ae/uploads/gallery_photo/2025/4/ec/a7/eca72e42beab39924c3e1525b77c5a36.jpg;https://files.alnair.ae/uploads/gallery_photo/2025/10/29/36/2936bd90254444490418976364c48bb9.jpg;https://files.alnair.ae/uploads/gallery_photo/2024/10/49/8c/498cd3a6914719aefbaacc702b25c286.jpg}",2025-11-13T00:22:50.816Z
d0ba01d3-dbe8-463b-8386-46671f27729a,Crystal Bay Development,,"","Crystal Bay Development — это девелопер, специализирующийся на создании прибрежных жилых проектов. Компания стремится предлагать недвижимость, которая максимизирует виды на воду и обеспечивает расслабленный курортный стиль жизни. Их проекты часто расположены в перспективных прибрежных зонах.","",2025-11-13T00:22:50.821Z
2a805bf1-6464-454e-ad63-8a036ae532ef,DECA Development,,"","См. описание для DECA Development. Компания выступает партнером по развитию, маркетингу и продажам, предлагая инвесторам привлекательные возможности в Дубае.","",2025-11-13T00:22:50.813Z
f543ee99-80a5-4453-b4db-9e5f55b284de,DHG Real Estate Group,,"","См. описание выше для DHG Properties. Группа управляет обширным портфелем недвижимости в Европе и теперь расширяет свое влияние на Ближний Восток.","",2025-11-13T00:22:50.818Z
a2f2760c-01fc-4a97-8f7b-b2063f09b2d3,DMCC,,"","См. описание выше. Это юридическое лицо, зарегистрированное в свободной зоне DMCC, отвечающее за реализацию флагманского проекта в Jumeirah Lakes Towers.","",2025-11-13T00:22:50.824Z
fdbca2a4-b33b-41fc-95e2-d9986164eee4,DV8 Developers,,"","DV8 Developers — это застройщик, который стремится выделиться на рынке благодаря смелым архитектурным решениям и инновационному дизайну. Компания фокусируется на нишевых проектах, предлагая уникальное жилье для тех, кто ищет что-то отличное от стандартных предложений рынка.","",2025-11-13T00:22:50.828Z
2c835909-d56c-4d98-ab94-cbe8e2a0be9b,Damac,https://files.alnair.ae/uploads/2023/2/87/11/8711de4977ea543b20637d56aae008a7.jpg,"","Частная компания DAMAC Properties работает на рынке жилищного строительства Дубая с 2002 года как подразделение многопрофильной DAMAC Group, основанной в 1982 году. DAMAC удостоена множества престижных наград как лучший девелопер года. Количество объектов, переданных владельцам, приблизилось к 44 тысячам (включая проекты в Лондоне и Саудовской Аравии), и темпы строительства только набирают обороты, что подтверждает стабильный рост и надежность компании. Известна своими мастер-комьюнити DAMAC Hills 1, 2 и Lagoons.","{https://files.alnair.ae/uploads/2023/2/87/11/8711de4977ea543b20637d56aae008a7.jpg;https://files.alnair.ae/uploads/gallery_photo/2024/7/93/10/93104a24aeb34bf4fb16e4b187f745ac.png;https://files.alnair.ae/uploads/gallery_photo/2025/9/91/b7/91b79a26fcf083715ae919ba588e19e1.png;https://files.alnair.ae/uploads/gallery_photo/2024/7/f1/7d/f17df53e515f9f9055c2ccbf116f89a0.jpg;https://files.alnair.ae/uploads/gallery_photo/2023/7/ca/43/ca43287424830ed0bf06e71af04f1731.png;https://files.alnair.ae/uploads/gallery_photo/2023/7/09/6c/096ccb8f4fee0cb4726c0183d9b17447.png;https://files.alnair.ae/uploads/gallery_photo/2023/7/1a/aa/1aaad9a131cea270ea9873a2fee65cc4.jpg;https://files.alnair.ae/uploads/gallery_photo/2024/12/5e/a6/5ea65ad427b3619caee56c14bacc4f2c.png;https://files.alnair.ae/uploads/gallery_photo/2024/3/56/4a/564a3229690e586a374092af0767c863.jpg;https://files.alnair.ae/uploads/gallery_photo/2024/3/7b/3e/7b3e68ce355396719ec29026f1803e95.jpg;https://files.alnair.ae/uploads/gallery_photo/2024/12/8e/f9/8ef91d9a246386bdaf40f9f000c1c074.png;https://files.alnair.ae/uploads/gallery_photo/2023/4/fe/fc/fefc9f6d5a64c7935809910760877f86.jpg;https://files.alnair.ae/uploads/gallery_photo/2023/4/5f/f4/5ff4401bcd00102ce289d1eae67178b2.jpg;https://files.alnair.ae/uploads/gallery_photo/2023/8/5f/34/5f34d3d37bdcd5d6d309764705aba309.png;https://files.alnair.ae/uploads/gallery_photo/2023/4/d6/c4/d6c41bb05c2869cefa8f08d9414fd77b.jpg;https://files.alnair.ae/uploads/gallery_photo/2024/12/9d/0e/9d0e419091330c6682de4bf18fd6299d.jpg;https://files.alnair.ae/uploads/gallery_photo/2024/4/c8/99/c89914d5ab57985fae9a59cf847ff22c.jpg;https://files.alnair.ae/uploads/gallery_photo/2024/4/91/45/9145b49f2a489b58a0b2abf9d832643a.jpg;https://files.alnair.ae/uploads/gallery_photo/2023/8/e5/3e/e53eba0b45848caa82c636e1422aa1a8.jpg;https://files.alnair.ae/uploads/gallery_photo/2023/7/fd/06/fd06c65f37a5959aedf29c092b6e5dfb.jpg;https://files.alnair.ae/uploads/gallery_photo/2024/12/0f/38/0f38cd90b4952cf6ace435909e687a02.jpg;https://files.alnair.ae/uploads/gallery_photo/2024/12/a8/da/a8da07d5b0da3cbd4a2259dc1e4a39ef.jpg;https://files.alnair.ae/uploads/gallery_photo/2025/5/d9/7b/d97bd69c4ec631f2e5a58b0935dd46fe.jpg;https://files.alnair.ae/uploads/gallery_photo/2023/9/4c/c3/4cc3ade44256e4dec4efb7056c095ca9.jpg;https://files.alnair.ae/uploads/gallery_photo/2023/6/0d/01/0d01b3f1c07e5deec38d0fec741c5437.jpg;https://files.alnair.ae/uploads/gallery_photo/2024/4/a1/40/a140ba33f48827a586f90fc5f938f173.jpg;https://files.alnair.ae/uploads/gallery_photo/2024/7/56/cf/56cf8ef0f2a0c83fa155ed0b6777c085.jpg;https://files.alnair.ae/uploads/gallery_photo/2024/12/07/31/07317f11af4b3b3883ef2d8505143f88.png;https://files.alnair.ae/uploads/gallery_photo/2024/4/2b/a6/2ba61033c81275f557e5320dc0de7a9c.png;https://files.alnair.ae/uploads/gallery_photo/2023/4/a3/6c/a36cd1bf8e9a7b6c847ce12c5734e863.jpg;https://files.alnair.ae/uploads/gallery_photo/2024/1/55/4d/554d19fb39c588a6248cfb142e13cb9f.jpg;https://files.alnair.ae/uploads/gallery_photo/2024/1/ac/d4/acd4464aa7325c9d7482c38d9d9cf170.jpg;https://files.alnair.ae/uploads/gallery_photo/2023/5/59/2e/592e5623488f02c85dc902c0bbbb5814.jpg;https://files.alnair.ae/uploads/gallery_photo/2024/1/d0/5b/d05b9e28967635f60b79d647bdc3d33b.jpg;https://files.alnair.ae/uploads/gallery_photo/2023/5/6a/4e/6a4ef0f72deea269b98c12f986d96d53.jpg;https://files.alnair.ae/uploads/gallery_photo/2023/5/40/49/404947c200dbead834a4c1a52c8eef0a.jpg;https://files.alnair.ae/uploads/gallery_photo/2025/1/26/2d/262d13b90c7660805a63a576ca3d7fe0.png;https://files.alnair.ae/uploads/gallery_photo/2024/7/97/db/97db7fef4e49ec4cd28bd2766f2792a1.jpg;https://files.alnair.ae/uploads/gallery_photo/2023/7/14/6e/146e8f7f44f5e39f14998ebf4ea4b25f.jpg;https://files.alnair.ae/uploads/gallery_photo/2024/3/69/dd/69dd840389622257b0aa9c13907a11c3.jpg;https://files.alnair.ae/uploads/gallery_photo/2025/9/d0/7b/d07b24d16dcb448b83910ab8733d6ceb.jpg;https://files.alnair.ae/uploads/gallery_photo/2024/7/98/47/984761d8be065bf3a3f5dfa39439bf84.jpg;https://files.alnair.ae/uploads/gallery_photo/2024/7/20/a7/20a77aaec566c2b05060c22592cdb0d5.png;https://files.alnair.ae/uploads/gallery_photo/2023/2/ac/cb/accbf88f3b8153c874ee5a2bad0f49c8.jpg;https://files.alnair.ae/uploads/gallery_photo/2025/10/44/45/44451ef87e246ff2ae4e163e51c8ab1f.jpg;https://files.alnair.ae/uploads/gallery_photo/2025/1/ba/a3/baa38418e14a3cc48328844016b49ace.jpg;https://files.alnair.ae/uploads/gallery_photo/2025/7/5d/20/5d20caadfaa3ed8e7dd873ef86e364fa.jpg;https://files.alnair.ae/uploads/gallery_photo/2025/7/94/44/9444c6228f3438a8f96bf2fdd233f189.jpg;https://files.alnair.ae/uploads/gallery_photo/2025/7/1a/3b/1a3b67a90075599af99e18e5228932ec.jpg;https://files.alnair.ae/uploads/gallery_photo/2025/1/ef/77/ef77e4cccf77c971820310179306373f.jpg;https://files.alnair.ae/uploads/gallery_photo/2024/12/05/f5/05f54ca8eee54b4c941fec90986451a9.jpg;https://files.alnair.ae/uploads/gallery_photo/2024/1/29/92/299203171fa89310d3b0972f9b50045a.jpg;https://files.alnair.ae/uploads/gallery_photo/2024/1/92/95/9295d3a9ef01d1439eb4ecf5507d9330.jpg;https://files.alnair.ae/uploads/gallery_photo/2024/1/47/79/4779ef64849c577cb05da98d420cf3b5.jpg;https://files.alnair.ae/uploads/gallery_photo/2025/2/17/4e/174ed7d5eef88d0c0a0d7ae44ce804bb.jpg;https://files.alnair.ae/uploads/gallery_photo/2025/2/ee/ae/eeae2edc40bf48645f2831cdad598c64.jpg;https://files.alnair.ae/uploads/gallery_photo/2024/12/44/da/44da6d9c0a9d1c971e22eb44b93df6fb.jpg;https://files.alnair.ae/uploads/gallery_photo/2025/1/07/e0/07e0a6b1382336af09a64a0fa8ee3295.jpg;https://files.alnair.ae/uploads/gallery_photo/2024/7/29/3f/293f8de403c1d6e0b888dceaee294ee7.jpg;https://files.alnair.ae/uploads/gallery_photo/2023/8/31/35/3135e602bf063d0eae20155cd302a6f8.png;https://files.alnair.ae/uploads/gallery_photo/2025/4/b1/8e/b18e5ed7423fe4531b983c51d4612b08.png;https://files.alnair.ae/uploads/gallery_photo/2024/12/33/ee/33eedfa127a4ca03fe21486f2009612f.jpg;https://files.alnair.ae/uploads/gallery_photo/2025/10/62/fb/62fb8420a1442270bf8e79498e617d74.jpg;https://files.alnair.ae/uploads/gallery_photo/2024/1/4e/d8/4ed87caae84fe0cc5f8fbe1f42addd92.jpg;https://files.alnair.ae/uploads/gallery_photo/2023/4/86/dd/86ddd56b39ea84f81f462cdadf87f9b4.jpg;https://files.alnair.ae/uploads/gallery_photo/2024/7/0e/a6/0ea66519ab33ba2fff3338e807baa06d.jpg;https://files.alnair.ae/uploads/gallery_photo/2023/4/11/47/1147247180f11fbb79b834902bab310b.jpg;https://files.alnair.ae/uploads/gallery_photo/2023/4/39/38/39382ecd0059d3b13c813a540a7acd2e.jpg;https://files.alnair.ae/uploads/gallery_photo/2024/12/54/14/5414ff7d6a3366a13f1376236d2f3417.png;https://files.alnair.ae/uploads/gallery_photo/2023/2/2a/60/2a60fedb261cd49801b08a03f1b46025.jpg;https://files.alnair.ae/uploads/gallery_photo/2024/7/ee/b0/eeb02a6977f06745800ed8ead78d4fbc.png;https://files.alnair.ae/uploads/gallery_photo/2023/2/36/65/36656dd0254fbf64560984a9586c7c8c.jpg;https://files.alnair.ae/uploads/gallery_photo/2024/12/29/f1/29f1866afac0a76f47521557ff6c43e5.png;https://files.alnair.ae/uploads/gallery_photo/2024/12/b3/4f/b34fd9a204ed0a9a7f4dccd765002208.jpg;https://files.alnair.ae/uploads/gallery_photo/2022/12/92/20/9220ee4626343bbd690ae2e1f6a4e207.jpg;https://files.alnair.ae/uploads/gallery_photo/2023/4/84/70/8470c49c3c0e47b59f2b221e2e15c826.jpg;https://files.alnair.ae/uploads/gallery_photo/2024/7/14/84/148465d687e7fbe4a935fac1873f0a77.jpg;https://files.alnair.ae/uploads/gallery_photo/2024/7/81/8a/818a84543c8825bcef9a47a5c53143d2.png;https://files.alnair.ae/uploads/gallery_photo/2024/12/58/71/58717f5d7ecbb8e310348f4f7b60d6af.png;https://files.alnair.ae/uploads/gallery_photo/2022/12/00/54/00544409e8299496e4145fd22a3ba857.jpg;https://files.alnair.ae/uploads/gallery_photo/2023/2/79/b5/79b53e595a61a0cbfe19112313ba0ec1.jpg;https://files.alnair.ae/uploads/gallery_photo/2023/4/90/b9/90b9c17e59fbcf4c8b9979d153272f59.jpg;https://files.alnair.ae/uploads/gallery_photo/2024/7/a3/cc/a3ccc1d23123eedb122290b3755ba982.jpg;https://files.alnair.ae/uploads/gallery_photo/2023/7/ab/8e/ab8e2a8dc707b45cc585b7789633c279.jpg;https://files.alnair.ae/uploads/gallery_photo/2024/12/21/30/2130f3c1105c104ef891def25823274a.jpg;https://files.alnair.ae/uploads/gallery_photo/2023/4/3d/5d/3d5d9bab7225591783a54173e24fe16a.jpg;https://files.alnair.ae/uploads/gallery_photo/2024/7/4b/b6/4bb692a9fd2c6266233b378ad2008cd5.png;https://files.alnair.ae/uploads/gallery_photo/2024/7/82/b6/82b623278f8e0d54dad85c89f2a1e240.png;https://files.alnair.ae/uploads/gallery_photo/2024/7/c6/7d/c67d04cf1b2169270e4228b26c9dc69d.jpg;https://files.alnair.ae/uploads/gallery_photo/2023/7/52/66/5266a3d88d0a6ca41875ea2c58b74b3b.jpg;https://files.alnair.ae/uploads/gallery_photo/2022/12/d3/d4/d3d49e9f882527b572893002d4d6d525.jpg;https://files.alnair.ae/uploads/gallery_photo/2023/1/5d/80/5d80f68c8c3029f20c7d1619d094eb8d.jpg;https://files.alnair.ae/uploads/gallery_photo/2024/12/56/65/56658645c79b79b567d92838d736af17.png;https://files.alnair.ae/uploads/gallery_photo/2025/10/42/77/4277f0cc808a95e00356ea82d6ef8841.jpg;https://files.alnair.ae/uploads/gallery_photo/2025/10/42/7b/427b6d87d743bbdcf916103ed9f37b46.jpg;https://files.alnair.ae/uploads/gallery_photo/2025/7/61/9b/619b18b5ff227164e53547e39abb43eb.jpg;https://files.alnair.ae/uploads/gallery_photo/2025/1/48/1f/481f01b6d26d3a04b3d00423fbeb5f24.jpg;https://files.alnair.ae/uploads/gallery_photo/2025/1/5f/3f/5f3f1045093320546fbae8aa82931022.png;https://files.alnair.ae/uploads/gallery_photo/2025/1/25/2c/252c2ab77ba01255bbfb0ecf96111e7a.jpg;https://files.alnair.ae/uploads/gallery_photo/2024/8/56/77/5677bc451c5a968469f7597ed0c927f0.jpg;https://files.alnair.ae/uploads/gallery_photo/2024/11/07/81/07816c70f2dd6a60a83d191ba27bbf27.jpg}",2025-11-13T00:22:50.835Z
520bb6f7-d8e9-4bfd-9bcc-6fe3eabd25bb,Danube,https://files.alnair.ae/uploads/2023/3/ce/cf/cecfd137a1c39320cc6947dac2f6a78a.jpg,"","Danube Group выросла из одного магазина в Дейре 30 лет назад в один из самых надежных брендов Ближнего Востока. Многомиллионная группа работает в 9 странах. Danube Properties, девелоперское подразделение, входит в топ-5 застройщиков ОАЭ. Главное достижение компании — своевременная сдача объектов исключительного качества (концепция 1% план выплат). Danube Building Material — №1 в регионе, а Danube Home — быстрорастущий мебельный бренд. Философия группы — предоставлять исключительное качество и строить долгосрочные отношения. Проекты включают Fashionz, Viewz (с Aston Martin) и другие.","{https://files.alnair.ae/uploads/2023/3/ce/cf/cecfd137a1c39320cc6947dac2f6a78a.jpg;https://files.alnair.ae/uploads/gallery_photo/2023/10/5c/5f/5c5f6d01f2670bbd1a0f178d787b5202.jpg;https://files.alnair.ae/uploads/gallery_photo/2024/12/a2/bd/a2bd495c926ecdf2eb6aad5cb041272e.jpg;https://files.alnair.ae/uploads/gallery_photo/2023/10/98/71/98713524508176c8922b8629b78f9a8f.jpg;https://files.alnair.ae/uploads/gallery_photo/2024/9/09/63/096321aeb634c7725e652b6d5483be42.jpg;https://files.alnair.ae/uploads/gallery_photo/2023/6/40/a7/40a7c28d72dd3f09dcdc9ee5114252d2.jpg;https://files.alnair.ae/uploads/gallery_photo/2023/3/56/54/5654f73984c36b9819079d73a9f1cb0a.jpg;https://files.alnair.ae/uploads/gallery_photo/2023/8/96/3b/963bfa57cdbd04b82c65026ffdcdbe0e.jpg;https://files.alnair.ae/uploads/gallery_photo/2023/3/94/2d/942d3af118e7275a88aef20f275a2aff.jpg;https://files.alnair.ae/uploads/gallery_photo/2024/12/d2/a4/d2a4e27be64bbbbdad2303d5191b65cd.jpg;https://files.alnair.ae/uploads/gallery_photo/2024/12/ca/91/ca91125d3ed8ec6a244ff709b63602d3.jpg;https://files.alnair.ae/uploads/gallery_photo/2023/6/ac/5e/ac5e29b0a9c11c66ae64413185efe1d8.jpg;https://files.alnair.ae/uploads/gallery_photo/2025/5/a1/bf/a1bfad227b5cf56dfb77fe5c3905f61f.png;https://files.alnair.ae/uploads/gallery_photo/2024/12/2b/6f/2b6f34864c4f5789b493fd05c2684f60.jpg;https://files.alnair.ae/uploads/gallery_photo/2024/1/ed/e9/ede9f88d22570f4676a7ff05faacf17e.jpg;https://files.alnair.ae/uploads/gallery_photo/2023/2/ca/b8/cab824468f247d40c84737aeddd2fc95.jpg;https://files.alnair.ae/uploads/gallery_photo/2023/11/0e/1c/0e1cc2b909214ca606185520f5aca6c7.jpg;https://files.alnair.ae/uploads/gallery_photo/2025/9/54/7f/547fb33f3c8d62da593485a468d6f42e.jpg;https://files.alnair.ae/uploads/gallery_photo/2025/6/5b/74/5b74aac550fafc4f221605565f19ac57.jpg;https://files.alnair.ae/uploads/gallery_photo/2025/2/6e/18/6e1878c8ecd79508925fc496ccb03b20.jpg;https://files.alnair.ae/uploads/gallery_photo/2025/4/ac/a7/aca76068f559e16c4ca8a7852bb0e63e.jpg;https://files.alnair.ae/uploads/gallery_photo/2024/12/bd/3c/bd3c5dde4753f91b32a19345bb033b9b.jpg;https://files.alnair.ae/uploads/gallery_photo/2023/10/2a/7f/2a7f455dd9adc156062974b33c1954bc.jpg;https://files.alnair.ae/uploads/gallery_photo/2024/12/65/96/659682fa31a40cb0bbec8323c141ec96.jpg;https://files.alnair.ae/uploads/gallery_photo/2023/10/00/df/00df510e77b5e1c9f396e9f08c4953af.jpg;https://files.alnair.ae/uploads/gallery_photo/2023/1/41/bf/41bffd81b8f332ba4fdc744cd6302d63.jpg;https://files.alnair.ae/uploads/gallery_photo/2023/10/9c/49/9c49200a423a49f285cfd47102c0c0e4.jpg;https://files.alnair.ae/uploads/gallery_photo/2023/3/37/7a/377a5b18c4719174a448250af996b710.jpg;https://files.alnair.ae/uploads/gallery_photo/2024/12/0a/2a/0a2a8d7599b6c569578ce07f9eeb6f0b.jpg;https://files.alnair.ae/uploads/gallery_photo/2023/10/75/4a/754a1f015def0a748d0e010074724d51.jpg;https://files.alnair.ae/uploads/gallery_photo/2023/10/d8/c1/d8c183d2f866615f3cb16193baeed9a1.jpg;https://files.alnair.ae/uploads/gallery_photo/2023/10/00/c6/00c63963d82c4a07bde00737ab4c257d.png;https://files.alnair.ae/uploads/gallery_photo/2023/10/cb/2c/cb2c9a32435d80152c4d56b5c30be97e.jpg;https://files.alnair.ae/uploads/gallery_photo/2024/7/cf/f9/cff92d02ecdb2aa3ecdecf85b7b44aa1.jpg;https://files.alnair.ae/uploads/gallery_photo/2024/12/78/6c/786c12a403177de19ac0891a0397ef2b.jpg;https://files.alnair.ae/uploads/gallery_photo/2024/9/60/00/600026431e3504e092ba7762384e6e0c.jpg;https://files.alnair.ae/uploads/gallery_photo/2022/12/7f/6d/7f6d9a025d114b43c201ef0d6627713e.jpg}",2025-11-13T00:22:50.830Z
be6f86ad-596a-4c0b-b86c-cbe294f6c026,Dar Al Arkan Properties,https://files.alnair.ae/uploads/2024/7/86/e4/86e409ed64725dd8ea54a095eb494fbf.jpg,"","Dar Al Arkan Properties L.L.C, дочерняя компания саудовского гиганта Dar Al Arkan, — видный девелопер на рынке элитной недвижимости Дубая. Известная приверженностью архитектурному совершенству, компания сотрудничает с мировыми дизайнерами (Pagani, Missoni) для создания знаковых проектов. Основанная в 1994 году, Dar Al Arkan использует передовые технологии, такие как 3D-печать бетоном. Через международное подразделение Dar Global компания расширила присутствие в Дубае (W Residences Downtown, DaVinci Tower) и Европе.","{https://files.alnair.ae/uploads/2024/7/86/e4/86e409ed64725dd8ea54a095eb494fbf.jpg;https://files.alnair.ae/uploads/gallery_photo/2024/12/0e/aa/0eaa7244e7f7ae808f375420bf00a18a.png;https://files.alnair.ae/uploads/gallery_photo/2024/9/fb/e5/fbe598c5c0d23b539496b9a17b1937d8.jpg}",2025-11-13T00:22:50.833Z
40385bcf-4f93-42fa-8ea2-70104e193932,Dar Al Karama,https://files.alnair.ae/uploads/2023/10/94/f3/94f3ada261f443b29861a953ab452277.png,"","В Dar Al Karama мы больше, чем просто девелоперская компания; мы — кульминация четырех десятилетий опыта, свидетельство семейных ценностей и обязательство формировать будущее Дубая. С 1985 года наш основной бизнес был неотъемлемой частью роста города (в районах Downtown, Dubai Hills, Palm Jumeirah). Dar Al Karama Real Estate (DAK) — это визионерская компания, которая гордится не только строительством домов, но и воспитанием сообществ, где процветают семьи. Мы приглашаем вас открыть новый стандарт жизни.","{https://files.alnair.ae/uploads/2023/10/94/f3/94f3ada261f443b29861a953ab452277.png;https://files.alnair.ae/uploads/gallery_photo/2023/10/1a/80/1a8057379faa56c8fc6dcc4322509699.png}",2025-11-13T00:22:50.839Z
0c63c296-b998-4d2f-a485-120102715143,DarGlobal,https://files.alnair.ae/uploads/2025/4/41/89/4189a6892c164bc2254bf2075471d839.jpg,"","См. описание для Dar Global в предыдущем ответе. Это международное подразделение Dar Al Arkan, специализирующееся на элитной недвижимости в партнерстве с мировыми брендами.","{https://files.alnair.ae/uploads/2025/4/41/89/4189a6892c164bc2254bf2075471d839.jpg;https://files.alnair.ae/uploads/gallery_photo/2023/10/31/74/3174a66e9568802a595a1e2517d2623f.jpg;https://files.alnair.ae/uploads/gallery_photo/2024/5/5f/e7/5fe7f628c6a8018f7040c25491b5d127.jpg;https://files.alnair.ae/uploads/gallery_photo/2025/3/c9/de/c9deab47ee7b8e15eedcfdb9e3cea6e4.jpg;https://files.alnair.ae/uploads/gallery_photo/2025/4/16/36/1636377d63b41217e6446da876955ee4.jpg;https://files.alnair.ae/uploads/gallery_photo/2023/2/66/dd/66ddf9c1cd190743140df37fa2b56ea9.jpg;https://files.alnair.ae/uploads/gallery_photo/2024/6/6a/de/6adeb1da152df36300ced451f57aade9.jpg}",2025-11-13T00:22:50.849Z
11440388-7e3f-4cc4-b18e-42765e2dc34e,Deyaar,https://files.alnair.ae/uploads/2025/5/2b/6a/2b6a29bd255fc0cedc2bae2210f267b7.jpg,"","Deyaar Development — один из крупнейших девелоперов ОАЭ с многолетним опытом и блестящей репутацией. Самые богатые люди мира инвестируют в проекты компании, зная, что успех гарантирован. Сегодня Deyaar управляет более чем 16 тысячами объектов коммерческой и премиальной недвижимости. За свою историю компания построила более 700 зданий. В настоящее время реализуется несколько амбициозных проектов (например, Regalia, Tria), площади в которых стремительно раскупаются инвесторами со всего мира.","{https://files.alnair.ae/uploads/2025/5/2b/6a/2b6a29bd255fc0cedc2bae2210f267b7.jpg;https://files.alnair.ae/uploads/gallery_photo/2024/12/65/62/65620fc97aa6b5b7753c4e13fc3a4261.png;https://files.alnair.ae/uploads/gallery_photo/2024/12/b3/b6/b3b64b7dd4cf821a7254560d7ab9ec33.jpg;https://files.alnair.ae/uploads/gallery_photo/2024/12/00/55/0055411315b1c82c303b2fbd38b1d26e.png;https://files.alnair.ae/uploads/gallery_photo/2024/12/2b/a5/2ba5c6fefc9fdb8d0682c5356d796312.png;https://files.alnair.ae/uploads/gallery_photo/2024/12/36/74/3674a1760970d4fe3e21df4ebc7e7446.jpg;https://files.alnair.ae/uploads/gallery_photo/2024/1/e2/9f/e29ff5c8512c846179aadbbb7c9e1345.jpg;https://files.alnair.ae/uploads/gallery_photo/2024/12/dc/0e/dc0e43fba72a76db313366af87927bc6.png;https://files.alnair.ae/uploads/gallery_photo/2025/6/87/a6/87a6024e209e9cca3fb66f31bd08cdcf.jpg;https://files.alnair.ae/uploads/gallery_photo/2023/7/a8/e9/a8e942ece7a62ea1970f5cfe9bcf79ce.jpg;https://files.alnair.ae/uploads/gallery_photo/2025/2/b8/8a/b88a0141679a1ff423ed2ff0a458e89d.jpg;https://files.alnair.ae/uploads/gallery_photo/2023/5/4f/2b/4f2beedeed895af535f22fcca9b402f0.jpg;https://files.alnair.ae/uploads/gallery_photo/2023/4/62/72/6272078a1b2babce2d11de01d6495605.jpg;https://files.alnair.ae/uploads/gallery_photo/2024/11/f6/fc/f6fc4179009bc03f7ccb9cebf4f474b0.png;https://files.alnair.ae/uploads/gallery_photo/2024/12/13/cf/13cf502aa02fa95d76233b442d676508.jpg;https://files.alnair.ae/uploads/gallery_photo/2023/7/80/13/8013f35cfb9febaa3d6dd9be6b7cc810.jpg;https://files.alnair.ae/uploads/gallery_photo/2024/12/e7/5a/e75a9bcf235a0030199f6804aa47712e.png;https://files.alnair.ae/uploads/gallery_photo/2023/2/5b/a0/5ba04c9e68fbf61d940b8807cd879589.jpg;https://files.alnair.ae/uploads/gallery_photo/2023/2/54/1b/541b13d06b2c66050d67aa3ca6b985b5.jpg;https://files.alnair.ae/uploads/gallery_photo/2024/7/14/f3/14f306e3a2407ff2f17b99a18ad67f79.jpg;https://files.alnair.ae/uploads/gallery_photo/2024/7/5b/b5/5bb519b22b1b6a306b6883e2c58e887e.png;https://files.alnair.ae/uploads/gallery_photo/2023/2/fc/cd/fccd750e1e89944eaeaa9ab506d0eeff.jpg;https://files.alnair.ae/uploads/gallery_photo/2024/12/4a/d0/4ad023dec22a535e784c9defd5541006.png;https://files.alnair.ae/uploads/gallery_photo/2024/12/9d/95/9d95df4fbe268301d2546d8ebc7448b5.png;https://files.alnair.ae/uploads/gallery_photo/2024/12/e6/3a/e63a2f5e61fc29235e267af40f7fe12f.jpg;https://files.alnair.ae/uploads/gallery_photo/2024/12/1a/87/1a8738ae617a8c379827f9cf7cbd65a0.jpg;https://files.alnair.ae/uploads/gallery_photo/2023/2/31/5a/315ac26f17fff74554fd6526f48c9725.jpg;https://files.alnair.ae/uploads/gallery_photo/2023/10/de/27/de275a8ff519270b471c2f15b07a0a42.png;https://files.alnair.ae/uploads/gallery_photo/2024/9/07/d5/07d5d2995f282bbe4cc1ad6c5aad538f.jpg;https://files.alnair.ae/uploads/gallery_photo/2023/2/44/20/4420e093c1f5e3f6bc60ab3f5a3855fa.jpg;https://files.alnair.ae/uploads/gallery_photo/2023/10/e2/f1/e2f1bd19513a2df2a3a21845cf70c827.png;https://files.alnair.ae/uploads/gallery_photo/2024/12/05/73/0573f407511713163e9f73e2370af7e5.png;https://files.alnair.ae/uploads/gallery_photo/2023/2/60/c9/60c9e8b8e62176b3bf3e0a2499a61112.jpg;https://files.alnair.ae/uploads/gallery_photo/2023/7/28/59/2859333cedb4b1bbf676b8306517f0a0.jpg;https://files.alnair.ae/uploads/gallery_photo/2024/1/df/de/dfde07795aa43015d6e706e10451bb84.jpg;https://files.alnair.ae/uploads/gallery_photo/2024/2/4a/1a/4a1a975f331faf0c2c849e5764e0907e.jpg;https://files.alnair.ae/uploads/gallery_photo/2024/5/61/4d/614d85192cbddbb777895f5a3758801d.jpg;https://files.alnair.ae/uploads/gallery_photo/2024/10/5e/28/5e2871d67b57fe565b4649d6405fdeac.jpg}",2025-11-13T00:22:50.838Z
edb97904-b4f0-4aa5-b748-c83ba4f37849,Dubai Properties,https://files.alnair.ae/uploads/2024/8/d6/c5/d6c501cf1655e7d80827b93b7b531c80.jpg,"","Dubai Properties (часть Dubai Holding) — ключевой игрок, сформировавший многие знаковые районы Дубая (JBR, Business Bay, Dubailand). В 2016 году компания сдала более 3000 единиц жилья. В 2017 году они представили инновационные плавучие дома в Marasi Business Bay. Недавний запуск Riverside, первой из четырех башен Marasi, открывает новую главу в жизни у воды в центре города. DP стремится создавать уникальные концепции жизни, такие как La Vie и Villanova.","{https://files.alnair.ae/uploads/2024/8/d6/c5/d6c501cf1655e7d80827b93b7b531c80.jpg;https://files.alnair.ae/uploads/gallery_photo/2024/11/f2/a6/f2a6e14480fb408ced3b068227e274b7.jpg;https://files.alnair.ae/uploads/gallery_photo/2025/5/1d/d1/1dd1d566b97572d450f03323eb5f25de.jpg;https://files.alnair.ae/uploads/gallery_photo/2025/5/be/30/be3074d8c7094fe888345278904359ac.png;https://files.alnair.ae/uploads/gallery_photo/2025/1/7c/d2/7cd2e32e9228fd3297783f77bf2fb05c.jpg;https://files.alnair.ae/uploads/gallery_photo/2024/8/4a/bb/4abbc3680c972b14d82432e6c26c2514.jpg;https://files.alnair.ae/uploads/gallery_photo/2024/12/af/36/af36f4ba360e7511b34dffa6b6011454.jpg;https://files.alnair.ae/uploads/gallery_photo/2024/12/09/5f/095ffa84247fa52a3b4138432421100f.jpg;https://files.alnair.ae/uploads/gallery_photo/2024/9/7c/08/7c08ee0da58905b2959970b159c8604a.jpg;https://files.alnair.ae/uploads/gallery_photo/2025/4/4f/53/4f534fc7951866cc95d753fa635e44ce.png}",2025-11-13T00:22:50.842Z
2750f84f-faac-4186-beb2-3be6bd446671,Dubai South,https://files.alnair.ae/uploads/2023/7/f7/a7/f7a7b92779698a1507a61749738f3327.png,"","См. описание выше. Это юридическое лицо, отвечающее за девелопмент в рамках мастер-плана Dubai South, сотрудничая с частными застройщиками и реализуя собственные проекты.","{https://files.alnair.ae/uploads/2023/7/f7/a7/f7a7b92779698a1507a61749738f3327.png;https://files.alnair.ae/uploads/gallery_photo/2025/1/92/6e/926ea6a08505a10290b5688c02d70edc.jpg;https://files.alnair.ae/uploads/gallery_photo/2025/6/49/39/49399b23321907273dea97d5ba9309db.jpg;https://files.alnair.ae/uploads/gallery_photo/2024/3/3e/86/3e866496577ec896ca8df67bbb646e82.jpg;https://files.alnair.ae/uploads/gallery_photo/2025/6/27/5f/275fb38bbcbaeb4c061abe4430ee25b1.jpg;https://files.alnair.ae/uploads/gallery_photo/2023/11/62/7c/627c0d9b97741dbbca532f42aef016b5.png;https://files.alnair.ae/uploads/gallery_photo/2024/7/65/89/6589a3bbac6f9e93b262d21d81e13c05.png}",2025-11-13T00:22:50.852Z
61b05049-6005-4cc7-9087-77343d5c0e93,Dugasta Properties Development,https://files.alnair.ae/uploads/2024/8/d8/3e/d83e2fade14a6be17b4787c3742d39a9.png,"","Dugasta Properties Development — многообещающий застройщик из Дубая. Основатель, г-н Таусиф Хан, обладает более чем 30-летним опытом на рынке недвижимости. Опираясь на долгосрочный успех, Dugasta стремится предоставлять клиентам высококачественные проекты с отличным соотношением цены и качества (например, в Al Furjan). Уникальный подход компании заключается в ориентации на интересы клиента, предлагая множество инвестиционных опций и удобные планы выплат.","{https://files.alnair.ae/uploads/2024/8/d8/3e/d83e2fade14a6be17b4787c3742d39a9.png;https://files.alnair.ae/uploads/gallery_photo/2024/12/1d/69/1d692155a5eba8cd5427399062c239aa.jpg;https://files.alnair.ae/uploads/gallery_photo/2025/10/52/24/522408803e201640ac969351cb42b6fa.png;https://files.alnair.ae/uploads/gallery_photo/2024/8/50/67/5067010e103bab24554282ec1d30cf11.jpg;https://files.alnair.ae/uploads/gallery_photo/2024/8/9b/26/9b26cf68d49e36a9efb73c4d79bb2c66.jpg;https://files.alnair.ae/uploads/gallery_photo/2024/8/b8/e8/b8e8a1f1921a478509e303aab6186397.jpg;https://files.alnair.ae/uploads/gallery_photo/2024/8/0b/01/0b01301a96db3bfb464d10eeea9da0b4.jpg;https://files.alnair.ae/uploads/gallery_photo/2024/8/ab/e3/abe359a29e946b8d797a2235ef83e67c.jpg;https://files.alnair.ae/uploads/gallery_photo/2024/12/64/ba/64ba6f905b0e125fe26b95c8191473e8.png;https://files.alnair.ae/uploads/gallery_photo/2024/12/1a/24/1a24a61c3f9cf8bb3eb9ccfa759106ac.jpg;https://files.alnair.ae/uploads/gallery_photo/2024/8/8b/92/8b921f21cdab9e3a9fcedb3f1eba7020.jpg;https://files.alnair.ae/uploads/gallery_photo/2024/8/ec/75/ec755702e4613a0c26cbcb3f5593a4a7.jpg;https://files.alnair.ae/uploads/gallery_photo/2024/8/28/3a/283a74f39dd1b71b29970f69c61cd071.png;https://files.alnair.ae/uploads/gallery_photo/2024/8/48/3a/483ad4df11e641b48a0d3737fc1f9c63.jpg}",2025-11-13T00:22:50.855Z
22327c20-0c66-4c9c-8ca8-6dfc7741c571,EMS Development,,"","EMS Development — это компания, которая фокусируется на устойчивом развитии и внедрении экологичных технологий в строительство. Они стремятся создавать жилые проекты, которые минимизируют воздействие на окружающую среду, предлагая при этом современный уровень комфорта.","",2025-11-13T00:22:50.858Z
f87fa623-b746-40b7-8e8d-b8cca2f9a180,ENSO,https://files.alnair.ae/uploads/2024/7/b5/16/b516cb84e5e681d84cf029eeeb297543.jpg,"","См. описание для ENSO в предыдущем ответе. Девелопер фокусируется на создании современных и устойчивых жилых пространств, гармонично вписанных в городскую среду.","{https://files.alnair.ae/uploads/2024/7/b5/16/b516cb84e5e681d84cf029eeeb297543.jpg;https://files.alnair.ae/uploads/gallery_photo/2025/7/56/a2/56a25461e08b5ab6a085bcf8a7789da9.jpg;https://files.alnair.ae/uploads/gallery_photo/2024/7/f9/92/f992c8f5ad303fc796930492d06bf117.jpg}",2025-11-13T00:22:50.861Z
9dfcf847-a3bb-4dee-b012-02f90281928c,East & West Properties,https://files.alnair.ae/uploads/2024/1/26/72/2672a9f9d8b0033d6e7fa90372a1b63a.jpg,"","East and West Properties (EWP), основанная в 1993 году, является выдающимся застройщиком элитной недвижимости. EWP стала синонимом богатства и утонченной жизни (например, проекты на Palm Jumeirah: 25hours Heimat). Наше путешествие началось с приверженности непревзойденному качеству изысканных вилл. Мы сочетаем роскошь с инновационным дизайном и устойчивостью. EWP — это ворота к престижным проектам в ОАЭ и за рубежом, созданным для проницательных инвесторов.","{https://files.alnair.ae/uploads/2024/1/26/72/2672a9f9d8b0033d6e7fa90372a1b63a.jpg;https://files.alnair.ae/uploads/gallery_photo/2023/11/eb/c5/ebc5bd14d7ba2d05cf58333c0a8f2b0c.jpg;https://files.alnair.ae/uploads/gallery_photo/2024/1/ff/d0/ffd0a5b2ad73ec1b027b299a9a401cc0.jpg}",2025-11-13T00:22:50.864Z
56b2d244-b7fd-4011-aa76-d9ae8816066f,Ellington,https://files.alnair.ae/uploads/2023/2/b4/14/b414f7493c40d8038fcc7faec37a6398.jpg,"","Это стратегическое партнерство между Ellington Properties (Дубай) и RAK Properties (Рас-эль-Хайма) для реализации премиальных проектов на острове Hayat Island в Мина Аль Араб (проект Porto Playa). Сотрудничество объединяет дизайнерский подход Ellington с уникальными прибрежными локациями RAK Properties.","{https://files.alnair.ae/uploads/2023/2/b4/14/b414f7493c40d8038fcc7faec37a6398.jpg;https://files.alnair.ae/uploads/gallery_photo/2024/3/2d/1b/2d1b84e6ac92dbb9ad32347afdcd25e9.jpg;https://files.alnair.ae/uploads/gallery_photo/2024/12/a2/78/a278d2e8abd84f60bac9a6d670df2921.jpg;https://files.alnair.ae/uploads/gallery_photo/2024/12/97/b3/97b382845979503337e360c8fea2ae40.jpg;https://files.alnair.ae/uploads/gallery_photo/2025/2/7d/71/7d71c6431b2feff62b955912eec28a1e.jpg;https://files.alnair.ae/uploads/gallery_photo/2023/2/39/e0/39e0c1277b06aa0d16ab3d0127901d16.jpg;https://files.alnair.ae/uploads/gallery_photo/2023/4/45/45/4545c2e7c98ee0ce0d6d438050b2c232.jpg;https://files.alnair.ae/uploads/gallery_photo/2023/11/aa/d2/aad2eced31e7bb882ef06f7173637a3f.jpg;https://files.alnair.ae/uploads/gallery_photo/2024/10/0d/62/0d62465086caf28214a44f13d522342a.jpg;https://files.alnair.ae/uploads/gallery_photo/2025/5/f4/42/f4420dd3ae07d733f7615989b7fce771.jpg;https://files.alnair.ae/uploads/gallery_photo/2023/6/56/44/5644b881ba581c1e0625889882ef3e24.jpg;https://files.alnair.ae/uploads/gallery_photo/2025/8/f9/de/f9de600b122e00f1a1873e67264e81b0.jpg;https://files.alnair.ae/uploads/gallery_photo/2023/11/33/5a/335a9fd6a3bf2a2d085554cbbbcce5f5.jpg;https://files.alnair.ae/uploads/gallery_photo/2024/12/db/1b/db1ba96fa80c3d9a86515bdcae8d65dc.jpg;https://files.alnair.ae/uploads/gallery_photo/2025/1/7b/46/7b4643e667d011e9d24bd4f3e9430325.jpg;https://files.alnair.ae/uploads/gallery_photo/2023/11/59/63/59630152de5bec246909c4ef00e95c36.jpg;https://files.alnair.ae/uploads/gallery_photo/2025/10/8b/71/8b71ca91b6cfa1573ca9fc14c85cf6a9.jpg;https://files.alnair.ae/uploads/gallery_photo/2024/12/e5/53/e553627029fffbf644193efb1cce2682.jpg;https://files.alnair.ae/uploads/gallery_photo/2025/8/10/bf/10bf2efd4d9d786b7f61d1aeee814d1f.jpg;https://files.alnair.ae/uploads/gallery_photo/2023/12/93/61/9361fe70c66a9253a92be9a83ebcd675.jpg;https://files.alnair.ae/uploads/gallery_photo/2023/7/4e/e8/4ee82ea897af6127ce99219e06da2ce0.png;https://files.alnair.ae/uploads/gallery_photo/2023/7/8f/35/8f355000f3cb542aa6c66d9439d802a1.png;https://files.alnair.ae/uploads/gallery_photo/2024/12/79/9c/799cb11d8db3b1373bd357760a2568af.jpg;https://files.alnair.ae/uploads/gallery_photo/2024/12/08/37/0837b97a4f6e5f595594e22875c8219a.jpg;https://files.alnair.ae/uploads/gallery_photo/2024/11/9e/04/9e04b687231298ffa031d78ed226af00.jpg;https://files.alnair.ae/uploads/gallery_photo/2023/7/bf/ce/bfce92b0aa132fb0dd2e12ff3b085cb8.png;https://files.alnair.ae/uploads/gallery_photo/2023/7/8b/f4/8bf48d54b0c8b52fb272bca7503c2305.png;https://files.alnair.ae/uploads/gallery_photo/2023/11/d0/f0/d0f064294b4728734dff4aaf053727b9.jpg;https://files.alnair.ae/uploads/gallery_photo/2023/7/d9/cc/d9cc9a357d74cb40cd6841ad821d973a.jpg;https://files.alnair.ae/uploads/gallery_photo/2024/12/5d/3b/5d3b6fba285befe373dd7de0791810c4.jpg;https://files.alnair.ae/uploads/gallery_photo/2023/2/2c/39/2c395760ec8381431ffa0f106136c8c5.jpg;https://files.alnair.ae/uploads/gallery_photo/2025/7/bc/a5/bca5925deb9f32c769e4654b714ca91d.jpg;https://files.alnair.ae/uploads/gallery_photo/2024/12/a3/aa/a3aad551803eb8d32251e1aa66c89aba.jpg;https://files.alnair.ae/uploads/gallery_photo/2024/1/44/47/44475e6b65a8fcd637167f405d1e573a.jpg;https://files.alnair.ae/uploads/gallery_photo/2023/7/c8/54/c854a9cb1c6af7b22893f1a6f1b1df59.jpg;https://files.alnair.ae/uploads/gallery_photo/2024/12/0d/7f/0d7fa5893fbe2d9c4bf21bc2e34593b7.jpg;https://files.alnair.ae/uploads/gallery_photo/2023/1/d2/09/d209e72e11dd3520257a293c8c9805c1.jpg;https://files.alnair.ae/uploads/gallery_photo/2023/1/c3/7d/c37d54e9a35004ed5d4d0d74f127a46e.png;https://files.alnair.ae/uploads/gallery_photo/2024/12/d8/e6/d8e61b7a81e9ebf62f9b8d15f15d44c9.jpg;https://files.alnair.ae/uploads/gallery_photo/2024/2/c1/56/c1563ff2d4785512fea7e43c37dddeaf.jpg;https://files.alnair.ae/uploads/gallery_photo/2024/2/0e/f8/0ef80a977b067b2a33bf6cd8fb63cdd9.jpg;https://files.alnair.ae/uploads/gallery_photo/2024/6/8a/d0/8ad0bc59cc26b5c36f90c7edbd892ff2.jpg;https://files.alnair.ae/uploads/gallery_photo/2024/7/0b/dd/0bdd4c60192657fca7be3b6a9adcd721.jpg;https://files.alnair.ae/uploads/gallery_photo/2025/1/4b/a3/4ba32bbf159b7e516e5b9d2aeaa3ef50.jpg;https://files.alnair.ae/uploads/gallery_photo/2024/8/6e/a3/6ea369cd2bf62ac655a0d5994bd5b631.jpg;https://files.alnair.ae/uploads/gallery_photo/2024/10/ea/f5/eaf5fd3044f3eb86aabb7fd0bd3b2e02.jpg;https://files.alnair.ae/uploads/gallery_photo/2024/3/ed/90/ed90e5d6242c9fcf3ae3b1186fa89f2b.jpg;https://files.alnair.ae/uploads/gallery_photo/2024/8/aa/0e/aa0ebf0b78ba469bbdfd73a034102684.jpg}",2025-11-13T00:22:50.867Z
7d240c83-1382-467d-9479-2de4d7c2dfd6,Elton Real Estate Development,,"","Elton Real Estate Development — это девелопер, который фокусируется на создании доступного жилья в быстроразвивающихся районах Дубая. Компания стремится предложить качественные квартиры с эффективными планировками для молодых семей и инвесторов.","",2025-11-13T00:22:50.899Z
47fee876-d780-43be-9ca3-671bba228fa6,Elysian Development,https://files.alnair.ae/uploads/2025/6/51/00/51007c1d79b2ea4ff21b95b186b61d8b.png,"","См. описание выше. Это альтернативное написание бренда, специализирующегося на велнес-ориентированной недвижимости.","{https://files.alnair.ae/uploads/2025/6/51/00/51007c1d79b2ea4ff21b95b186b61d8b.png;https://files.alnair.ae/uploads/gallery_photo/2025/9/52/ab/52ab015a727f64f8f66e356b186f4d4f.jpg;https://files.alnair.ae/uploads/gallery_photo/2025/6/26/a4/26a4a1abc25a82637791061e0ead7393.png}",2025-11-13T00:22:50.872Z
5a73007d-4bb0-488c-af84-76f67e8907e7,Emaar Properties,https://files.alnair.ae/uploads/2023/3/59/74/5974dd50e1f85b5a56cdcef99f37eafe.png,"","Emaar Properties — одна из самых ценных и уважаемых девелоперских компаний в мире. Обладая подтвержденными компетенциями в недвижимости, ритейле (Dubai Mall) и гостеприимстве, Emaar формирует новый стиль жизни с фокусом на совершенство дизайна, качество строительства и своевременную сдачу. Компания стоит за трансформацией Дубая, создав Downtown Dubai, Dubai Marina, Emaar Beachfront и Dubai Hills Estate.","{https://files.alnair.ae/uploads/2023/3/59/74/5974dd50e1f85b5a56cdcef99f37eafe.png;https://files.alnair.ae/uploads/gallery_photo/2024/12/90/d1/90d13d5d6223e33abc52d44a34042c57.jpg;https://files.alnair.ae/uploads/gallery_photo/2024/12/1f/69/1f69cbd41dbdc3defa11db0036287864.jpg;https://files.alnair.ae/uploads/gallery_photo/2025/7/c2/10/c210e29d487923eb3331947d8ef5d288.jpg;https://files.alnair.ae/uploads/gallery_photo/2023/7/83/c0/83c00c39e3b6dd61b22d014f5fddeaad.jpg;https://files.alnair.ae/uploads/gallery_photo/2024/12/e0/aa/e0aabcecedd3e691d26dc814eb91c035.jpg;https://files.alnair.ae/uploads/gallery_photo/2024/12/a9/5d/a95d6e0814c3d06f7a3ebbf16a31688b.jpg;https://files.alnair.ae/uploads/gallery_photo/2024/12/21/88/21881fd6a0cdd98a7b2f66455cfd8886.jpg;https://files.alnair.ae/uploads/gallery_photo/2024/12/43/64/4364e89029bd305b25b89344aebd2cab.jpg;https://files.alnair.ae/uploads/gallery_photo/2024/3/72/55/7255964f14a85978e071401dd6d41038.jpg;https://files.alnair.ae/uploads/gallery_photo/2022/12/44/6b/446b8a8b050ab0153c8acdf5434ed1d9.jpg;https://files.alnair.ae/uploads/gallery_photo/2023/6/7f/27/7f27987fa6030251745d3ffabbba6b59.jpg;https://files.alnair.ae/uploads/gallery_photo/2024/12/b5/73/b5736413dc06e767ee1bad4e88c660ce.jpg;https://files.alnair.ae/uploads/gallery_photo/2024/12/83/fc/83fc3050d45f7f9ad54ba7bb25575b22.jpg;https://files.alnair.ae/uploads/gallery_photo/2024/7/16/34/1634545a813f60fa6fe067927b8f67c3.png;https://files.alnair.ae/uploads/gallery_photo/2024/3/2b/b6/2bb66a85cd0772b46954acb036543f24.jpg;https://files.alnair.ae/uploads/gallery_photo/2023/6/ea/6e/ea6e0065ca57c80a9cbbb40ddb84d8e9.jpg;https://files.alnair.ae/uploads/gallery_photo/2024/3/fc/db/fcdb5981b28db4fb38aa6c7d5668b676.jpg;https://files.alnair.ae/uploads/gallery_photo/2024/12/c8/65/c865daaff7312fcc2b9fa559dd172a7e.jpg;https://files.alnair.ae/uploads/gallery_photo/2025/11/d5/ca/d5ca8f62eeeed91b9f98a93665eb4657.jpg;https://files.alnair.ae/uploads/gallery_photo/2023/6/04/93/04936db7d2fc2fd6cb6190f532cada41.png;https://files.alnair.ae/uploads/gallery_photo/2023/10/bc/34/bc347f738a7f4a7d8c394d14e1b5242d.png;https://files.alnair.ae/uploads/gallery_photo/2024/3/60/03/60035bbf0fd41335836adc38f150928b.jpg;https://files.alnair.ae/uploads/gallery_photo/2025/1/64/f0/64f0a2f816f26ea88ec821648daa6a94.jpg;https://files.alnair.ae/uploads/gallery_photo/2024/9/1d/85/1d85e4483fb964aec84927968a00d8bb.jpg;https://files.alnair.ae/uploads/gallery_photo/2024/4/c7/e5/c7e5774e2914656b057ffe50ac06980f.jpg;https://files.alnair.ae/uploads/gallery_photo/2025/8/97/d0/97d07f5a5abf8bb3236bda087bb585f9.jpg;https://files.alnair.ae/uploads/gallery_photo/2024/12/0f/40/0f404bb1e62727dab7cf536c45828756.jpg;https://files.alnair.ae/uploads/gallery_photo/2025/8/aa/ac/aaac54b5b6b0404adc1cdd9d02e9b9c9.jpg;https://files.alnair.ae/uploads/gallery_photo/2024/9/99/1a/991a92db0270574a3c803148c9a48a2c.jpg;https://files.alnair.ae/uploads/gallery_photo/2024/12/41/7d/417d37ad02a1d042a7fc0954c0dea3dd.jpg;https://files.alnair.ae/uploads/gallery_photo/2023/6/80/94/8094af3746744641d3405d844dd45028.jpg;https://files.alnair.ae/uploads/gallery_photo/2023/6/a6/17/a6178a5a86d39778caa63353ef2c6323.jpg;https://files.alnair.ae/uploads/gallery_photo/2023/9/2b/56/2b567906c4136b7d346a35ac64bdf607.jpg;https://files.alnair.ae/uploads/gallery_photo/2024/12/1d/4a/1d4a300ba765ac4f208aa678d161be5c.jpg;https://files.alnair.ae/uploads/gallery_photo/2023/7/c9/04/c904e21e9cf46f659061eeaa05bf88cc.png;https://files.alnair.ae/uploads/gallery_photo/2023/10/49/1c/491c10c738eca5a249c38609990c6fa1.jpg;https://files.alnair.ae/uploads/gallery_photo/2024/12/17/38/1738c381b989e8502b0fd1c726d0f1bf.jpg;https://files.alnair.ae/uploads/gallery_photo/2024/2/e9/e8/e9e8ee1e6adb2e119801552691fe9ae8.jpg;https://files.alnair.ae/uploads/gallery_photo/2024/5/2f/b4/2fb424013d3c61b6242df86df5937a23.jpg;https://files.alnair.ae/uploads/gallery_photo/2024/9/2d/44/2d445b9d85d091a9105b7adc31b0bbc8.jpg;https://files.alnair.ae/uploads/gallery_photo/2023/11/fe/08/fe0893182a7b5e60836da081c4b49f2f.jpg;https://files.alnair.ae/uploads/gallery_photo/2023/3/af/2e/af2ed176b6dab444ffe29280c23c02a8.jpg;https://files.alnair.ae/uploads/gallery_photo/2024/12/5c/4d/5c4df122e2556eecc8241e23453740cf.jpg;https://files.alnair.ae/uploads/gallery_photo/2023/10/4a/60/4a60c1d44b6b9fe7b6737dc1daf7ce85.jpg;https://files.alnair.ae/uploads/gallery_photo/2023/11/e5/6c/e56c3e71847e129a95c91c962769bc52.jpg;https://files.alnair.ae/uploads/gallery_photo/2024/10/cb/3c/cb3c31a17d9057acf1aa940e1df4ba12.jpg;https://files.alnair.ae/uploads/gallery_photo/2023/4/aa/62/aa626d7a5c510524bf6be1d5ec0c526c.jpg;https://files.alnair.ae/uploads/gallery_photo/2023/6/8f/ee/8fee219635d3f9fe8d05dcdddc18294e.jpg;https://files.alnair.ae/uploads/gallery_photo/2024/12/a6/6e/a66ee488aee7d51849d9cf852fc6b784.jpg;https://files.alnair.ae/uploads/gallery_photo/2025/4/78/f6/78f6b5b2603dd6617afcb0853f044cd7.jpg;https://files.alnair.ae/uploads/gallery_photo/2025/10/b5/da/b5dac99b389cb7d5a85a287eb8592c5b.jpg;https://files.alnair.ae/uploads/gallery_photo/2023/6/e7/b3/e7b3fcb1f932221763613c9a1da155f5.jpg;https://files.alnair.ae/uploads/gallery_photo/2025/9/4b/ad/4bad4f0d3d1a6b9dbd2d586ed0dc5205.jpg;https://files.alnair.ae/uploads/gallery_photo/2024/7/ce/95/ce95a750c02248869a79552b5adf6d4c.jpg;https://files.alnair.ae/uploads/gallery_photo/2025/4/20/bf/20bf5e5e6a22af4534ec18b76ff74765.jpg;https://files.alnair.ae/uploads/gallery_photo/2025/10/60/1e/601e84eb9c77fa49be0c30ddf6ce64aa.jpg;https://files.alnair.ae/uploads/gallery_photo/2024/3/06/44/0644b0687b6e4851878aec555b08b36b.jpg;https://files.alnair.ae/uploads/gallery_photo/2024/7/2a/95/2a9581ffa44fa4d026a0f4165cef2a00.png;https://files.alnair.ae/uploads/gallery_photo/2025/10/f5/b5/f5b5462080a1fe3092a926aecb931dac.jpg;https://files.alnair.ae/uploads/gallery_photo/2025/7/1e/19/1e198d155ccd8dfc0525a7b48919c5b6.jpg;https://files.alnair.ae/uploads/gallery_photo/2024/10/ae/0e/ae0ecb79de6d645e6fba7f6efe0ace69.jpg;https://files.alnair.ae/uploads/gallery_photo/2024/12/96/d2/96d2512863dc3e08a444766add4d6504.jpg;https://files.alnair.ae/uploads/gallery_photo/2025/11/44/17/4417c9def8afcf9588d428962be7860a.jpg;https://files.alnair.ae/uploads/gallery_photo/2025/8/4f/fb/4ffbeca30d51175ac4312b487f6adb34.jpg;https://files.alnair.ae/uploads/gallery_photo/2023/3/ec/fb/ecfbd289b5e0de89a62ea830e89644c6.jpg;https://files.alnair.ae/uploads/gallery_photo/2024/12/af/97/af97d41cae1226c231e2fcb391f3ce5d.jpg;https://files.alnair.ae/uploads/gallery_photo/2025/10/ad/7c/ad7c2677f4ff8dc5532431483d5e126d.jpg;https://files.alnair.ae/uploads/gallery_photo/2023/12/31/dd/31dd5386403ce01d44619dc21674eef3.jpg;https://files.alnair.ae/uploads/gallery_photo/2025/7/76/e6/76e6aa37963ea658031dc9f1c534fac7.jpg;https://files.alnair.ae/uploads/gallery_photo/2025/8/47/82/4782cf961576364b86e030cdbb7afc57.jpg;https://files.alnair.ae/uploads/gallery_photo/2024/11/5e/6f/5e6fa69b3bd217087b684622485af8fd.jpg;https://files.alnair.ae/uploads/gallery_photo/2024/2/16/96/1696ae2c69adbc6f01ca78f48d475762.jpg;https://files.alnair.ae/uploads/gallery_photo/2025/11/9f/70/9f707b86d4034821e015ad56047199ae.jpg;https://files.alnair.ae/uploads/gallery_photo/2023/9/74/ac/74ac04a8e7d0de0f9fa3cd8db3edda31.png;https://files.alnair.ae/uploads/gallery_photo/2023/10/be/de/bede15f3368a1aaeb03d066c26911684.jpg;https://files.alnair.ae/uploads/gallery_photo/2024/2/5f/d2/5fd2a1b397612c0238a4ce747e2e63b4.jpg;https://files.alnair.ae/uploads/gallery_photo/2024/3/cf/5f/cf5f1f54bfe90a3dd7ed352e5b909c82.jpg;https://files.alnair.ae/uploads/gallery_photo/2024/12/65/93/6593c470f5a4893bbfe49aa2366d5a1e.jpg;https://files.alnair.ae/uploads/gallery_photo/2024/12/aa/4f/aa4f27c70b5d2627fb2d89925ca7f2b9.jpg;https://files.alnair.ae/uploads/gallery_photo/2023/6/a0/af/a0af99ade6719af992165702fd90d021.jpg;https://files.alnair.ae/uploads/gallery_photo/2025/5/ea/44/ea44fd798df158f482ac951bcbda9ebb.jpg;https://files.alnair.ae/uploads/gallery_photo/2024/5/cb/92/cb92123569ca17a58ce02d8f73677840.jpg;https://files.alnair.ae/uploads/gallery_photo/2025/3/5b/b0/5bb01dc0df55f8c2190d9fdf357145c6.jpg;https://files.alnair.ae/uploads/gallery_photo/2024/7/cd/da/cdda89eb45f6da4686f6ab4d8c51269e.jpg;https://files.alnair.ae/uploads/gallery_photo/2025/6/ac/1c/ac1ceb61f43cb0b0948f937d69d76c67.jpg;https://files.alnair.ae/uploads/gallery_photo/2024/12/d5/02/d5028bcfc445896b13b1f63d02b72fe6.jpg;https://files.alnair.ae/uploads/gallery_photo/2025/3/97/f1/97f1042bf98d88ae4a41a160f53a9f3e.jpg;https://files.alnair.ae/uploads/gallery_photo/2024/12/a2/49/a24947640e6c4456dea4a82ce8058e4c.jpg;https://files.alnair.ae/uploads/gallery_photo/2025/4/91/61/91618ffe0f54f86db64c3020d7ba8aba.jpg;https://files.alnair.ae/uploads/gallery_photo/2025/2/ba/07/ba07a23856a8f87b49256bf6c6ebb25e.jpg;https://files.alnair.ae/uploads/gallery_photo/2025/5/83/bb/83bb866179d5f8eacff4c07fb1e56843.jpg;https://files.alnair.ae/uploads/gallery_photo/2025/4/80/d3/80d3e0a789ca5eea439d4fc39b398b64.jpg;https://files.alnair.ae/uploads/gallery_photo/2024/12/15/77/1577eed93abd3039b52a1da2e587f6e3.jpg;https://files.alnair.ae/uploads/gallery_photo/2024/8/33/60/3360d04683c1b9bf2bc72d3520d6f971.jpg;https://files.alnair.ae/uploads/gallery_photo/2025/4/57/9f/579ff7b03724569530b7c46031738f87.jpg;https://files.alnair.ae/uploads/gallery_photo/2025/4/36/4e/364e5c710fa00f36e61b19bdabc7135a.jpg;https://files.alnair.ae/uploads/gallery_photo/2022/12/b6/11/b611cc2f17df94147d89f4f44f19df83.jpg;https://files.alnair.ae/uploads/gallery_photo/2023/2/6d/80/6d80c1e126fcb84f1fd9ab0294a24e1d.jpg;https://files.alnair.ae/uploads/gallery_photo/2023/6/6b/47/6b47bb9780333cfd2b40b579f3101d4e.png;https://files.alnair.ae/uploads/gallery_photo/2024/12/12/a8/12a8d7093ae9d041ac6b77ddfef8f8f7.jpg}",2025-11-13T00:22:50.892Z
f5557770-2ceb-49fa-acbd-b740a34451bb,Emirates National Investment,https://files.alnair.ae/uploads/2024/10/1c/18/1c18415310321befabe39a810b3a527a.jpg,"","Emirates National Investment (ENI) — инвестиционная компания с диверсифицированным портфелем (недвижимость, строительство, промышленность). Основанная в 1982 году д-ром Мохаммедом Халфаном Бин Хербашем, ENI возникла в период экономического развития ОАЭ. В сфере недвижимости ENI известна качественными жилыми и коммерческими проектами, способствующими росту городской инфраструктуры.","{https://files.alnair.ae/uploads/2024/10/1c/18/1c18415310321befabe39a810b3a527a.jpg;https://files.alnair.ae/uploads/gallery_photo/2023/2/d8/9b/d89b9b5a794552a9f400f7db7501ea99.jpg;https://files.alnair.ae/uploads/gallery_photo/2024/11/32/34/32344a1de6cce79abfbc7406c5779c2b.jpg}",2025-11-13T00:22:50.875Z
ecd8f4ff-4528-41ef-9314-ce95e5349666,Empire Developments,https://files.alnair.ae/uploads/2024/2/19/74/1974091f8cb830602ad2225e1249a6ce.png,"","Empire Developments приглашает вас в путешествие в мир роскоши и изысканности. Наше стремление к совершенству гарантирует необыкновенный опыт проживания, где богатство встречается с инновациями. Откройте для себя мир, где каждая деталь — это произведение искусства. Мы переопределяем жизнь, создавая тщательно продуманные пространства, предлагающие беспрецедентный комфорт. Империя — это жизнь, где каждый аспект вашего дома отражает преданность мастерству и стремление к идеалу.","{https://files.alnair.ae/uploads/2024/2/19/74/1974091f8cb830602ad2225e1249a6ce.png;https://files.alnair.ae/uploads/gallery_photo/2025/9/38/ac/38ac5373b81d0c7ae2559342d8d01a0e.png;https://files.alnair.ae/uploads/gallery_photo/2024/2/87/15/8715771b7104b4521fd45e2d54adfb78.jpg;https://files.alnair.ae/uploads/gallery_photo/2025/10/14/cb/14cb1ee401500bb2ed22cbc238133fe7.jpg;https://files.alnair.ae/uploads/gallery_photo/2024/11/3f/6e/3f6e3ba0a80d2369fe9b081b2aa5b66e.jpg;https://files.alnair.ae/uploads/gallery_photo/2023/6/ad/07/ad07dc59a341f834b530a186dd5eb5a8.png;https://files.alnair.ae/uploads/gallery_photo/2024/5/a1/d6/a1d6ff669ac6e4a6c91c5d76bd99dcc7.jpg}",2025-11-13T00:22:50.896Z
bbad64d6-5581-4046-b4fb-8e5b50f5f45d,Escan Real Estate,,"","Escan Real Estate — это девелоперская компания, базирующаяся в Дубае, известная своими проектами в Dubai Marina (например, Escan Tower). Компания стремится создавать жилые объекты, которые предлагают престижное расположение и высокий потенциал для инвестиций.","",2025-11-13T00:22:50.878Z
a5d60551-307d-4195-ae26-ce28e59ec732,Ever Glory Developments,https://files.alnair.ae/uploads/2025/1/f8/28/f8286ab129c796f0d902f23c5095d9df.jpg,"","Ever Glory Developments (ранее Wealth Creation General Trading) — частная компания из Дубая, основанная в 2021 году. Начав с международной торговли строительными материалами, группа расширилась горизонтально, создав девелоперское подразделение. Философия компании — фокусироваться на одном бизнесе и расширяться максимально широко. Группа включает судоходную компанию для логистики материалов. Это позволяет Ever Glory контролировать цепочку поставок и предлагать качественные девелоперские проекты.","{https://files.alnair.ae/uploads/2025/1/f8/28/f8286ab129c796f0d902f23c5095d9df.jpg;https://files.alnair.ae/uploads/gallery_photo/2025/5/2c/97/2c97485fdbcf5c56ac0e16e8fb3da652.jpg}",2025-11-13T00:22:50.901Z
71a80bf4-ea06-4804-a92f-55408d22b7c7,Expo City,https://files.alnair.ae/uploads/2023/4/df/69/df69de6ea48d4f5f1ec8ed07a87780cf.png,"","Это подразделение, отвечающее за физическое развитие и управление недвижимостью на территории Expo City Dubai. Они курируют строительство новых жилых кварталов (например, Expo Valley, Mangrove Residences) и коммерческих зон, превращая площадку выставки в полноценный городской район.","{https://files.alnair.ae/uploads/2023/4/df/69/df69de6ea48d4f5f1ec8ed07a87780cf.png;https://files.alnair.ae/uploads/gallery_photo/2025/11/68/ea/68ea4d4d977828051116ac00762a240f.jpg;https://files.alnair.ae/uploads/gallery_photo/2024/12/0e/6f/0e6f54b2cbc2f4b0f44cd1c6e05c5042.png;https://files.alnair.ae/uploads/gallery_photo/2023/7/5f/f1/5ff1ab62e465ead824cbfcf822db137e.jpg;https://files.alnair.ae/uploads/gallery_photo/2023/10/00/6b/006bf298f91817f6c6e63cf05c1d7fe4.jpg;https://files.alnair.ae/uploads/gallery_photo/2025/5/c9/e5/c9e5b02d1fd38ef44ec38be58d92e688.jpg;https://files.alnair.ae/uploads/gallery_photo/2025/6/90/ad/90adf5667028a95e709f84fe6060c8b7.jpg;https://files.alnair.ae/uploads/gallery_photo/2023/4/3c/88/3c888f8265d769f71188b15d4625e579.png;https://files.alnair.ae/uploads/gallery_photo/2025/1/54/52/54520f941a525f00d830cf7475a457de.jpg;https://files.alnair.ae/uploads/gallery_photo/2024/11/ea/09/ea09bff031c8c8a6e8c4c3b3351514f3.png}",2025-11-13T00:22:50.869Z
d0a45c4b-e6d5-4348-957c-e8302c57c9ce,FIM Partners,,"","FIM Partners — это инвестиционная компания, специализирующаяся на развивающихся рынках. В контексте недвижимости они выступают как стратегический инвестор и партнер, участвующий в финансировании и развитии крупных проектов, обеспечивая экспертизу в управлении капиталом.","",2025-11-13T00:22:50.904Z
4600b8b5-803d-43b6-8388-dd3396f897cf,Fakhruddin Properties,https://files.alnair.ae/uploads/2025/2/3a/70/3a70cfd4f93c3fb5d217c65d490bd601.jpg,"","См. описание выше. Это девелоперское крыло компании, ответственное за строительство экологически чистых и технологичных жилых комплексов.","{https://files.alnair.ae/uploads/2025/2/3a/70/3a70cfd4f93c3fb5d217c65d490bd601.jpg;https://files.alnair.ae/uploads/gallery_photo/2025/9/64/46/64468fa354ac785a0fa5808d44a0298a.jpg;https://files.alnair.ae/uploads/gallery_photo/2024/2/81/e9/81e968eaa5714e43a861017fd34edc80.jpg;https://files.alnair.ae/uploads/gallery_photo/2025/8/91/7f/917fd24a0f363baef7db03fae10f2111.jpg;https://files.alnair.ae/uploads/gallery_photo/2025/10/84/a0/84a0c3ff70e59bfb78029851df2e291f.jpg;https://files.alnair.ae/uploads/gallery_photo/2024/12/f8/ef/f8ef871e5ca1f459ff266625315bee36.jpg;https://files.alnair.ae/uploads/gallery_photo/2025/2/b3/0e/b30e2f52b225c54092665ad6d72e5f36.jpg}",2025-11-13T00:22:50.881Z
03b9adec-23a7-470e-a572-6fad5ef53046,Five Holdings,,"","См. описание выше. Подразделение занимается реализацией и управлением жилыми и гостиничными активами группы.","",2025-11-13T00:22:50.907Z
0a529e81-c4ff-48e4-9caa-cbc4b25e3d62,Fortune 5,,"","Fortune 5 — это компания, которая начинала как агентство недвижимости, но расширила свою деятельность. В контексте девелопмента они часто выступают консультантами или партнерами, помогая реализовывать проекты, которые отвечают актуальным требованиям рынка.","",2025-11-13T00:22:50.884Z
9df5171f-36f7-42cd-873a-34f9ec79ef82,Forum Real Estate Development,https://files.alnair.ae/uploads/2025/10/43/a5/43a50c189b4788db0d5883a0557824a3.png,"","Forum Real Estate Development — международный девелопер полного цикла, работающий в Дубае с 2015 года. Компания не только повышает качество своих объектов, но и инвестирует в проекты в Европе и Азии. Приверженная улучшению качества жизни, Forum использует новейшие технологии и материалы. Их подход «Human-oriented development» устанавливает новые стандарты комфорта (например, проект в JVC).","{https://files.alnair.ae/uploads/2025/10/43/a5/43a50c189b4788db0d5883a0557824a3.png;https://files.alnair.ae/uploads/gallery_photo/2025/10/59/53/595340ad3f4312b0e6f7b37d2ea0c0fa.jpg;https://files.alnair.ae/uploads/gallery_photo/2024/3/dd/c4/ddc4e1c779df0764c282c82446ad2118.jpg;https://files.alnair.ae/uploads/gallery_photo/2024/9/6b/de/6bde0ba896f5aaeff0fe630f911359a8.jpg}",2025-11-13T00:22:50.910Z
23594c90-d958-491f-b028-82e3013205f6,GJ Properties,,"","GJ Properties — крупный девелопер в Аджмане, сыгравший ключевую роль в развитии рынка фрихолд-недвижимости эмирата. Компания известна такими проектами, как Ajman One Towers и Conqueror Tower. Они предлагают качественное жилье по доступным ценам, привлекая инвесторов, ищущих альтернативу рынку Дубая.","",2025-11-13T00:22:50.887Z
68655b6c-11f2-49bc-9132-09d088fd4603,Galaxy Realty,,"","Galaxy Realty — это девелопер, который фокусируется на создании бутиковых проектов с уникальной архитектурой. Компания стремится предложить рынку недвижимость, которая выделяется своим дизайном и вниманием к деталям.","",2025-11-13T00:22:50.894Z
ccfac9c8-3665-4d3c-8db8-ab7a08cf0392,Gemini Property Developers,,"","См. описание для Gemini Group в предыдущем ответе. Известный застройщик, сочетающий роскошь и технологии умного дома (проект Splendor).","",2025-11-13T00:22:50.920Z
5619d809-85cc-4c3b-b1aa-c7e49d2d9d1f,Ginco Properties,https://files.alnair.ae/uploads/2025/4/60/97/6097c885eef9614bbd132f40f0b95313.jpg,"","Менеджмент GINCO PROPERTIES (GP) верит в предоставление услуг 360° для целостного опыта проживания. Мы — пионеры в управлении крупномасштабными сообществами и башнями в Дубае. Команда постоянно внимательна к потребностям клиентов, что ведет к долгосрочным отношениям. Как одна из ведущих фирм, GP понимает ценность хорошо управляемой недвижимости, что максимизирует возврат инвестиций (ROI).","{https://files.alnair.ae/uploads/2025/4/60/97/6097c885eef9614bbd132f40f0b95313.jpg;https://files.alnair.ae/uploads/gallery_photo/2023/8/c6/d8/c6d8c253ed68f337947a762eb57fb9f4.png;https://files.alnair.ae/uploads/gallery_photo/2024/4/5f/7e/5f7e0d0e8c72015f9fdc9241dac5de80.jpg;https://files.alnair.ae/uploads/gallery_photo/2024/7/5f/ec/5fec2069c27931c702280a03c1c78a98.jpg;https://files.alnair.ae/uploads/gallery_photo/2025/5/86/0e/860ef28329f6a9378f22c69f4db85706.jpg}",2025-11-13T00:22:50.909Z
1bd60e0e-d452-4900-9aeb-c594fd97d7f4,Glorious Future,,"","Glorious Future — это девелопер, который стремится создать светлое будущее для своих клиентов через качественное жилье. Компания фокусируется на проектах, которые предлагают современный комфорт и доступность.","",2025-11-13T00:22:50.923Z
11d71c07-1567-4069-b22d-3ca765ce9797,Golden Woods,https://files.alnair.ae/uploads/2023/11/63/42/6342633ba15fb1c57fb5bfe3120f79fa.jpg,"","Golden Woods Real Estate Development — авторитетный семейный бизнес, основанный в 2013 году в Дубае. Специализируясь на разнообразных проектах, компания стремится к совершенству, смешивая инновации и экспертизу. Под руководством CEO Арифа Малиа, Golden Woods создает пространства, где дизайн сливается с функциональностью. Компания делает акцент на устойчивости и удовлетворенности клиентов, имея успешный опыт завершения знаковых проектов. Мы приглашаем всех стейкхолдеров формировать будущее вместе.","{https://files.alnair.ae/uploads/2023/11/63/42/6342633ba15fb1c57fb5bfe3120f79fa.jpg;https://files.alnair.ae/uploads/gallery_photo/2024/7/48/39/483978a694654b8b6aac8c66873e8807.png;https://files.alnair.ae/uploads/gallery_photo/2025/1/ce/2b/ce2b316108e9f5b44cd3e992e4066b06.jpg;https://files.alnair.ae/uploads/gallery_photo/2025/1/3a/7b/3a7b84d6d1db81b47a4ef14d18e23c6f.jpg;https://files.alnair.ae/uploads/gallery_photo/2025/10/24/36/2436c5367d084063d0c8267e9df86cd6.png;https://files.alnair.ae/uploads/gallery_photo/2024/7/74/ba/74ba8f7e46340965ffde09c3565fd4d4.png}",2025-11-13T00:22:50.926Z
40c0af5f-7785-4597-a9be-36befbe5ae0b,Green Group,https://files.alnair.ae/uploads/2025/1/b5/09/b509b845911695032009be04f91b3382.png,"","Green Group — девелопер из Дубая, движимый устойчивостью и ориентированный на клиента. Используя устойчивый менеджмент, Green Group является пионером в создании архитектурно уникальных и экологичных зданий (например, Signature Livings в JVC). От панелей ручной работы до подбора растений — внимание к деталям беспрецедентно. В условиях климатических изменений их миссия — делать жилые дома не просто красивыми, но и «зелеными», используя возобновляемую энергию.","{https://files.alnair.ae/uploads/2025/1/b5/09/b509b845911695032009be04f91b3382.png;https://files.alnair.ae/uploads/gallery_photo/2024/12/10/a5/10a5646fe255e8a4138d07f699dc9555.png;https://files.alnair.ae/uploads/gallery_photo/2024/12/28/1f/281f9086ecba7d74b6251c679351b588.png;https://files.alnair.ae/uploads/gallery_photo/2024/7/d1/5d/d15d645e229928b96969463c00b0cccd.jpg;https://files.alnair.ae/uploads/gallery_photo/2023/10/9b/16/9b16da34aae2dd6dde93792e8c199447.jpg;https://files.alnair.ae/uploads/gallery_photo/2025/1/3a/3d/3a3d4ac7e9d66271b2f39378f2d454ff.jpg}",2025-11-13T00:22:50.917Z
5fa004a7-c35e-473b-a18e-51b57ec0c8be,Green Horizon Development,https://files.alnair.ae/uploads/2025/10/62/f0/62f09556a6fca8137d4071c49d7e23d6.jpg,"","Green Horizon Developments уже более 15 лет переопределяет роскошную жизнь в Дубае, создавая премиальные пространства в престижных локациях. Компания сочетает современную архитектуру, устойчивость и тщательное внимание к деталям. Миссия — от концепции до завершения создавать пространства, которые вдохновляют, повышают качество жизни и обеспечивают долгосрочную ценность для резидентов и инвесторов.","{https://files.alnair.ae/uploads/2025/10/62/f0/62f09556a6fca8137d4071c49d7e23d6.jpg;https://files.alnair.ae/uploads/gallery_photo/2025/10/40/1e/401ef6b377077c78b1650f89636aa15f.jpg}",2025-11-13T00:22:50.930Z
76862449-0557-43cd-8f54-5e3f9e2b7eb4,Green Yard Properties Development,https://files.alnair.ae/uploads/2024/9/3e/92/3e926e3423805730f939f4db1b5696b0.jpg,"","Green Yard Properties Development — один из ведущих застройщиков, работающий над созданием экологически чистых проектов (например, Joya Blanca, Joya Dorado). Стремясь сохранить природу, девелопер использует передовые технологии. С момента основания Green Yard стремится представить проекты, олицетворяющие новый рассвет роскоши. Возглавляемая командой профессионалов, компания нацелена на создание объектов, дополняющих образ жизни резидентов.","{https://files.alnair.ae/uploads/2024/9/3e/92/3e926e3423805730f939f4db1b5696b0.jpg;https://files.alnair.ae/uploads/gallery_photo/2024/12/5e/50/5e507dee71eb329e3c835dc4197bbeaa.jpg;https://files.alnair.ae/uploads/gallery_photo/2024/9/03/48/03482796e8684a4c875f5fd37b47b599.png;https://files.alnair.ae/uploads/gallery_photo/2024/9/2d/10/2d1054ecf5ba7b687866a2117df9206e.jpg;https://files.alnair.ae/uploads/gallery_photo/2024/11/28/44/28440c88a8c01dd035ed51b8fcf6bd47.jpg}",2025-11-13T00:22:50.936Z
2c935fa4-7e89-4013-993a-b6d402446893,Grid Properties,,"","Grid Properties — это динамично развивающаяся девелоперская компания, входящая в состав группы, специализирующейся на строительстве и управлении недвижимостью. Компания фокусируется на реализации качественных жилых проектов в Абу-Даби и Дубае, уделяя внимание современному дизайну и устойчивому развитию.","",2025-11-13T00:22:50.933Z
f0b801c7-4589-4824-a78f-f1b4aa2dfbf6,Grovy Real Estate Development,https://files.alnair.ae/uploads/2025/5/e9/ae/e9ae3e5230a61fa3a3338c9d21e55678.png,"","Grovy — надежный застройщик, стремящийся к качеству, ценности и клиентоориентированности. Основанная в ОАЭ, Grovy Developers находится в авангарде индустрии, создавая проекты, сочетающие роскошь, функциональность и современный дизайн. За более чем десятилетний опыт Grovy реализовала знаковые проекты, такие как Alcove, Aria и Aura в JVC. Каждый из них отражает приверженность компании предоставлению премиального опыта жизни и надежного инвестиционного потенциала.","{https://files.alnair.ae/uploads/2025/5/e9/ae/e9ae3e5230a61fa3a3338c9d21e55678.png;https://files.alnair.ae/uploads/gallery_photo/2025/7/cb/d5/cbd55c5b9d88e8886b7f57a040e14dcb.png;https://files.alnair.ae/uploads/gallery_photo/2024/9/b7/2c/b72cb23f7aa71a72d8a38b37af41158e.jpg;https://files.alnair.ae/uploads/gallery_photo/2025/5/8a/d3/8ad3b9a6d6ea7140ffcf913d8e2fceb4.jpg;https://files.alnair.ae/uploads/gallery_photo/2024/9/75/b6/75b6458aad6bb365f3eee4849d973b71.jpg;https://files.alnair.ae/uploads/gallery_photo/2024/9/d1/5a/d15aca24ca1ca24b85207132f4487ac1.jpg}",2025-11-13T00:22:50.942Z
acef8a3e-c405-4006-ab3b-bdaf571007d7,Gulf House Real Estate Development,,"","Gulf House — это девелопер, который фокусируется на создании доступного жилья в быстроразвивающихся районах Дубая. Компания стремится предложить качественные квартиры с эффективными планировками, ориентируясь на потребности молодых семей и инвесторов.","",2025-11-13T00:22:50.939Z
ba896adf-3617-42ed-b003-f004cdc58e67,Gulf Land Property Developers,https://files.alnair.ae/uploads/2023/8/72/39/7239dfc95e27b95900081b0ace54c993.jpg,"","Gulf Land Property Developers — признанный игрок на рынке ОАЭ. Наше ноу-хау в недвижимости признано благодаря разнообразию экспертизы и успеху проектов. Мы инвестируем в территории, повышая их привлекательность и поддерживая инновации, создавая уникальный стиль жизни. Gulf Land создала стратегическую синергию, позволяющую выделяться на всех основных рынках (проекты: Paradise Hills).","{https://files.alnair.ae/uploads/2023/8/72/39/7239dfc95e27b95900081b0ace54c993.jpg;https://files.alnair.ae/uploads/gallery_photo/2024/7/f9/39/f939785f0007a2896679671657e6108c.jpg;https://files.alnair.ae/uploads/gallery_photo/2024/5/bc/26/bc26aba2f939d273fed49e7745c0f8e2.jpg;https://files.alnair.ae/uploads/gallery_photo/2022/12/c9/8f/c98f8526d6193b4fbc0e2d778362ed77.jpg;https://files.alnair.ae/uploads/gallery_photo/2023/10/ce/27/ce27cbcab8879ba118fadb6ce094b072.jpg}",2025-11-13T00:22:50.946Z
1d4d7bb1-310c-45bb-9c4d-54e2e2215dd1,H&H Development,https://files.alnair.ae/uploads/2023/6/f3/db/f3dbff1b9db7d38e60531480827cefe8.jpg,"","Основанная в 2007 году Шахабом Лутфи и Мохамедом Аль Хуссейни, H&H Development предлагает широкий спектр услуг: от девелопмента до управления недвижимостью и дизайна интерьеров. Компания предоставляет уникальный подход «все в одном». H&H известна созданием знаковых проектов, таких как Four Seasons Hotel DIFC и Jumeirah, а также Eden House, переопределяя стандарты роскоши и дизайна в Дубае.","{https://files.alnair.ae/uploads/2023/6/f3/db/f3dbff1b9db7d38e60531480827cefe8.jpg;https://files.alnair.ae/uploads/gallery_photo/2023/6/b6/e3/b6e3d6b8224fc217981c5dd9f9f70c00.jpg;https://files.alnair.ae/uploads/gallery_photo/2024/1/c9/8a/c98a3f3f77c0b2e4713ad3bf490c6258.png;https://files.alnair.ae/uploads/gallery_photo/2024/4/f7/70/f770cc7b1585eb4b98e72f9588db8970.jpg;https://files.alnair.ae/uploads/gallery_photo/2024/2/a1/84/a184bae668e1c41aaa3a00ac25878673.jpg;https://files.alnair.ae/uploads/gallery_photo/2024/10/76/3b/763be8a49013f0bbbae3517ef71b3775.jpg;https://files.alnair.ae/uploads/gallery_photo/2024/2/6a/05/6a05000cb28a1f6532be1790c6cad3e7.jpg;https://files.alnair.ae/uploads/gallery_photo/2024/12/e6/a4/e6a45c75db0a5bc6016c28fec389ea5a.jpg;https://files.alnair.ae/uploads/gallery_photo/2025/5/98/58/98583928a8fea440957c64f0cd413101.png;https://files.alnair.ae/uploads/gallery_photo/2025/1/29/72/297294a40d6303bb8ce895164c48e22a.jpg;https://files.alnair.ae/uploads/gallery_photo/2024/9/23/64/2364fb790aa04cfdf94da250d5040ff9.jpg;https://files.alnair.ae/uploads/gallery_photo/2024/5/91/1f/911ff2d887badd929c58e16e39a89deb.jpg;https://files.alnair.ae/uploads/gallery_photo/2024/4/d4/26/d426b45cd531be03324ec260b494053a.jpg}",2025-11-13T00:22:50.949Z
d474ec75-6d0e-48ef-ba56-b8309041fd02,HMB Homes,https://files.alnair.ae/uploads/2023/5/8c/99/8c9904ea7c253925b914f5f0eee785eb.png,"","Это девелоперское подразделение HMB (см. выше), которое использует накопленный опыт в продажах и маркетинге для создания собственных жилых проектов, отвечающих текущему спросу на рынке (например, Beverly Boulevard в Arjan).","{https://files.alnair.ae/uploads/2023/5/8c/99/8c9904ea7c253925b914f5f0eee785eb.png;https://files.alnair.ae/uploads/gallery_photo/2025/9/26/37/263789e655466852188ae7b4eb64607f.jpg;https://files.alnair.ae/uploads/gallery_photo/2024/9/dc/ac/dcacc8551d32fddb64b475da97c5fcd7.jpg;https://files.alnair.ae/uploads/gallery_photo/2025/1/59/04/59040301f03ac4c5a0d311343014e4f8.jpg;https://files.alnair.ae/uploads/gallery_photo/2024/2/96/46/9646d512ae4cc21d0366582848a285d2.jpg;https://files.alnair.ae/uploads/gallery_photo/2024/9/4d/f4/4df43e9aed4a5e7611c96f2a151c9bcf.jpg;https://files.alnair.ae/uploads/gallery_photo/2025/4/3b/7b/3b7b999081b9a59301a773e92d20f651.jpg;https://files.alnair.ae/uploads/gallery_photo/2024/12/fd/3a/fd3a551131defaba5bd56c71f0c797a9.jpg;https://files.alnair.ae/uploads/gallery_photo/2023/4/e1/ed/e1edc2f4a7d488ade25dd4ee533b8660.jpg;https://files.alnair.ae/uploads/gallery_photo/2023/10/6e/cf/6ecfd56183ff579c0912265dc060b1ed.png}",2025-11-13T00:22:50.948Z
9c4a6df0-9624-493a-87b6-622427fd8fb6,HRE Development,https://files.alnair.ae/uploads/2025/2/7e/28/7e289756cd4dee4b371e21d1a086a661.png,"","Изначально созданная как строительная компания, HRE Development за последние 22 года эволюционировала в ведущего девелопера ОАЭ. Опираясь на собственное строительное подразделение, 3 года назад компания перешла к девелопменту, гарантируя точность, эффективность и целеустремленность при создании своих проектов (например, Skyhills Residences).","{https://files.alnair.ae/uploads/2025/2/7e/28/7e289756cd4dee4b371e21d1a086a661.png;https://files.alnair.ae/uploads/gallery_photo/2024/9/96/16/96168a11c33ae7e0f2f09d4b251a95ae.jpg;https://files.alnair.ae/uploads/gallery_photo/2024/1/de/8f/de8fcc61e665a5bcee5a181d3142b571.jpg;https://files.alnair.ae/uploads/gallery_photo/2025/10/40/ef/40ef393271b24e3aedb54d98381990a1.png;https://files.alnair.ae/uploads/gallery_photo/2025/5/01/38/013841f2262aa3d0f9c26c69a3e28242.png;https://files.alnair.ae/uploads/gallery_photo/2025/10/3a/1f/3a1f4bf0d07ba95e41acedfb01b981e1.jpg;https://files.alnair.ae/uploads/gallery_photo/2025/2/ea/1c/ea1ce09274db8d64e9c50befec62ced8.jpg;https://files.alnair.ae/uploads/gallery_photo/2024/11/ff/68/ff6844bcbabbe3d1280faf7b734accd6.jpg;https://files.alnair.ae/uploads/gallery_photo/2024/9/1a/89/1a8952d9de879f5da6bdb1eeb5d6253d.jpg}",2025-11-13T00:22:50.958Z
66d94ebe-454e-4816-af18-b77b678da32d,HZ Development,https://files.alnair.ae/uploads/2025/3/1e/92/1e92e0703e5e0b2b1af9059d3c958d80.png,"","См. описание выше. Это альтернативное написание бренда, активного в создании качественных жилых пространств.","{https://files.alnair.ae/uploads/2025/3/1e/92/1e92e0703e5e0b2b1af9059d3c958d80.png;https://files.alnair.ae/uploads/gallery_photo/2025/8/84/d1/84d1ad43210cc1d335fb9bf8a44dbb3c.jpg;https://files.alnair.ae/uploads/gallery_photo/2025/4/c9/ee/c9eec11f0db490851e4d3fb510fb88ab.jpg;https://files.alnair.ae/uploads/gallery_photo/2025/3/cd/fd/cdfd555bc87c230b22fd107fa5cb3cdd.jpg;https://files.alnair.ae/uploads/gallery_photo/2024/12/48/4d/484d72cc658cbaf34506974b05f674c0.jpg;https://files.alnair.ae/uploads/gallery_photo/2024/12/b3/a3/b3a38f2b378594f83f387308e6af3b14.jpg;https://files.alnair.ae/uploads/gallery_photo/2024/12/e2/94/e294027a602f0a51a6746b113fbe6b1e.jpg;https://files.alnair.ae/uploads/gallery_photo/2024/12/ce/98/ce986e010d60004a4909e54371118ed5.jpg}",2025-11-13T00:22:50.954Z
cbd2c0b5-53f0-4593-8687-79a4fc9569c0,Hayaat Developments,https://files.alnair.ae/uploads/2025/4/31/01/31017089833471771eac2a83b7a55619.png,"","Единственная цель Hayaat Developments — быть признанным самым инновационным и надежным застройщиком Дубая. Мы создаем индивидуальную роскошную недвижимость, балансируя форму и функцию (например, Hayaat Boulevard). Наши проекты направляются экспертами отрасли. Держа руку на пульсе, мы находим возможности, чтобы продемонстрировать нашу заботу, устойчивость и внимание к деталям.","{https://files.alnair.ae/uploads/2025/4/31/01/31017089833471771eac2a83b7a55619.png;https://files.alnair.ae/uploads/gallery_photo/2025/4/53/39/53398853ea4eb4c8ba6738a5458d8da6.jpg}",2025-11-13T00:22:50.965Z
446ffdf0-8bdb-4169-8877-d72e811ae7c9,Heilbronn Properties Ltd.,,"","См. описание выше. Это юридическое название компании, которая часто работает как генподрядчик и девелопер собственных проектов.","",2025-11-13T00:22:50.992Z
7c5cd812-9a93-4ad3-838d-dac794d3ca14,IGO,https://files.alnair.ae/uploads/2025/2/dc/73/dc731676e134e6b041a7f54fa7325d35.jpg,"","Invest Group Overseas (IGO) — ведущая инвестиционно-девелоперская компания, основанная доктором Моафаком Аль Гаддахом. IGO стала значительным участником роста региона, предоставляя премиальную недвижимость. Проекты компании (The Estate, IGO 101) отличаются качеством и стратегическим расположением, внося вклад в развитие Дубая и других городов.","{https://files.alnair.ae/uploads/2025/2/dc/73/dc731676e134e6b041a7f54fa7325d35.jpg;https://files.alnair.ae/uploads/gallery_photo/2025/2/3a/58/3a58afb31f24153a95a3adf2b1d962da.jpg}",2025-11-13T00:22:50.968Z
658083ed-11fa-4a13-8c36-c7a7727a38dd,IKR Development,https://files.alnair.ae/uploads/2025/5/d0/b9/d0b97ae0b8d1bc526ef24137c611d5c1.png,"","IKR Development — девелопер с более чем 30-летним опытом строительства, зародившийся в Пакистане и активно расширяющийся в Дубае. Компания фокусируется на архитектурной выразительности и качестве (проект Provenza Residences в JVC). IKR стремится создавать жилые пространства, сочетающие эстетику и функциональность.","{https://files.alnair.ae/uploads/2025/5/d0/b9/d0b97ae0b8d1bc526ef24137c611d5c1.png;https://files.alnair.ae/uploads/gallery_photo/2025/5/a4/3e/a43e8d3fe80f473c33f40d00c3462af2.jpg}",2025-11-13T00:22:50.994Z
26ad3ca3-413c-4909-9721-886a5fa823f1,Iman Developers,https://files.alnair.ae/uploads/2023/5/6f/b2/6fb266d09afd61b43e645e7b8612b02e.png,"","В 2016 году был заложен первый кирпич Iman Developers. Мы вошли в индустрию с целью установить высокие стандарты качества жилья для семей. Инновационная ценность делает нас одними из лучших. С первого проекта (Oxford Gardens, Oxford Terraces) мы фокусируемся на создании лучшей жизни в лучших локациях, предлагая современные удобства и стильный дизайн.","{https://files.alnair.ae/uploads/2023/5/6f/b2/6fb266d09afd61b43e645e7b8612b02e.png;https://files.alnair.ae/uploads/gallery_photo/2023/6/6a/41/6a412f1dae3b4136933d4e281bc8964c.png;https://files.alnair.ae/uploads/gallery_photo/2023/5/f0/45/f0459999bd8d80b5be7f01485e81d888.png;https://files.alnair.ae/uploads/gallery_photo/2024/4/ff/53/ff53ff1a7f7579d2c6d31e9784609031.jpg;https://files.alnair.ae/uploads/gallery_photo/2024/3/10/cc/10cc169d8d91b77bd1efe9e838406f73.jpg;https://files.alnair.ae/uploads/gallery_photo/2024/9/07/41/0741b03b6c83ac69523a03a73c7258c9.jpg;https://files.alnair.ae/uploads/gallery_photo/2025/2/3b/44/3b4487caf132fe32223ca4efef2d5ae0.jpg;https://files.alnair.ae/uploads/gallery_photo/2025/8/6d/23/6d23d3ee585485cf81823368b3fa6ebe.jpg;https://files.alnair.ae/uploads/gallery_photo/2022/12/a5/70/a5703cc072e743a1b3e2cff0dd0cb7c2.jpg;https://files.alnair.ae/uploads/gallery_photo/2024/12/8a/c7/8ac7b53f10d0981f681a5b65b364cc1d.jpg;https://files.alnair.ae/uploads/gallery_photo/2023/7/dd/97/dd977ef1043638540571b9c32ee28a7d.png;https://files.alnair.ae/uploads/gallery_photo/2024/12/45/bd/45bd56c82ed7a2a7cf0d51714b2cefc4.png;https://files.alnair.ae/uploads/gallery_photo/2023/5/75/f6/75f68a8ec14fdbdebb9c24138aadfaf7.png;https://files.alnair.ae/uploads/gallery_photo/2023/10/87/65/87658d1d66b2103f44d319a4ca4bcf7f.png;https://files.alnair.ae/uploads/gallery_photo/2024/11/a3/ff/a3ffc9ec948e969ff67077e95f16a745.jpg;https://files.alnair.ae/uploads/gallery_photo/2023/7/16/99/1699c33fdfe13f07ce371720aea89e91.png}",2025-11-13T00:22:50.983Z
aad3b781-7133-43e0-90f3-50bc23dcb093,Imtiaz,https://files.alnair.ae/uploads/2024/12/a3/07/a30749705ecf32ffdb546fe98a80faf3.png,"","См. описание выше для Imtiaz. Бренд известен своим бутиковым подходом к строительству и вниманием к дизайну интерьеров.","{https://files.alnair.ae/uploads/2024/12/a3/07/a30749705ecf32ffdb546fe98a80faf3.png;https://files.alnair.ae/uploads/gallery_photo/2024/3/f8/d3/f8d3e112e8eb11ec78df8653067a73f6.jpg;https://files.alnair.ae/uploads/gallery_photo/2025/8/85/9a/859a085f2d35b40a51536b239f08502a.jpg;https://files.alnair.ae/uploads/gallery_photo/2023/6/82/59/8259e742cdaa7aed61e157f42a3c19e6.jpg;https://files.alnair.ae/uploads/gallery_photo/2025/10/f4/8d/f48d058fdce3a7cb430038a58bcc7885.jpg;https://files.alnair.ae/uploads/gallery_photo/2024/12/a1/22/a1227a85a9737b1f85738650ea46fe61.jpg;https://files.alnair.ae/uploads/gallery_photo/2024/12/14/a5/14a5f07ebc289c3d43343e00fc728f3e.jpg;https://files.alnair.ae/uploads/gallery_photo/2025/7/12/b9/12b9506ec7856bc468bc9181de7f184d.jpg;https://files.alnair.ae/uploads/gallery_photo/2024/11/dc/10/dc104b4684570e5d7f45dcdb118062e3.jpg;https://files.alnair.ae/uploads/gallery_photo/2025/2/03/2b/032b0dd7e083cfda4a8944240c24520b.jpg;https://files.alnair.ae/uploads/gallery_photo/2024/11/d4/5b/d45b9f0bd67838122143771588c75763.jpg;https://files.alnair.ae/uploads/gallery_photo/2025/10/47/93/47937645f1a406e04593ade094ec3c46.jpg;https://files.alnair.ae/uploads/gallery_photo/2025/10/7f/00/7f0020fa4942d9c643386781342c21af.jpg;https://files.alnair.ae/uploads/gallery_photo/2024/11/d2/95/d29521629ac30e908b6e461dfe6b87e8.jpg;https://files.alnair.ae/uploads/gallery_photo/2025/4/75/7c/757c21bccdb8f5c2ddca41283c90bcf0.jpg;https://files.alnair.ae/uploads/gallery_photo/2025/2/7c/c8/7cc8262a7a3ec8712d9ed254137e9f2f.jpg;https://files.alnair.ae/uploads/gallery_photo/2025/5/fa/2d/fa2dd25d8c6a5f5c2601f56fe0e99c06.jpg;https://files.alnair.ae/uploads/gallery_photo/2025/5/0f/49/0f4903d0392bb7c866539c3af1ad7367.jpg;https://files.alnair.ae/uploads/gallery_photo/2025/5/2b/b7/2bb703b44f8a14a844b36fdd7078a805.jpg;https://files.alnair.ae/uploads/gallery_photo/2025/9/10/85/1085075c28a49546f42d0e3f0e34a09e.jpg;https://files.alnair.ae/uploads/gallery_photo/2025/11/aa/29/aa292b16555c61a3c250e0d3a92f67bd.jpg;https://files.alnair.ae/uploads/gallery_photo/2025/3/90/fc/90fc2dde4690661197084ac12e50087d.jpg;https://files.alnair.ae/uploads/gallery_photo/2024/11/2e/33/2e337b07edb60a2ce67bc7753f5bfa42.jpg;https://files.alnair.ae/uploads/gallery_photo/2024/12/90/3d/903df20319e9e32f6829f0845f25d206.jpg;https://files.alnair.ae/uploads/gallery_photo/2025/3/14/ea/14eacacedbf78c6c040736990cf242da.jpg;https://files.alnair.ae/uploads/gallery_photo/2025/5/61/2f/612f1106a25d312510ba5cd9e370404a.jpg;https://files.alnair.ae/uploads/gallery_photo/2023/7/22/73/227353bbf42b7596ccc47e431c28af64.jpg;https://files.alnair.ae/uploads/gallery_photo/2023/8/6d/df/6ddfe72a42a3f4ecd4c72dafa10d3a17.png;https://files.alnair.ae/uploads/gallery_photo/2024/12/2f/0f/2f0f3f13c4bc429257eb1d0a5ea81f88.jpg;https://files.alnair.ae/uploads/gallery_photo/2024/2/b7/a4/b7a4ee1822230e36d515a02bb61087da.jpg;https://files.alnair.ae/uploads/gallery_photo/2025/4/d7/94/d7941154884ac11308d6d2637af45694.jpg;https://files.alnair.ae/uploads/gallery_photo/2024/1/c2/b1/c2b120fe77cfc282ddde15756993f830.jpg;https://files.alnair.ae/uploads/gallery_photo/2024/4/64/32/643250a032e255cf5257d47244dffd2e.jpg;https://files.alnair.ae/uploads/gallery_photo/2024/7/2f/58/2f5819318d7c6496bde2d8d966c7e6a1.jpg;https://files.alnair.ae/uploads/gallery_photo/2024/7/72/3d/723dcf25929d6faeaa1de01516f6712d.jpg;https://files.alnair.ae/uploads/gallery_photo/2024/9/30/48/30482c570ed0d19b14c6e8170dd23c98.jpg;https://files.alnair.ae/uploads/gallery_photo/2024/10/2f/d0/2fd0525551f26aa2d5b6989b09d94831.jpg}",2025-11-13T00:22:50.989Z
482e8020-2064-4d0c-8e14-bba624e1ce76,Infracorp,,"","Infracorp — это инвестиционная компания, специализирующаяся на социальной инфраструктуре и устойчивом развитии. Базируясь в Бахрейне, они расширяют деятельность на регион, инвестируя в недвижимость и проекты смешанного использования, которые способствуют долгосрочному росту сообществ.","",2025-11-13T00:22:50.971Z
adaaa4c0-9c7c-497e-a403-f97477b3f4ae,Iquna Properties,,"","Iquna Properties — это девелоперская компания, которая стремится предложить уникальные жилые концепции. Они фокусируются на создании современной и функциональной недвижимости, отвечающей требованиям сегодняшнего рынка.","",2025-11-13T00:22:50.977Z
b15c1b20-91ce-4fb1-9128-55047f4290f5,Iraz Developments,https://files.alnair.ae/uploads/2024/7/2d/ed/2ded74d66a75b94be45557edde29872f.jpg,"","Iraz Developments отражает динамичную эволюцию ОАЭ. Соучредители Ирфан Хокар и Хассан Раза, наблюдавшие за переходом рынка ОАЭ в глобальный хаб, объединили свой 28-летний опыт для создания компании. Используя обширные знания, Iraz стремится способствовать инновациям в недвижимости. С приверженностью качеству и устойчивости, компания нацелена на значительный вклад в сектор недвижимости ОАЭ (проекты в JVC, Arjan).","{https://files.alnair.ae/uploads/2024/7/2d/ed/2ded74d66a75b94be45557edde29872f.jpg;https://files.alnair.ae/uploads/gallery_photo/2024/7/12/10/1210219d8bc1986b6c7b6f8af4a83539.jpg}",2025-11-13T00:22:50.997Z
2d29f3a5-df1c-4e04-a642-212fd29dee8c,Irth Development,https://files.alnair.ae/uploads/2024/2/52/fd/52fdc3e193fe4a694058d27b1ad10d29.jpg,"","IRTH воплощает сущность наследия, укореняя свои корни в сердце динамичного Дубая. Являясь частью уважаемого местного семейного конгломерата (семья Аль-Шамси), наша частная инвестиционная платформа черпает силу из более чем вековой истории. IRTH строится на трех ценностях: Доверие, Сила и Гибкость. Мы гордимся тем, что стоим в ряду элитных учреждений ОАЭ. Наше влияние расширяется благодаря партнерству с гостиничными брендами (например, Rove Hotels), обогащая портфолио разнообразными проектами в Дубае и за рубежом.","{https://files.alnair.ae/uploads/2024/2/52/fd/52fdc3e193fe4a694058d27b1ad10d29.jpg;https://files.alnair.ae/uploads/gallery_photo/2023/9/50/09/500982d3d6d94a04fcd65a7484e8a3cb.jpg;https://files.alnair.ae/uploads/gallery_photo/2024/2/eb/4d/eb4d612309ca303c2ebc619c46472c26.jpg;https://files.alnair.ae/uploads/gallery_photo/2024/12/4c/93/4c93cd3e81ba853caebcb39911e4c433.jpg;https://files.alnair.ae/uploads/gallery_photo/2025/9/99/49/9949dd963d9a3a2ba9fb7fe5d5963dc9.jpg}",2025-11-13T00:22:51.002Z
24fcaa0b-82e8-496b-a70b-c87cc3fa09cf,Ithra Dubai,,"","Ithra Dubai — девелоперская компания, полностью принадлежащая Investment Corporation of Dubai (ICD). Созданная для развития стратегических проектов в сфере недвижимости, Ithra Dubai отвечает за такие знаковые инициативы, как Deira Enrichment Project и One Za’abeel. Миссия компании — обогащать социальную ткань Дубая, создавая смешанные сообщества, которые сохраняют культурное наследие и предлагают современный уровень жизни.","",2025-11-13T00:22:50.999Z
6a68221e-9011-48b3-91e6-c6b81f104348,Januss Developers,https://files.alnair.ae/uploads/2024/11/89/16/8916ce451e708b340bb53379e6008b64.png,"","Основанная на принципах баланса, спокойствия и устойчивости, Januss Real Estate Developers — дальновидная компания, сочетающая наследие с современным дизайном. Черпая вдохновение в вечных ценностях, Januss создает гармоничные пространства, улучшающие самочувствие. Посвященная человекоцентричному дизайну, компания ставит в приоритет комфорт жителей, бесшовно интегрируя природу и зелень в свои проекты, чтобы переосмыслить современную жизнь.","{https://files.alnair.ae/uploads/2024/11/89/16/8916ce451e708b340bb53379e6008b64.png;https://files.alnair.ae/uploads/gallery_photo/2024/11/67/b3/67b3dc85dbccdd963849c220ae747a27.jpg}",2025-11-13T00:22:51.004Z
89ea27b0-c284-48e7-b9fb-66057dc05a0e,Kappa Acca Real Estate Development,https://files.alnair.ae/uploads/2023/10/c5/ab/c5aba2a8c3c30f32f563903a8acdfeb1.jpg,"","Девелопер Kappa Acca (часть Khamas Group) — уважаемая строительная компания в ОАЭ. Знаковые проекты включают 14-этажный отель The Ritz-Carlton и жилой комплекс MAMA Residences в Business Bay с ультра-роскошными пентхаусами. При разработке проектов девелопер уделяет внимание не только планировке жилья, но и развитию внутренней инфраструктуры, создавая первоклассные условия для работы и отдыха.","{https://files.alnair.ae/uploads/2023/10/c5/ab/c5aba2a8c3c30f32f563903a8acdfeb1.jpg;https://files.alnair.ae/uploads/gallery_photo/2024/1/13/15/1315c0082fe8f170e99767f78e16d9a5.jpg;https://files.alnair.ae/uploads/gallery_photo/2024/1/8d/05/8d05f5b148284ba721874ebc03274c81.jpg;https://files.alnair.ae/uploads/gallery_photo/2023/2/0f/ae/0fae45f38097e9cc395321bbd8748a3b.jpg}",2025-11-13T00:22:51.007Z
db1bdf8b-707c-4a1e-aa87-832befde5e23,Karma Development,https://files.alnair.ae/uploads/2025/6/b4/7b/b47bac79490bf27d87b893bf3f8d1900.jpg,"","Karma Developers успешно зарекомендовала себя в конкурентной сфере девелопмента среднего размера в ОАЭ. Наша экспертиза распространяется на сложные, мультилокационные проекты, предлагая инновационные решения. Группа компаний Karma обладает десятилетиями опыта в создании роскошных домов и коммерческой недвижимости, имея множество знаковых проектов под разными брендами на Индийском субконтиненте, Ближнем Востоке, Кипре и в Великобритании.","{https://files.alnair.ae/uploads/2025/6/b4/7b/b47bac79490bf27d87b893bf3f8d1900.jpg;https://files.alnair.ae/uploads/gallery_photo/2024/1/64/c9/64c973671c769cbed8516dcae4269d61.jpg;https://files.alnair.ae/uploads/gallery_photo/2024/12/7a/50/7a50f46898e0aca9a2f4f057c5fa1b2c.jpg;https://files.alnair.ae/uploads/gallery_photo/2024/6/74/fa/74fab5ac3f369a218895c931241d01fb.jpg;https://files.alnair.ae/uploads/gallery_photo/2025/5/22/6e/226ea78d5fc37860a049a546c7b65938.jpg}",2025-11-13T00:22:51.010Z
dac87272-b426-4032-9ed8-dde06d9d4442,Kasco Real Estate Development,https://files.alnair.ae/uploads/2025/2/8d/37/8d3735b51cfba04448721d999c0d2d1c.jpg,"","KASCO Development является ведущей силой в девелопменте с момента основания. Мы специализируемся на уникальных жилых (Onda Tower, K1 Residence) и коммерческих проектах. Наши комплексные услуги охватывают строительство, девелопмент, продажи и лизинг, предлагая решение «все в одном». В KASCO наша команда — самый ценный актив, чей опыт играет ключевую роль в успехе на каждом этапе проекта.","{https://files.alnair.ae/uploads/2025/2/8d/37/8d3735b51cfba04448721d999c0d2d1c.jpg;https://files.alnair.ae/uploads/gallery_photo/2024/8/52/77/5277724113731085c9b2d0173d7e0b10.jpg;https://files.alnair.ae/uploads/gallery_photo/2024/10/f7/25/f725f96351208d5d5bec9d57ba4b70ef.jpg;https://files.alnair.ae/uploads/gallery_photo/2025/5/70/91/709152643a22d42ab70a1b98d139f95e.jpg;https://files.alnair.ae/uploads/gallery_photo/2024/12/b0/f8/b0f81fe9bf80edcf0ec6b3d06c83cfeb.jpg}",2025-11-13T00:22:51.013Z
2cf2de05-e3c3-4104-88d7-18538a498c42,Khamas Group,,"","См. описание для Kappa Acca. Это полное название структуры, объединяющей инвестиционную мощь Khamas Group и девелоперскую экспертизу Kappa Acca для реализации флагманских проектов, таких как Mama Shelter Dubai.","",2025-11-13T00:22:51.018Z
d80e22dc-6823-4cdc-a18a-1b8cf1a90d31,LIV,https://files.alnair.ae/uploads/2025/3/e7/2d/e72d987d4ddef41178db69455fff6ac2.png,"","См. описание для PG Properties. Девелоперское крыло Pure Gold Group, привносящее стандарты роскоши и доверия в строительство жилья.","{https://files.alnair.ae/uploads/2025/3/e7/2d/e72d987d4ddef41178db69455fff6ac2.png;https://files.alnair.ae/uploads/gallery_photo/2025/3/51/ef/51ef31b30755810ba5d853424196ad66.jpg}",2025-11-13T00:22:51.020Z
a0f993bd-f29b-4453-a834-d6cc47270f4b,LMD,,"","LMD (Land Mark Developments) — ведущий египетский девелопер, вышедший на международный уровень, включая Дубай. Компания известна созданием высококачественных сообществ и коммерческих проектов. В Дубае LMD реализует проекты, которые привносят их опыт в создании роскошных и функциональных пространств на рынок ОАЭ.","",2025-11-13T00:22:51.023Z
f95b2f58-eda0-4b1b-8aac-398ccb03b65d,Lamar Development,,"","Lamar Development — это застройщик, который фокусируется на создании знаковых проектов на набережных. Примером может служить проект в районе Al Raha Beach в Абу-Даби. Компания стремится предлагать роскошное жилье с уникальными видами и премиальной инфраструктурой.","",2025-11-13T00:22:51.025Z
704a6eee-d6f1-4e89-a0cf-6e3de8d9c978,Lapis Properties,https://files.alnair.ae/uploads/2025/5/58/13/58130e0fb127e7c21d600bcb9819be30.jpg,"","Lapis Properties — девелоперская компания из Дубая с более чем 12-летним опытом на рынках Ближнего Востока и Турции. Специализируется на премиальной жилой и коммерческой недвижимости, сочетающей инновационный дизайн, качество и устойчивые технологии. Lapis предлагает широкий спектр услуг: от архитектурного проектирования и управления проектами до инвестиционного консалтинга и отделки интерьеров.","{https://files.alnair.ae/uploads/2025/5/58/13/58130e0fb127e7c21d600bcb9819be30.jpg;https://files.alnair.ae/uploads/gallery_photo/2025/5/4f/4f/4f4f633daa82ff64b070bb871f7181e5.jpg;https://files.alnair.ae/uploads/gallery_photo/2025/11/0f/c0/0fc04923030b7a1b139df4e420f2c5a7.jpg}",2025-11-13T00:22:51.028Z
7a13ee37-318f-48bc-8745-dfc71b678c11,Laraix,https://files.alnair.ae/uploads/2025/3/e6/38/e6389a834a3d8ce29e74862bcc7d80ce.jpg,"","Имея прочный фундамент с 2016 года, Laraix Group заработала репутацию надежной организации в различных отраслях. Используя десятилетия опыта и семейное наследие, Laraix Developers отмечает стратегический выход на рынок недвижимости ОАЭ. Наше видение — переосмыслить современное владение жильем в Дубае, создавая элегантную, роскошную недвижимость (например, в JVC), которая сочетает вневременной дизайн с разумным ценообразованием.","{https://files.alnair.ae/uploads/2025/3/e6/38/e6389a834a3d8ce29e74862bcc7d80ce.jpg;https://files.alnair.ae/uploads/gallery_photo/2025/11/0e/c0/0ec02fd2bcbdc9c6149a37097807fce8.jpg;https://files.alnair.ae/uploads/gallery_photo/2025/3/67/10/67101688d94f40af5fd8a81113fa14eb.jpg}",2025-11-13T00:22:51.031Z
c6e6fe60-ce0d-496d-89d3-ffa364762a16,Laya Developers,,"","Laya Developers, подразделение Akshara Global, специализируется на строительстве жилых зданий, которые воплощают роскошь и доступность. Компания успешно завершила несколько проектов, таких как Laya Residences и Laya Mansion, завоевав доверие благодаря вниманию к деталям, качественной отделке и своевременной сдаче. Их философия — создавать не просто квартиры, а дома.","",2025-11-13T00:22:51.034Z
59f828d0-ac05-4d1d-8e8b-2211d08d8e54,Leos Development,https://files.alnair.ae/uploads/2025/4/56/58/5658ab7d3aea0e009ac7d3e765c2826f.png,"","LEOS — международный застройщик недвижимости и лайфстайла мирового класса с офисами в Великобритании и ОАЭ. Штаб-квартира в Вейбридже (Суррей), опыт-центр в Дубае. LEOS стремится к совершенству через дизайн в жилой недвижимости, создавая высококачественные сообщества в востребованных локациях (например, Weybridge Gardens). Команда LEOS — эксперты в жилой, коммерческой и смешанной недвижимости, охватывающие весь цикл: от поиска земли и финансирования до строительства и управления активами.","{https://files.alnair.ae/uploads/2025/4/56/58/5658ab7d3aea0e009ac7d3e765c2826f.png;https://files.alnair.ae/uploads/gallery_photo/2025/10/1d/34/1d3439b28c47d625cd9f464dd41f7394.jpg;https://files.alnair.ae/uploads/gallery_photo/2024/9/61/1e/611ec2854e185aef24115cdf650daeb9.jpg;https://files.alnair.ae/uploads/gallery_photo/2024/7/99/62/996283a4e2984aa2c471faff0abe91ad.jpg;https://files.alnair.ae/uploads/gallery_photo/2024/11/ba/de/badef4418b97711f8cd7929cb8517358.jpg;https://files.alnair.ae/uploads/gallery_photo/2024/12/16/3b/163bc725048681be382c061e65a27651.png;https://files.alnair.ae/uploads/gallery_photo/2024/12/c3/53/c353087a5188c618974bf1e39aee34a8.jpg;https://files.alnair.ae/uploads/gallery_photo/2025/5/32/22/32220795b2f8bd0bef7bfd0d6285defa.jpg;https://files.alnair.ae/uploads/gallery_photo/2025/4/42/59/42598a8a7cf80c303a065219ee4a6c82.png;https://files.alnair.ae/uploads/gallery_photo/2023/5/f7/6d/f76dfa2cc956051d53857cc61dad01e4.jpg;https://files.alnair.ae/uploads/gallery_photo/2023/9/36/1a/361a9d769e5696e8081ffcedcfbebc80.png;https://files.alnair.ae/uploads/gallery_photo/2024/1/ea/d1/ead1cce083a17418b93cf6d9d767b575.jpg;https://files.alnair.ae/uploads/gallery_photo/2024/12/15/40/1540acb421f0979f872ac92feb0311b8.png}",2025-11-13T00:22:51.036Z
20720528-ce5a-427f-8dad-cc0904b104af,London Gate,https://files.alnair.ae/uploads/2023/10/d7/b2/d7b2a665788b42ab33127e2625335c41.jpg,"","London Gate — известный девелопер, привносящий вневременную элегантность Лондона в городской пейзаж Дубая. Родившись в 2014 году как амбициозное видение, компания теперь реализует исключительные проекты (например, Maya V, The Franck Muller Aeternitas Tower). Опираясь на опыт, London Gate стала синонимом непревзойденного мастерства, инновационного дизайна и непоколебимой приверженности качеству, создавая уникальные условия для жизни.","{https://files.alnair.ae/uploads/2023/10/d7/b2/d7b2a665788b42ab33127e2625335c41.jpg;https://files.alnair.ae/uploads/gallery_photo/2024/9/01/9f/019f8606648efcd3d0aebd01227a2bd5.jpg;https://files.alnair.ae/uploads/gallery_photo/2024/1/ce/81/ce81f6ffe66c1a7cb2c590b41e58855b.jpg;https://files.alnair.ae/uploads/gallery_photo/2024/1/e3/1f/e31f818921edc0b0050efc8b770f871f.jpg;https://files.alnair.ae/uploads/gallery_photo/2025/9/bc/c5/bcc5668bff831be1a34a9b80ab22473b.jpg;https://files.alnair.ae/uploads/gallery_photo/2024/12/d6/0f/d60feb2c6999bd17055ce89958c199e4.jpg;https://files.alnair.ae/uploads/gallery_photo/2023/11/fd/f7/fdf79f9c29528953338210a667b7f0e5.jpg;https://files.alnair.ae/uploads/gallery_photo/2025/10/58/d0/58d0871c8666c86e2c0708bd94c70bd6.jpg;https://files.alnair.ae/uploads/gallery_photo/2025/8/f2/e4/f2e4bddff7a5c9faababb5c767941de1.jpg}",2025-11-13T00:22:51.039Z
3478fcdb-3097-42f3-be39-6252b1322269,Lucky Aeon,,"","Lucky Aeon — это девелопер, который стремится занять нишу в сегменте доступной роскоши. Компания фокусируется на создании жилых проектов (например, Lucky 1 Residence и Lucky 2), которые предлагают богатую инфраструктуру и качественную отделку по конкурентным ценам. Их проекты часто расположены в развивающихся районах, таких как Jumeirah Village Circle (JVC) и Dubai Silicon Oasis.","",2025-11-13T00:22:51.041Z
6da78f80-6597-4cc5-8244-f9b8c7653415,MAAIA Developers,,"","MAAIA Developers — это бутик-застройщик, который выходит на рынок с целью предложить уникальные жилые концепции. Компания ориентирована на создание недвижимости с индивидуальным характером, уделяя особое внимание дизайну и комфорту будущих резидентов.","",2025-11-13T00:22:51.044Z
12827758-0bd3-49fe-ab3a-4e04400742e4,MAG Property Development,https://files.alnair.ae/uploads/2025/9/e6/ea/e6eaa8a507a111bdfc8b0f26e8210786.png,"","MAG Property Development является частью многопрофильного конгломерата Al Gaddah (MAG) Group, базирующегося в ОАЭ. С 40-летним опытом MAG Group занимает лидирующие позиции в недвижимости, инжиниринге и торговле. Сегодня интересы MAG варьируются от инициатив в области доступного жилья (MAG 5 Boulevard) до проектов ультра-класса, ориентированных на велнес и здоровье (бренд Keturah). Компания стремится быть в авангарде инноваций, создавая недвижимость, которая улучшает качество жизни.","{https://files.alnair.ae/uploads/2025/9/e6/ea/e6eaa8a507a111bdfc8b0f26e8210786.png;https://files.alnair.ae/uploads/gallery_photo/2024/1/4f/ea/4fea9da484511409404d25d76d734e91.jpg;https://files.alnair.ae/uploads/gallery_photo/2024/1/78/28/7828e04da7ce56bf7b18a0deeab14577.jpg;https://files.alnair.ae/uploads/gallery_photo/2023/7/c8/49/c8499fd58171c1e5946c903d1665748e.png;https://files.alnair.ae/uploads/gallery_photo/2023/2/e2/ea/e2eabce029a8475c3c29968c6f77e521.jpg;https://files.alnair.ae/uploads/gallery_photo/2024/4/95/2c/952c9ba38bcaada1e8e0496d0d90d5ed.jpg;https://files.alnair.ae/uploads/gallery_photo/2025/8/2c/e7/2ce709f92bbca846fcd75d352c28d62f.jpg;https://files.alnair.ae/uploads/gallery_photo/2024/4/d6/b8/d6b877e599236885b768099be4940b16.jpg;https://files.alnair.ae/uploads/gallery_photo/2024/1/65/a9/65a97158cb406726939a2ff8cf06bb8b.jpg;https://files.alnair.ae/uploads/gallery_photo/2024/10/7f/43/7f43a8b596f9fb86654076db7bb3eb6a.jpg;https://files.alnair.ae/uploads/gallery_photo/2024/11/07/e2/07e2283f1c9ccb1c3975da374aeec7d9.jpg;https://files.alnair.ae/uploads/gallery_photo/2024/9/ce/d1/ced12c5d4e60d01ad2a3f0f10cb89bb4.jpg;https://files.alnair.ae/uploads/gallery_photo/2025/5/e3/49/e349d929a20ecbe091e96db3a011027c.jpg;https://files.alnair.ae/uploads/gallery_photo/2023/7/68/be/68be6aeccafffbec2aecb757cfc58ff4.png;https://files.alnair.ae/uploads/gallery_photo/2024/9/8b/71/8b71e57572663574aa344711df977f5a.jpg;https://files.alnair.ae/uploads/gallery_photo/2023/7/1b/35/1b35a014a425402d7d3e744ef8110e03.jpg;https://files.alnair.ae/uploads/gallery_photo/2023/2/50/3d/503d08f318d1fb179fb53b5941178077.jpg;https://files.alnair.ae/uploads/gallery_photo/2023/6/cf/81/cf811cda3b4da6d52afeac6676f3ebd8.png;https://files.alnair.ae/uploads/gallery_photo/2024/12/51/37/51378c86278488b1ed49b4c6dea838de.jpg}",2025-11-13T00:22:51.046Z
798eb616-04ac-4ab4-b79e-ec2e9f4b68de,MAK Developers,https://files.alnair.ae/uploads/2024/8/f1/35/f1350132ed9dd57d27a36ce514ed5437.jpg,"","MAK, визионер в сфере девелопмента недвижимости Дубая, объединяет совершенство дизайна и исследовательские данные, чтобы революционизировать отрасль. Рожденная из Al Hadaf Holdings, компания MAK создает элегантные пространства, сочетающие изысканность с функциональностью. Укрепленная опытными партнерами по отрасли, MAK посвящает себя развитию инноваций, устойчивости и созданию дальновидных проектов, которые вдохновляют и повышают современные стандарты жизни.","{https://files.alnair.ae/uploads/2024/8/f1/35/f1350132ed9dd57d27a36ce514ed5437.jpg;https://files.alnair.ae/uploads/gallery_photo/2024/8/29/02/2902e1c7e0aaf2f7002d502e9bef35d7.jpg;https://files.alnair.ae/uploads/gallery_photo/2025/9/78/4c/784c37d1b89ff4c5b5d65c4a3568edd3.jpg}",2025-11-13T00:22:51.050Z
1add83d2-a6a6-4a7b-abe6-7dfdf2a1a6e0,MERED,https://files.alnair.ae/uploads/2025/2/37/f8/37f825f32bffe85171a771726f35c2b6.png,"","MERED — международный девелопер со штаб-квартирой в Дубае. Мы проектируем и развиваем инновационные, высококлассные направления, обогащающие жизнь людей. MERED — это тщательно подобранный коллектив экспертов (дизайнеров, архитекторов, инженеров), включая партнерство с Pininfarina. Наша приверженность заключается в совместном создании уникальных мест, которые растут в цене и выдерживают испытание временем благодаря исключительному качеству строительства (проект ICONIC).","{https://files.alnair.ae/uploads/2025/2/37/f8/37f825f32bffe85171a771726f35c2b6.png;https://files.alnair.ae/uploads/gallery_photo/2024/12/a0/10/a010d6c8160684174cadd2b8ba22e2b7.jpg}",2025-11-13T00:22:51.052Z
3e575fe1-5d68-4e54-983c-044bb87e7ed9,MS Homes,https://files.alnair.ae/uploads/2024/8/55/fb/55fb644fc8a05b148babb10800fa32f1.jpg,"","MS Homes, ведущее агентство недвижимости в Дубае, известно тем, что курирует исключительный образ жизни, а не просто продает недвижимость. Теперь выступая и как девелопер (проект ILUBIRIN), компания стремится переопределить роскошную жизнь. MS Homes гордится созданием прочных отношений, выходящих за рамки транзакций. Мы сопровождаем клиентов на всем пути: от покупки на стадии котлована до управления элитной арендой, обеспечивая бесшовный опыт.","{https://files.alnair.ae/uploads/2024/8/55/fb/55fb644fc8a05b148babb10800fa32f1.jpg;https://files.alnair.ae/uploads/gallery_photo/2024/8/23/ec/23ecd0e44cbf95bbea4801a91ac129fe.jpg}",2025-11-13T00:22:51.054Z
cf8cfbf2-2973-48bb-af74-f944fb9fe8b9,MVS Real Estate Development,,"","MVS Real Estate Development — это компания, занимающаяся созданием жилой недвижимости, которая отвечает современным требованиям рынка. Они фокусируются на проектах с продуманной планировкой и удобной локацией, стремясь предложить инвесторам и жильцам оптимальное сочетание цены и качества.","",2025-11-13T00:22:51.057Z
c5a561f7-1049-4619-9ad5-7a1ec37676ef,Maakdream Properties,https://files.alnair.ae/uploads/2025/7/ad/01/ad01434e1798e1b7a74d23cd662fca8b.jpg,"","MAAKDREAM — это бренд недвижимости будущего, рожденный на основе наследия MAAKSONS Engineering Corporation Ltd. Обладая более чем 70-летним опытом реализации мегапроектов национального значения, MAAKDREAM была создана, чтобы привнести ту же дисциплину и качество в мир лайфстайл-девелопмента, начиная с Дубая. Появление MAAKDREAM означает начало новой главы, где инженерное совершенство сочетается с архитектурной элегантностью.","{https://files.alnair.ae/uploads/2025/7/ad/01/ad01434e1798e1b7a74d23cd662fca8b.jpg;https://files.alnair.ae/uploads/gallery_photo/2025/7/a1/f0/a1f0a3f7b20abd931b9b48ca8befd5e9.png;https://files.alnair.ae/uploads/gallery_photo/2025/7/d1/c3/d1c3be610c63c0b0895230dddeb0b281.jpg}",2025-11-13T00:22:51.440Z
0b5399b0-bc72-4909-b010-3c067ba4bd32,Mada'in,,"","См. описание выше. Это альтернативное написание названия компании, известной своим проектом Marina Arcade.","",2025-11-13T00:22:51.059Z
29302cb6-2806-498c-9911-a8dd61cdc425,Madar Developments,https://files.alnair.ae/uploads/2025/4/32/db/32dbfc937a9cd126b90338d3da3bbb8f.png,"","Дизайнерское и девелоперское подразделение строительного гиганта Al Madar Engineering. Madar Developments олицетворяет непоколебимую преданность качеству и инновациям, синонимичную бренду Al Madar. Наша миссия — создавать недвижимость, которая бросает вызов условностям, принося долгосрочную ценность и подлинное счастье нашим клиентам. Присоединяйтесь к нам, поскольку мы формируем будущее девелопмента, по одному исключительному проекту за раз.","{https://files.alnair.ae/uploads/2025/4/32/db/32dbfc937a9cd126b90338d3da3bbb8f.png;https://files.alnair.ae/uploads/gallery_photo/2025/7/30/9b/309b0e8b5c2ae5e1d632fbda6f47d417.png;https://files.alnair.ae/uploads/gallery_photo/2025/4/3b/3b/3b3b640a3f5495e5811b5ab56de6a58e.png}",2025-11-13T00:22:51.061Z
6c65030a-7bdf-4b1b-a520-ce991226f8da,Majid Al Futtaim,https://files.alnair.ae/uploads/2023/7/48/14/4814b4710991b787eb1134553e1571f6.jpg,"","См. описание выше. Это подразделение холдинга, непосредственно отвечающее за строительство и управление торговыми центрами, отелями и мастер-комьюнити, которые устанавливают стандарты в регионе.","{https://files.alnair.ae/uploads/2023/7/48/14/4814b4710991b787eb1134553e1571f6.jpg;https://files.alnair.ae/uploads/gallery_photo/2024/8/39/f9/39f9551962f44f2ef5968431c4346ec7.jpg;https://files.alnair.ae/uploads/gallery_photo/2024/11/e6/af/e6af9e0566a77fa49ae1fd9ff21687a4.jpg;https://files.alnair.ae/uploads/gallery_photo/2025/10/a9/dc/a9dc9fbe7908458447a3129ca67223bc.jpg;https://files.alnair.ae/uploads/gallery_photo/2025/3/ca/37/ca378cd84c478b1c184a7a4dfd36864f.jpg;https://files.alnair.ae/uploads/gallery_photo/2025/6/36/9c/369cd207a6525a64f273e79281591c7b.jpg;https://files.alnair.ae/uploads/gallery_photo/2025/3/8b/8a/8b8a6ec11f733f90b20dbce9516daeab.jpg;https://files.alnair.ae/uploads/gallery_photo/2023/10/38/51/38518dd0e2cc56a5cc8190d2c9c74a7e.jpg;https://files.alnair.ae/uploads/gallery_photo/2023/11/31/30/313050064f0776563752cc869ae73c50.jpg;https://files.alnair.ae/uploads/gallery_photo/2024/1/a7/65/a765d0d769216447cc112b1fe66fdf33.jpg;https://files.alnair.ae/uploads/gallery_photo/2024/7/e5/52/e552bc0909d0ad381771f8be6d280e6e.jpg;https://files.alnair.ae/uploads/gallery_photo/2024/7/17/03/17035aace2e6d46c2159e0ffe33e4a3e.jpg}",2025-11-13T00:22:51.064Z
6c07c94b-a076-47b1-a7e9-c478f1a71e0a,Majid Developments,https://files.alnair.ae/uploads/2024/7/84/72/84723b3a6ca481c02f71f84926e7d852.png,"","Majid Developments занимает передовые позиции на рынке элитной недвижимости Ближнего Востока с 2004 года. Основанная Мансуром Маджидом, компания ставит миссией создание устойчивых, ярких сообществ. С наследием более 20 лет, мы переопределили искусство девелопмента (проект Mayfair Gardens). Majid Development посвящена созданию высококачественных жилых сообществ в Дубае, имея впечатляющее портфолио технически сложных резиденций.","{https://files.alnair.ae/uploads/2024/7/84/72/84723b3a6ca481c02f71f84926e7d852.png;https://files.alnair.ae/uploads/gallery_photo/2025/5/a9/e8/a9e859eeb5980a400f73a8671ead2b78.jpg;https://files.alnair.ae/uploads/gallery_photo/2024/7/17/e3/17e3b4ede6b5803bd0855bbed1a632ee.jpg}",2025-11-13T00:22:51.066Z
259b3f57-19ee-4b3f-b4d1-087f63d55bfb,Major Developments,,"","См. описание выше. Альтернативное написание бренда.","",2025-11-13T00:22:51.069Z
60f29432-a9e5-49df-b81c-bd747a8c1ab5,Manam RED,https://files.alnair.ae/uploads/2025/5/0b/ca/0bcaac6d99225262e2e241c77bd41f0e.png,"","Основанная в 2024 году, Manam Real Estate Development LLC является лидером рынка недвижимости ОАЭ, признанным за фокус на роскоши и функциональности. Опираясь на 30-летний опыт развития жилых и коммерческих проектов в Омане, мы стремимся воплощать видение клиентов с помощью изысканного дизайна. Наши промоутеры также привносят 10-летний опыт развития логистических хабов в Дубае, что повышает наши возможности и надежность.","{https://files.alnair.ae/uploads/2025/5/0b/ca/0bcaac6d99225262e2e241c77bd41f0e.png;https://files.alnair.ae/uploads/gallery_photo/2025/5/8c/73/8c73f7fc9aace806d610e7163bac7346.jpg;https://files.alnair.ae/uploads/gallery_photo/2025/5/89/05/89058fb5c1f7b1e1b0a10c9ee479b99f.jpg}",2025-11-13T00:22:51.071Z
eab44f14-5637-4f61-91b9-37d953ba9a6e,Manchester Real Estate,,"","Manchester Real Estate — это девелопер, который сделал себе имя на рынке Дубая, предлагая качественные жилые проекты в районах JVC и Arjan. Компания делает ставку на интеграцию технологий ""умного дома"" и устойчивое строительство, обеспечивая инвесторам высокую доходность и ликвидность активов.","",2025-11-13T00:22:51.073Z
56f67f13-ebd0-479e-b173-9499b3e35cae,Marquis,https://files.alnair.ae/uploads/2024/11/c5/09/c509819b5fe98c6d8d4ddef1d47127f5.png,"","Marquis — это девелопер недвижимости премиум-класса в Дубае, ОАЭ. Мы предлагаем изысканно спроектированные роскошные апартаменты (Marquis Signature, Marquis Insignia), которые являются не просто местом для жизни, а стилем жизни. Мы обеспечиваем персонализированный сервис от начала до передачи проекта. Мы стремимся использовать каждый элемент, чтобы предоставить утонченные, стильные дома, не имеющие аналогов в конкурентном мире.","{https://files.alnair.ae/uploads/2024/11/c5/09/c509819b5fe98c6d8d4ddef1d47127f5.png;https://files.alnair.ae/uploads/gallery_photo/2023/7/27/cf/27cf06520d2d681e352f7efc86e7ccc0.png;https://files.alnair.ae/uploads/gallery_photo/2023/6/e7/39/e7391348797e933e0bcf17fcfac47314.jpg;https://files.alnair.ae/uploads/gallery_photo/2025/8/29/3f/293f75d7533cad3a84e872d5d331033d.png;https://files.alnair.ae/uploads/gallery_photo/2025/5/b0/dc/b0dcf908c013c69e437f18dceb517dfd.jpg;https://files.alnair.ae/uploads/gallery_photo/2024/8/6c/b1/6cb15c8a13d444183c936cdafbdfb63a.png;https://files.alnair.ae/uploads/gallery_photo/2023/4/19/11/1911e9c0ab29f40be9f204a3a0ee1507.jpg;https://files.alnair.ae/uploads/gallery_photo/2024/1/ce/28/ce28ec4a6edb98583068ee9ff94d7db3.jpg}",2025-11-13T00:22:51.076Z
20e8841e-074c-49b1-8421-6ce4f9f47345,Mashriq Elite Real Estate Development,https://files.alnair.ae/uploads/2023/12/3f/df/3fdfb4ff660947c7ed0fcfde45a1fc3c.png,"","Mashriq Group — ваш надежный партнер в сфере недвижимости, разработки проектов и телекоммуникаций. Обладая более чем двумя десятилетиями опыта, мы стали пионерами в этих отраслях с сетью в ОАЭ, США, Европе и Азии. Наша команда тесно сотрудничает с архитекторами для обеспечения успешной сдачи проектов (таких как Floarea Arjan и Floarea Vista). Мы специализируемся на широком спектре услуг, удовлетворяя растущие потребности наших клиентов в Азии и на Ближнем Востоке.","{https://files.alnair.ae/uploads/2023/12/3f/df/3fdfb4ff660947c7ed0fcfde45a1fc3c.png;https://files.alnair.ae/uploads/gallery_photo/2023/9/bd/ee/bdeed17fc21661534442b02039673481.jpg;https://files.alnair.ae/uploads/gallery_photo/2024/2/33/a0/33a0e7de518736d3307063a6448a421e.jpg;https://files.alnair.ae/uploads/gallery_photo/2025/4/3f/b9/3fb958c83a33427e669f6a5fefa225fe.png;https://files.alnair.ae/uploads/gallery_photo/2025/1/34/1b/341b7ab99410f1a01309e78f58092576.jpg;https://files.alnair.ae/uploads/gallery_photo/2025/7/60/2a/602a61d2c7f20ee6abc31d089fd9632b.jpg}",2025-11-13T00:22:51.078Z
a341237c-eb1c-4817-bb8f-9559500bdf65,Me Do Re,https://files.alnair.ae/uploads/2023/5/05/e1/05e1b243a8a679a83eee40cb9e76a0ca.jpg,"","Me Do Re Properties — девелопер из Дубая, основанный в 2018 году группой экспертов с видением создания инновационных и устойчивых сообществ. Проекты компании, включая одноименный Me Do Re Tower в JLT, отличаются высоким качеством, энергоэффективностью и использованием переработанных материалов. Компания стремится удовлетворить потребности клиентов, предлагая жилую и коммерческую недвижимость в самых востребованных районах.","{https://files.alnair.ae/uploads/2023/5/05/e1/05e1b243a8a679a83eee40cb9e76a0ca.jpg;https://files.alnair.ae/uploads/gallery_photo/2024/7/73/45/734582baaaabe5ddb91382afca36f2dc.jpg;https://files.alnair.ae/uploads/gallery_photo/2023/9/ee/d3/eed3905cba4717c3970449c5f3b45ac5.png;https://files.alnair.ae/uploads/gallery_photo/2025/5/80/0e/800e8be67d71333056b7deca756b2727.jpg}",2025-11-13T00:22:51.081Z
b5467b9e-7623-40cc-a1da-0c147d8021bb,Meraas,https://files.alnair.ae/uploads/2023/5/49/1f/491ffef96076d62638f9e82b1e949f8e.png,"","Meraas — это холдинговая компания из Дубая, основанная в 2007 году, один из крупнейших девелоперов города. Meraas славится созданием креативных городских пространств, которые определяют современный облик Дубая. Портфолио включает знаковые направления: City Walk, Bluewaters Island, La Mer, Port de La Mer и Nikki Beach. Компания внедряет инновации для обеспечения комфортной и роскошной жизни резидентов и гостей эмирата.","{https://files.alnair.ae/uploads/2023/5/49/1f/491ffef96076d62638f9e82b1e949f8e.png;https://files.alnair.ae/uploads/gallery_photo/2025/5/33/16/3316b335f12064e47855ffd2dfcf4b0e.jpg;https://files.alnair.ae/uploads/gallery_photo/2024/9/f2/29/f2293aea828d7c448561b2edceb7128a.png;https://files.alnair.ae/uploads/gallery_photo/2024/2/fb/3d/fb3d7729b38adb3d463ce16bee597272.jpg;https://files.alnair.ae/uploads/gallery_photo/2024/7/f6/24/f62407049f769d9db7516a8be7b38b35.jpg;https://files.alnair.ae/uploads/gallery_photo/2023/7/f6/08/f60846cfdd795aba03bb9809274aca2a.jpg;https://files.alnair.ae/uploads/gallery_photo/2023/4/89/05/8905f64768a8a589ccb485a0c6b46853.jpg;https://files.alnair.ae/uploads/gallery_photo/2023/5/18/e8/18e84d65da7282ed383230dad970a8cd.jpg;https://files.alnair.ae/uploads/gallery_photo/2024/12/8f/0c/8f0c67ccb24e60d5d7fa9c64021fc21f.png;https://files.alnair.ae/uploads/gallery_photo/2024/9/89/4c/894c4074ad4e07d0e3a2ee7a6b26de22.jpg;https://files.alnair.ae/uploads/gallery_photo/2023/11/d2/64/d264df2c8124b679ebd281828412fd7a.jpg;https://files.alnair.ae/uploads/gallery_photo/2024/12/c3/1d/c31d0f9fe1f9a26865348bef9d86a3aa.png;https://files.alnair.ae/uploads/gallery_photo/2024/7/97/18/9718470f171b26d10a0019c99d5de42d.jpg;https://files.alnair.ae/uploads/gallery_photo/2024/7/15/68/1568ba6cee47be30d4e0780bd805e5f9.jpg;https://files.alnair.ae/uploads/gallery_photo/2024/1/0b/ba/0bbaddce66ad2395a7e08d0143d69d2a.jpg;https://files.alnair.ae/uploads/gallery_photo/2025/10/42/9b/429b6b9aa0493af51ff39588d05d10e1.jpg;https://files.alnair.ae/uploads/gallery_photo/2025/1/79/50/7950f4dd0df90914374e194d473e1b00.jpg;https://files.alnair.ae/uploads/gallery_photo/2025/3/15/4c/154c1990243a097db958e825af2f632e.jpg;https://files.alnair.ae/uploads/gallery_photo/2023/4/47/1d/471d4a13016995b0980113409901de4a.jpg;https://files.alnair.ae/uploads/gallery_photo/2024/6/9e/5e/9e5e777cdd45e5e7d39116fb869f41ec.jpg;https://files.alnair.ae/uploads/gallery_photo/2024/7/35/76/35763d07e06cba8db93def53b9d9e61a.jpg;https://files.alnair.ae/uploads/gallery_photo/2024/12/dc/98/dc98d181c88da823a72f42726d860bf4.jpg;https://files.alnair.ae/uploads/gallery_photo/2025/4/38/e4/38e483466c8c2e250ac0084949eaa865.png;https://files.alnair.ae/uploads/gallery_photo/2024/9/d7/11/d7111c10e9b0713506ae05de9985452d.jpg;https://files.alnair.ae/uploads/gallery_photo/2024/12/56/61/56617fc574b2f2aab1763f903d4efb6f.png;https://files.alnair.ae/uploads/gallery_photo/2024/7/da/14/da14235912b9cd0b6481955ab613ed4b.jpg;https://files.alnair.ae/uploads/gallery_photo/2024/7/78/8c/788cf6a130a9456300ae8bf5b2574e7a.jpg;https://files.alnair.ae/uploads/gallery_photo/2023/5/39/51/39513c0d733a75d96fc95fa8460501a4.jpg;https://files.alnair.ae/uploads/gallery_photo/2024/12/0b/d9/0bd9108bb953c5faffbec1863985ad2a.png;https://files.alnair.ae/uploads/gallery_photo/2024/8/32/42/3242b30d43a808eb4b95a108388f9e06.jpg;https://files.alnair.ae/uploads/gallery_photo/2023/2/09/57/0957dc2010ee3466bf007d8a71463f40.jpg;https://files.alnair.ae/uploads/gallery_photo/2025/3/50/85/50853bab41a73ef842b857d7cb414ab6.jpg;https://files.alnair.ae/uploads/gallery_photo/2025/6/46/de/46de8367de4ea7aa148813ce9ec583fd.jpg;https://files.alnair.ae/uploads/gallery_photo/2025/8/8d/b7/8db73b600262589fef34ff2b7cbbb8e4.jpg;https://files.alnair.ae/uploads/gallery_photo/2025/9/15/77/1577c2a93de4d198734416bcf0682d30.jpg;https://files.alnair.ae/uploads/gallery_photo/2024/9/89/72/89723746bfff3c3fd801269917496375.jpg;https://files.alnair.ae/uploads/gallery_photo/2025/5/e4/a7/e4a765c25f9ea36236c5f74b2c2f36c6.png;https://files.alnair.ae/uploads/gallery_photo/2024/7/ed/df/eddf650c9091ba3fa2546e091af3ef67.jpg;https://files.alnair.ae/uploads/gallery_photo/2025/7/ee/95/ee958e82b902461190684b8125d9d1b3.jpg;https://files.alnair.ae/uploads/gallery_photo/2024/7/9b/2e/9b2e52aeac88be769724a171f173c206.jpg;https://files.alnair.ae/uploads/gallery_photo/2024/12/01/a1/01a1618f0e67f6835e59506852f301cc.png;https://files.alnair.ae/uploads/gallery_photo/2024/12/bf/64/bf6447fd5d8b89f7aee12c6327e25fec.png;https://files.alnair.ae/uploads/gallery_photo/2023/5/90/3d/903dede41d2d24846ed785a35457b2e2.jpg;https://files.alnair.ae/uploads/gallery_photo/2025/9/7d/54/7d544561068ccbc5f7cb25aceccaf957.jpg;https://files.alnair.ae/uploads/gallery_photo/2024/9/53/bf/53bf8672d89dac4c064f4d69b5a928d4.jpg;https://files.alnair.ae/uploads/gallery_photo/2023/8/77/24/772424944b967839f4aed83b44f281fe.jpg;https://files.alnair.ae/uploads/gallery_photo/2023/9/90/d0/90d0884246ca93e3b0fb1b91083ac5a4.jpg;https://files.alnair.ae/uploads/gallery_photo/2024/1/4f/3c/4f3cc0f9b6daa5535abdac490b9de35e.jpg;https://files.alnair.ae/uploads/gallery_photo/2024/4/05/43/0543a6342bee5930ecb59552ac309e82.jpg;https://files.alnair.ae/uploads/gallery_photo/2024/7/2b/f9/2bf922ac4fe0b193165583e8a05cbecb.jpg;https://files.alnair.ae/uploads/gallery_photo/2024/7/1a/9e/1a9edab58162314472d3d873f8c2f76f.jpg;https://files.alnair.ae/uploads/gallery_photo/2024/7/76/f5/76f57dc00ab49c1277aeb9afb62ff765.jpg;https://files.alnair.ae/uploads/gallery_photo/2024/12/d3/22/d322b37554df6d760ce3634fbeb00fa8.png;https://files.alnair.ae/uploads/gallery_photo/2024/6/7f/7c/7f7c2ad3b21a400604be164483cfca8e.jpg;https://files.alnair.ae/uploads/gallery_photo/2024/7/6c/77/6c7740a4694aedffc19c5567289fd411.jpg;https://files.alnair.ae/uploads/gallery_photo/2024/6/32/3f/323ff61ba6d185295002c0ff7a7a37d1.jpg;https://files.alnair.ae/uploads/gallery_photo/2024/9/dd/45/dd4505f1048014fff0c23a0d77191eec.jpg;https://files.alnair.ae/uploads/gallery_photo/2024/8/94/de/94dea0938f1a3f20425049e1d06c3bf5.jpg;https://files.alnair.ae/uploads/gallery_photo/2024/9/3a/40/3a40865913b3cad272ee18cffca2c42a.jpg;https://files.alnair.ae/uploads/gallery_photo/2024/9/c3/7e/c37e25e18cf7a8a5f27cfb5a4ec9ce38.jpg}",2025-11-13T00:22:51.084Z
c5f47607-500d-442a-b5c5-6867694d2644,Meraki Developers,,"","Meraki Developers — это застройщик, который фокусируется на создании качественного и доступного жилья. Компания известна своим проектом Genesis в районе Arjan. Meraki стремится предлагать продуманные планировки и хорошую внутреннюю инфраструктуру, ориентируясь на потребности молодых семей и инвесторов.","",2025-11-13T00:22:51.086Z
1c8603ba-a9c2-4ba2-b252-7041f2cf6634,Metac Development,https://files.alnair.ae/uploads/2023/11/59/11/591130301e9a033418612c905bd384c3.jpg,"","Основанная в 1987 году, Metac Development является частью Metac General Contracting Company — ведущей строительной фирмы ОАЭ. С более чем тридцатилетним опытом, компания заработала репутацию благодаря качеству и клиентоориентированности в Абу-Даби, Дубае и других эмиратах. Metac специализируется на реализации высокопрофильных проектов, имея международные сертификаты качества. Этот непоколебимый подход заслужил компании доверие в индустрии.","{https://files.alnair.ae/uploads/2023/11/59/11/591130301e9a033418612c905bd384c3.jpg;https://files.alnair.ae/uploads/gallery_photo/2023/11/62/1a/621abe019f11942c783a8cefde294fba.jpg;https://files.alnair.ae/uploads/gallery_photo/2025/4/11/72/1172422a8e1e316db42f87e8415c9f25.jpg}",2025-11-13T00:22:51.089Z
bde27b98-0980-43c3-9958-aeee110b4534,Meteora,https://files.alnair.ae/uploads/2023/7/24/1a/241a3a11c0c9127c7c19da9d9a287adc.png,"","См. описание выше. Бренд, который быстро набирает популярность благодаря серии успешных запусков проектов в доступном сегменте.","{https://files.alnair.ae/uploads/2023/7/24/1a/241a3a11c0c9127c7c19da9d9a287adc.png;https://files.alnair.ae/uploads/gallery_photo/2023/7/9a/4f/9a4f91c8463ca06a84facf160dfb3298.png;https://files.alnair.ae/uploads/gallery_photo/2024/12/e6/e9/e6e9ea2a961973e789cde79a70f2d4fe.png;https://files.alnair.ae/uploads/gallery_photo/2025/8/3a/b3/3ab33585bf55fbea70e42c4153dd933a.jpg;https://files.alnair.ae/uploads/gallery_photo/2024/8/23/dd/23dddf554a4182d1e5f4c03a3676eb04.jpg;https://files.alnair.ae/uploads/gallery_photo/2024/2/66/9b/669bec310c5cf0e5af33828a87f7faf4.jpg;https://files.alnair.ae/uploads/gallery_photo/2023/12/43/a7/43a76f88e78b0c27259326ff2babeae8.jpg}",2025-11-13T00:22:51.092Z
8298785d-3b98-45e3-8609-930a3db14f7e,Mill Hill,https://files.alnair.ae/uploads/2025/1/00/28/00287caf5f8d199e9911d468288efc28.jpg,"","См. описание выше. Это специфическое юридическое лицо для реализации проектов на прибрежных территориях.","{https://files.alnair.ae/uploads/2025/1/00/28/00287caf5f8d199e9911d468288efc28.jpg;https://files.alnair.ae/uploads/gallery_photo/2025/1/41/b5/41b57d0f9fbe5b8d01629405e7ed4184.jpg}",2025-11-13T00:22:51.096Z
9708035f-2103-4e52-bc70-f0fe7b5e6736,Mira Developments,,"","См. описание для MIRA Developments в предыдущем ответе. Девелопер, специализирующийся на брендированной недвижимости.","",2025-11-13T00:22:51.095Z
83fc6b72-bf72-4436-816d-04b1d9d5d593,Mr. Eight,https://files.alnair.ae/uploads/2024/10/13/ca/13ca6185cee5f9ecce00123ba541999a.png,"","См. описание выше. Бренд, который позиционирует себя как создатель концептуальной недвижимости с европейским подходом.","{https://files.alnair.ae/uploads/2024/10/13/ca/13ca6185cee5f9ecce00123ba541999a.png;https://files.alnair.ae/uploads/gallery_photo/2025/8/b0/62/b062ae56896f2aa2295e632cd74759ae.png;https://files.alnair.ae/uploads/gallery_photo/2025/8/16/5c/165cf1ccac4c31c7f0ae121ab1a2e35b.jpg;https://files.alnair.ae/uploads/gallery_photo/2025/4/f3/aa/f3aa073be1e48e3fb49affccbca99813.png;https://files.alnair.ae/uploads/gallery_photo/2024/12/42/f7/42f75f2f1d02e2a4850f26622849931d.jpg;https://files.alnair.ae/uploads/gallery_photo/2025/10/d4/45/d445560ff1c2514d4ef902d57f1881c6.png}",2025-11-13T00:22:51.104Z
a84dd03a-2c5a-4b7a-af3b-db74fd57ccbe,Mulk Properties,,"","Mulk Properties — подразделение международного конгломерата Mulk Holdings, известного производством композитных панелей Alubond. В сфере недвижимости компания занимается развитием коммерческих и жилых объектов, используя свои промышленные инновации для создания современных и долговечных зданий.","",2025-11-13T00:22:51.106Z
05d294f5-4737-4be2-ae84-804e8143c070,Muraba Properties,https://files.alnair.ae/uploads/2024/12/0b/b2/0bb2499803e18f26c56b07af1324f51a.png,"","Muraba Properties — бутик-девелопер из Дубая, специализирующийся на создании уникальных жилых проектов с фокусом на минимализм и архитектурное совершенство. Компания сотрудничает с мировыми архитекторами (RCR Arquitectes) для создания эстетически чистых пространств. Ключевые проекты: Muraba Dia, Muraba Veil. Muraba воплощает философию «тихой роскоши», где архитектура, природа и комфорт сливаются воедино.","{https://files.alnair.ae/uploads/2024/12/0b/b2/0bb2499803e18f26c56b07af1324f51a.png;https://files.alnair.ae/uploads/gallery_photo/2023/2/f3/92/f392b7896bfdb47e08f2f0e666b86a05.jpg;https://files.alnair.ae/uploads/gallery_photo/2024/12/21/b7/21b7539fecfd393fb267ba4530e6b097.png}",2025-11-13T00:22:51.108Z
48a9e6d7-d275-40e0-b13f-abc5fa510599,Myra Properties,https://files.alnair.ae/uploads/2024/9/48/30/48306facbee2ae57550dc6624a0dad36.jpg,"","Мы проектируем дома для семей, обеспечивая оптимальный комфорт, простоту обслуживания и качественное строительство. Наша главная цель — обеспечить наилучшую отдачу от ваших инвестиций. В Myra (проекты Crystal Residence, Botanica) мы фокусируемся на наших неотъемлемых ценностях. Для нас строительство — это ваше доверие к Myra как к долгосрочному партнеру. Наша команда экспертов анализирует все детали от фундамента до сдачи.","{https://files.alnair.ae/uploads/2024/9/48/30/48306facbee2ae57550dc6624a0dad36.jpg;https://files.alnair.ae/uploads/gallery_photo/2024/9/01/3b/013bd16a6e7f515c5a3bfd1789138c8b.jpg;https://files.alnair.ae/uploads/gallery_photo/2024/9/a9/8e/a98e4d31d3cd797b245ad7ef161af60f.jpg;https://files.alnair.ae/uploads/gallery_photo/2024/10/ef/14/ef1410d0037ca54d749390ab768812bb.png;https://files.alnair.ae/uploads/gallery_photo/2024/9/d4/69/d469d4e131bd966727454b5f518bd262.jpg}",2025-11-13T00:22:51.111Z
9b169af1-e2e8-4485-8696-c67d5ee5c009,NED Properties,https://files.alnair.ae/uploads/2024/8/fb/7c/fb7c7391114198c3a7839f96eef0475d.jpg,"","NED® Properties — это девелоперское подразделение NED Investment Group, специализирующееся на лизинге и управлении собственной жилой и коммерческой недвижимостью. Компания фокусируется на создании и удержании качественных активов, обеспечивая высокий уровень обслуживания для своих арендаторов.","{https://files.alnair.ae/uploads/2024/8/fb/7c/fb7c7391114198c3a7839f96eef0475d.jpg;https://files.alnair.ae/uploads/gallery_photo/2024/8/b8/63/b8634cf648e88b3d5c310e02fcc5e0b3.png;https://files.alnair.ae/uploads/gallery_photo/2025/5/ed/6f/ed6fcbe0c9cd5a6d6fd4a1e613383674.png;https://files.alnair.ae/uploads/gallery_photo/2025/5/76/e0/76e089f9f26ad63993c95119c7874a57.png}",2025-11-13T00:22:51.114Z
ef8bb0eb-47a9-4354-bbaf-93b26c7d5787,Nabni,https://files.alnair.ae/uploads/2024/10/d4/9b/d49becd1f1e29f5462be90165141cfc8.png,"","См. описание для NABNI выше. Это современный ребрендинг компании Al Jaziri, подчеркивающий их амбиции в сегменте luxury.","{https://files.alnair.ae/uploads/2024/10/d4/9b/d49becd1f1e29f5462be90165141cfc8.png;https://files.alnair.ae/uploads/gallery_photo/2024/10/99/17/99174051fa5c928885081dd8da44a8c4.jpg;https://files.alnair.ae/uploads/gallery_photo/2024/10/63/0b/630b68cca09f9d97a4696145bab7a2ed.png;https://files.alnair.ae/uploads/gallery_photo/2024/1/c1/d1/c1d1e1499befe0c3503934a61142c9c6.jpg;https://files.alnair.ae/uploads/gallery_photo/2024/10/ae/c5/aec51d2744f1540f3e23f4df5bc359cc.jpg;https://files.alnair.ae/uploads/gallery_photo/2025/3/45/2c/452ca351ee6b1df5a270c068a330237c.jpg;https://files.alnair.ae/uploads/gallery_photo/2025/5/db/8d/db8d96693913ce33fd531e2f0d31067e.jpg;https://files.alnair.ae/uploads/gallery_photo/2023/2/89/1b/891b0c592f92ea883cc2e7b92f0f44a7.jpg;https://files.alnair.ae/uploads/gallery_photo/2024/10/e3/d6/e3d6ab45192b9e3058123b6217edff4a.png;https://files.alnair.ae/uploads/gallery_photo/2024/10/fc/27/fc279c20c0651687318a32d77b2662b2.png}",2025-11-13T00:22:51.117Z
ef8514ea-135c-4b5b-bad9-38f6a615a617,Nakheel,https://files.alnair.ae/uploads/2023/3/f5/40/f5409ee3abc4bcc64c98cfc1b932d3ec.png,"","Nakheel — ведущий мировой девелопер, базирующийся в Дубае, чьи знаковые проекты имеют решающее значение для видения города. Прибрежные проекты Nakheel, включая всемирно известную Palm Jumeirah и строящиеся Dubai Islands, добавили более 300 км к береговой линии Дубая. Основные разработки охватывают 15 000 гектаров и вмещают почти 300 000 человек. Портфолио включает Jumeirah Islands, Jumeirah Park, Al Furjan, Dragon City и многие другие направления для жизни и туризма.","{https://files.alnair.ae/uploads/2023/3/f5/40/f5409ee3abc4bcc64c98cfc1b932d3ec.png;https://files.alnair.ae/uploads/gallery_photo/2024/12/66/86/66869bbddd4fc9f40dcd49e54131c2d8.png;https://files.alnair.ae/uploads/gallery_photo/2024/10/18/09/18098e78afb94b15c4fa1ef404671187.jpg;https://files.alnair.ae/uploads/gallery_photo/2023/3/54/6a/546a088b7a58ca992c7ded95af3bbb93.jpg;https://files.alnair.ae/uploads/gallery_photo/2023/7/ca/76/ca76eec61b91cf9ead89009e7b83e489.png;https://files.alnair.ae/uploads/gallery_photo/2024/10/0b/99/0b999af4dccb22b780341a90af5bf73d.jpg;https://files.alnair.ae/uploads/gallery_photo/2023/9/06/4d/064dc5f965e64cd86aea2ed42093cf30.png;https://files.alnair.ae/uploads/gallery_photo/2025/6/84/80/8480f3566d374c2fd96194d167ca77ba.png;https://files.alnair.ae/uploads/gallery_photo/2024/12/b2/f6/b2f68090f7ec41ef308746712ca21a6c.png;https://files.alnair.ae/uploads/gallery_photo/2023/7/14/64/1464f6b5f71413d9496e8458a44b6f52.jpg;https://files.alnair.ae/uploads/gallery_photo/2023/5/d3/04/d3047fd2026ce107a98442abfbb8239b.jpg;https://files.alnair.ae/uploads/gallery_photo/2025/1/7d/4d/7d4d8a749adb65590ae39727885a42a2.jpg;https://files.alnair.ae/uploads/gallery_photo/2024/2/35/fa/35fa1eaeef66cc3edf7ccfcbbff644fe.jpg;https://files.alnair.ae/uploads/gallery_photo/2024/2/97/2f/972f3c7887a38827caaa0f1d7f47f406.jpg;https://files.alnair.ae/uploads/gallery_photo/2024/2/62/bc/62bceaf1db6f8854bb4623b2c1b732d3.jpg;https://files.alnair.ae/uploads/gallery_photo/2025/10/a3/ee/a3ee26677fd451645e675dda0b41f15f.jpg;https://files.alnair.ae/uploads/gallery_photo/2024/11/d3/f3/d3f3abde28f26de20d4cf5fd7fe26ba2.jpg;https://files.alnair.ae/uploads/gallery_photo/2024/11/80/59/80590f614d14c38344974dc7f0b3202e.jpg;https://files.alnair.ae/uploads/gallery_photo/2025/2/35/07/35073f2ef96941ae8970b821119def1e.jpg;https://files.alnair.ae/uploads/gallery_photo/2024/9/7d/db/7ddb229b9c95d105c41987ea1ddeb2fc.jpg;https://files.alnair.ae/uploads/gallery_photo/2025/1/f8/36/f836640cdc4aa7adc378c8ba58ef268a.jpg;https://files.alnair.ae/uploads/gallery_photo/2025/7/7a/53/7a53da2fb897d102964eca16656f5a15.jpg;https://files.alnair.ae/uploads/gallery_photo/2023/2/84/ab/84ab1d47bd05a197a6c312776098f9ee.jpg;https://files.alnair.ae/uploads/gallery_photo/2024/12/12/9e/129e512b8346632e360012a2abb30a99.jpg;https://files.alnair.ae/uploads/gallery_photo/2024/12/12/b3/12b30c6823045a7357defc3704df9962.jpg;https://files.alnair.ae/uploads/gallery_photo/2025/3/24/ef/24efef785155e86b2377598cfa8631f5.jpg;https://files.alnair.ae/uploads/gallery_photo/2025/2/02/44/024456e6ff4e1d6bf37186d01e90a728.jpg;https://files.alnair.ae/uploads/gallery_photo/2025/2/a5/84/a584d9b348f0018f8c8c55382a405995.jpg;https://files.alnair.ae/uploads/gallery_photo/2024/9/d8/be/d8bef8ffbbb9b786843c1405eedd481a.jpg;https://files.alnair.ae/uploads/gallery_photo/2025/7/3d/a7/3da72938423a8ed5365502085ccbd766.jpg;https://files.alnair.ae/uploads/gallery_photo/2024/12/07/39/07396e51155e14e7a2089fc8e2e131bd.png;https://files.alnair.ae/uploads/gallery_photo/2023/7/97/7f/977f706304391b2d5d7254c644d726c6.png;https://files.alnair.ae/uploads/gallery_photo/2024/12/00/ed/00ed5176bab923f38d30ed7833a46232.png;https://files.alnair.ae/uploads/gallery_photo/2025/10/c9/f9/c9f9f44cc1b3a290e9b5617aba5ce577.jpg;https://files.alnair.ae/uploads/gallery_photo/2025/10/3b/e5/3be53d391a3016f188434b72a64ae1d8.jpg;https://files.alnair.ae/uploads/gallery_photo/2025/10/c5/1f/c51f16812ed24a7a1f6bf6326596ee32.jpg;https://files.alnair.ae/uploads/gallery_photo/2024/12/7f/2b/7f2bf6e848d00d85c33a827ade7d8677.jpg;https://files.alnair.ae/uploads/gallery_photo/2024/2/43/0c/430c79e9b4b90eefb017864381203386.jpg;https://files.alnair.ae/uploads/gallery_photo/2024/3/84/4d/844d8a99773b191c8ff3ef21233ef17f.jpg;https://files.alnair.ae/uploads/gallery_photo/2024/3/d9/18/d9182e89d20e225abb3048f179524700.jpg;https://files.alnair.ae/uploads/gallery_photo/2024/3/a9/54/a954eaa48c638d123e9e3273bb832105.jpg;https://files.alnair.ae/uploads/gallery_photo/2025/2/74/37/7437594ea3a0b9e9072e58ee7ab4b9a3.jpg;https://files.alnair.ae/uploads/gallery_photo/2025/2/45/8e/458ef3ee515c916310b42d39f1d62add.jpg;https://files.alnair.ae/uploads/gallery_photo/2024/12/43/34/4334d5c180a1d4ee2f94b3d1cf130296.jpg;https://files.alnair.ae/uploads/gallery_photo/2025/1/0d/57/0d57a6bfeeb7f8ad8d0a07ffb8823a7d.jpg;https://files.alnair.ae/uploads/gallery_photo/2024/9/cd/1c/cd1cb8f5b1943f412db5de1a3d233ec0.png;https://files.alnair.ae/uploads/gallery_photo/2025/3/8a/71/8a7192d9736310a76308795a61d6b012.jpg;https://files.alnair.ae/uploads/gallery_photo/2025/6/27/d2/27d2aa30f16c797fdb675c851d9d386b.png}",2025-11-13T00:22:51.119Z
254a3d99-5c65-4cdc-85be-e4284be6c36c,Naseeb Group,,"","Naseeb Group — это группа компаний, которая занимается строительством и девелопментом. Они стремятся реализовывать проекты, которые предлагают современный дизайн и качественное исполнение, часто работая в партнерстве с другими игроками рынка.","",2025-11-13T00:22:51.123Z
240d8a50-039a-41fb-9df3-d7a182bdafb6,National Properties,,"","National Properties — это дочерняя компания National Bonds Corporation, специализирующаяся на управлении и развитии недвижимости. Компания предлагает инновационные решения для жилья (например, Casa Flores в Motor City), ориентированные на инвесторов и конечных пользователей, стремящихся к сохранению и приумножению капитала.","",2025-11-13T00:22:51.122Z
f6a84371-f538-4779-95ca-7477b0a23993,New MFOUR Real Estate Development,https://files.alnair.ae/uploads/2025/9/9f/9e/9f9ec175e2d6ae2aed5efca3c2780bf9.jpg,"","Основанная в 2010 году, MFOUR Development выросла из строительной фирмы в ведущего девелопера, реализовавшего знаковые проекты в Мумбаи и Пуне. Известная компания расширяется в Дубай с дебютом премиального жилого комплекса в Jumeirah Gardens. MFOUR также преуспевает в строительстве (EPC контракты) и управляет роскошными отелями в Дубае и Стамбуле.","{https://files.alnair.ae/uploads/2025/9/9f/9e/9f9ec175e2d6ae2aed5efca3c2780bf9.jpg;https://files.alnair.ae/uploads/gallery_photo/2025/9/8a/34/8a341ba52f06677d02e6e7207b37f012.jpg}",2025-11-13T00:22:51.131Z
21a26f99-1606-45be-a962-c618680718e6,Newbury Developments,,"","Newbury Developments — это застройщик, который специализируется на создании бутиковых жилых проектов в Дубае. Компания известна своим вниманием к деталям и качеству исполнения, стремясь предложить рынку недвижимость, сочетающую в себе комфорт и современный дизайн.","",2025-11-13T00:22:51.130Z
5844184a-c0da-4994-813a-45c444d945e0,Nexus,https://files.alnair.ae/uploads/2025/3/3c/2f/3c2fa8ccfe634154869b66c8208969e3.png,"","См. описание выше. Это бренд, который позиционирует себя как надежного партнера в девелопменте, ориентированного на качество и долгосрочные отношения с клиентами.","{https://files.alnair.ae/uploads/2025/3/3c/2f/3c2fa8ccfe634154869b66c8208969e3.png;https://files.alnair.ae/uploads/gallery_photo/2025/3/21/33/2133b3157dd18129881cebf36b7cc01e.png}",2025-11-13T00:22:51.136Z
d8fe8ac7-eace-4ea0-972f-59b8e2e42fb1,Nshama,https://files.alnair.ae/uploads/2023/5/10/63/10638be31cab4fe48691f1cb2b2099df.png,"","См. описание выше. Группа управляет мастер-комьюнити Town Square и продолжает расширять свое влияние на рынке доступного жилья в Дубае.","{https://files.alnair.ae/uploads/2023/5/10/63/10638be31cab4fe48691f1cb2b2099df.png;https://files.alnair.ae/uploads/gallery_photo/2024/9/d2/d0/d2d0557bbe65e0ff8f7baff0a873be6f.jpg;https://files.alnair.ae/uploads/gallery_photo/2025/4/f6/98/f6982cdd6aefb7b7e940f17b8aef70e9.jpg;https://files.alnair.ae/uploads/gallery_photo/2025/11/3f/58/3f5883a8379e770f410f03a1765d3d1f.jpg;https://files.alnair.ae/uploads/gallery_photo/2024/12/57/ac/57acf2d0dc8fdc52f03867df6fda107b.jpg;https://files.alnair.ae/uploads/gallery_photo/2023/5/2b/4f/2b4f361beb10f7191f188184fc8c8ebd.png;https://files.alnair.ae/uploads/gallery_photo/2023/5/69/c6/69c6942fb06d7b061fabeb4b3ba4ceb8.jpg;https://files.alnair.ae/uploads/gallery_photo/2023/7/59/23/5923d1942a8ff7122410c8833b95c96d.jpg;https://files.alnair.ae/uploads/gallery_photo/2024/10/b9/4d/b94d0258422f4e8078860b07415c03c0.jpg;https://files.alnair.ae/uploads/gallery_photo/2024/1/43/2a/432a5f955983d4af94ea17f21be7d61a.jpg;https://files.alnair.ae/uploads/gallery_photo/2025/8/18/d3/18d340aed454a066d0e8086d474f38a5.jpg;https://files.alnair.ae/uploads/gallery_photo/2024/12/28/4d/284d715622f2fe0ca3e04339c5b6f352.jpg;https://files.alnair.ae/uploads/gallery_photo/2024/10/2b/2f/2b2fb812fc7a974d6a15a69ff4ca2199.jpg;https://files.alnair.ae/uploads/gallery_photo/2024/7/db/62/db6211a0603f3b836e041df39e0aa26c.jpg;https://files.alnair.ae/uploads/gallery_photo/2023/10/55/b4/55b47333de134ba8d2d26377fb90c48d.jpg;https://files.alnair.ae/uploads/gallery_photo/2025/9/91/5f/915fcfa03ff9aa04d1f14ffda262f5e5.jpg;https://files.alnair.ae/uploads/gallery_photo/2025/2/97/1f/971f61900a71b73c6b096c1eea5d7806.jpg;https://files.alnair.ae/uploads/gallery_photo/2025/5/1f/f7/1ff703891c5e11b4be418dae82a35dfd.jpg;https://files.alnair.ae/uploads/gallery_photo/2025/6/ea/57/ea57fc42bba9845e0378cc0c17c6c413.jpg;https://files.alnair.ae/uploads/gallery_photo/2024/7/b0/75/b0755cd423c65480252bc2ab80188e8a.png;https://files.alnair.ae/uploads/gallery_photo/2025/3/d8/e2/d8e2669fee1ce10d82b192c2b1779c33.jpg;https://files.alnair.ae/uploads/gallery_photo/2023/9/d8/60/d860fce28f35af6c906cb4c27e6d0b25.png;https://files.alnair.ae/uploads/gallery_photo/2023/2/d4/f0/d4f00d044ce5584d00b50b5dae15d18a.jpg;https://files.alnair.ae/uploads/gallery_photo/2024/12/a1/58/a158a379f5e1a669a195ae618e37205f.jpg;https://files.alnair.ae/uploads/gallery_photo/2025/1/0b/fb/0bfbfb5454e3f8a1ae6ea1faa1b47863.jpg;https://files.alnair.ae/uploads/gallery_photo/2024/11/16/57/16572a448103502b5a9288e77221299a.jpg;https://files.alnair.ae/uploads/gallery_photo/2025/3/8c/84/8c84165269683459ecb43f5e0da5ef16.jpg;https://files.alnair.ae/uploads/gallery_photo/2024/12/32/1c/321c98ff19f72a6c8c6f76825fe924bf.jpg;https://files.alnair.ae/uploads/gallery_photo/2024/10/b1/b4/b1b4bcf305ff8bd7acff26b69a08c841.jpg;https://files.alnair.ae/uploads/gallery_photo/2024/7/52/c0/52c0d3be0269f2129086db8a67bd6a37.jpg;https://files.alnair.ae/uploads/gallery_photo/2023/4/c0/20/c020f8ef0bb609f3555fe2b218ecaa8e.jpg;https://files.alnair.ae/uploads/gallery_photo/2023/8/1b/5d/1b5d58175499a2f6f58843e9c830586b.png;https://files.alnair.ae/uploads/gallery_photo/2023/12/24/77/2477f526b39a26d82cd71c79013d50da.jpg;https://files.alnair.ae/uploads/gallery_photo/2024/2/29/9e/299e1a2ce52989445227fb9954b99352.jpg;https://files.alnair.ae/uploads/gallery_photo/2024/3/61/fc/61fc46aab8762c33a3d494d137d2f464.jpg;https://files.alnair.ae/uploads/gallery_photo/2024/4/87/8d/878ddae98fb2bc26304834f8d0e106b1.jpg;https://files.alnair.ae/uploads/gallery_photo/2024/5/29/ee/29eec58f04067c932a625bb8d79144fd.jpg;https://files.alnair.ae/uploads/gallery_photo/2024/3/c6/c2/c6c2db6bc6954050c6fb621dbe1ea2f0.jpg;https://files.alnair.ae/uploads/gallery_photo/2025/5/7d/9d/7d9d9a1a2277bbb8dfa157695e01e587.jpg;https://files.alnair.ae/uploads/gallery_photo/2024/10/cc/0b/cc0b5efa2841e29f59f870d76db7cde5.jpg}",2025-11-13T00:22:51.138Z
4d4c3146-cb22-4655-9e56-45df037ae6ae,Nuri Living,https://files.alnair.ae/uploads/2025/10/fa/cd/facd6e6a8ad44df95f33b079943b587c.jpg,"","В Nuri Living мы верим, что дома — это больше, чем структуры; это святилища для человеческого духа. Наша история началась с видения: создать жилую среду, где роскошь, баланс и благополучие сосуществуют естественно. От фундамента до финальной детали, каждое пространство, которое мы проектируем, отражает нашу философию — строить места, которые ощущаются как дом в полном смысле этого слова.","{https://files.alnair.ae/uploads/2025/10/fa/cd/facd6e6a8ad44df95f33b079943b587c.jpg;https://files.alnair.ae/uploads/gallery_photo/2025/10/6c/cc/6cccc8db7f83dc5e38ebc2c001e84cf8.jpg}",2025-11-13T00:22:51.140Z
8cd1318e-82f9-4406-bb44-5c2bfef42916,OCTA Development,,"","OCTA — это девелопер и менеджер по развитию, который специализируется на управлении эксклюзивными проектами. Компания известна своим экспертным подходом к продажам и маркетингу, помогая выводить на рынок успешные брендированные резиденции (например, в партнерстве с Fashion TV или Elie Saab).","",2025-11-13T00:22:51.143Z
4d34098e-1634-4d8f-bbc7-fd26083d835f,ONE YARD,,"","Yard — это, вероятно, сокращенное название для One Yard или другого бренда, связанного с созданием уютных, ""дворовых"" пространств и сообществ. В контексте девелопмента это может означать фокус на ландшафтном дизайне и открытых пространствах.","",2025-11-13T00:22:51.144Z
c066e177-fbfd-4dea-af9a-5d81b7ba8acc,Object One,https://files.alnair.ae/uploads/2023/5/9d/d7/9dd70a933c457c0cfa7c646ec299f1c1.jpg,"","Наш 10-летний опыт в строительстве трансформировался в миссию превратить город в галерею современного искусства. Речь не только о впечатляющем экстерьере, но и об ощущениях внутри каждого объекта. «Быть на голову выше» — часть нашей философии. Мы строим здания (например, RA1N, 1WOOD), где можно удовлетворить все базовые потребности, не выходя из дома. Особое внимание уделяется ландшафтному дизайну, чтобы окружение вдохновляло.","{https://files.alnair.ae/uploads/2023/5/9d/d7/9dd70a933c457c0cfa7c646ec299f1c1.jpg;https://files.alnair.ae/uploads/gallery_photo/2024/8/93/a0/93a0f5a31ce3e41e62719bf705448a12.jpg;https://files.alnair.ae/uploads/gallery_photo/2024/4/58/74/5874808b8be51ae3cbcbf3cdd9f2a011.jpg;https://files.alnair.ae/uploads/gallery_photo/2024/9/17/af/17afdaebf0e7174dcbed49640ed54a71.jpg;https://files.alnair.ae/uploads/gallery_photo/2023/11/6e/46/6e46f59bbeed004c3681fb00548fedf5.jpg;https://files.alnair.ae/uploads/gallery_photo/2025/10/3c/a8/3ca8d1cc3b4b83d5e1c60b4172964ea0.jpg;https://files.alnair.ae/uploads/gallery_photo/2024/2/e7/f3/e7f3eaf22c536389d8f23b997d4cf291.png;https://files.alnair.ae/uploads/gallery_photo/2025/8/db/a2/dba27e091af64b67790a5f297f314e57.jpg;https://files.alnair.ae/uploads/gallery_photo/2025/10/d1/d9/d1d9428404dcf3aa739ad9964df31c92.jpg;https://files.alnair.ae/uploads/gallery_photo/2024/3/83/62/8362b44acc370bf21bd8b7d1883f2ffb.png;https://files.alnair.ae/uploads/gallery_photo/2025/5/89/16/8916ff1a2576b8e7d71ccef9b91467ef.jpg;https://files.alnair.ae/uploads/gallery_photo/2025/7/66/e1/66e10dc6e45e758d3723581a265352d1.jpg;https://files.alnair.ae/uploads/gallery_photo/2024/12/56/b5/56b59a7e81ab6a6c89bcc3dea419d7a9.jpg;https://files.alnair.ae/uploads/gallery_photo/2025/3/f8/b1/f8b1bdb477e9254824e61b6c5e691bfa.jpg;https://files.alnair.ae/uploads/gallery_photo/2025/2/45/f0/45f0539d3d85cc585807aac632de83ea.jpg;https://files.alnair.ae/uploads/gallery_photo/2025/3/73/68/73687c8a88515c8dc61d58e1bc94a60c.jpg;https://files.alnair.ae/uploads/gallery_photo/2025/6/a2/5d/a25df993d53ceadf56b1d237da9a77af.jpg;https://files.alnair.ae/uploads/gallery_photo/2024/12/fd/53/fd532d807bfdea4b60cac9eb08b1fcf1.jpg;https://files.alnair.ae/uploads/gallery_photo/2025/4/51/21/5121d5ecc2128d87000eb0bd8809b203.jpg;https://files.alnair.ae/uploads/gallery_photo/2025/4/d9/dc/d9dc002847321b57cd19a1de14113d3c.jpg;https://files.alnair.ae/uploads/gallery_photo/2025/5/02/e8/02e89be51ca846fefc8689050d95cd52.jpg;https://files.alnair.ae/uploads/gallery_photo/2024/9/e4/c6/e4c65bbcf7a569f96ac12b00526dd9bc.jpg;https://files.alnair.ae/uploads/gallery_photo/2024/11/65/c3/65c394bacdda26260afd31713c1a9bfb.jpg;https://files.alnair.ae/uploads/gallery_photo/2024/12/d5/2e/d52e6e0a4fe8bb0cf1f779d19c48abcd.jpg;https://files.alnair.ae/uploads/gallery_photo/2025/8/c7/83/c783e1b821973c7e1748333ffb6e3034.jpg;https://files.alnair.ae/uploads/gallery_photo/2025/1/dc/dd/dcdd3be8e87de406d9ebcaff1c4a7ccb.jpg;https://files.alnair.ae/uploads/gallery_photo/2025/7/88/28/8828d21953b0987ae27f4eb486fee77b.jpg;https://files.alnair.ae/uploads/gallery_photo/2023/3/f6/b1/f6b1f228c0406ceeae85d3abdad627f1.jpg;https://files.alnair.ae/uploads/gallery_photo/2023/5/cc/21/cc21e12069c963333d6ecc039fe19f38.jpg;https://files.alnair.ae/uploads/gallery_photo/2024/10/92/19/9219217876a2138e8065f8ddf591cffd.jpg}",2025-11-13T00:22:51.147Z
9074e737-5dcb-4e62-a370-88b17aac08f1,Oksa Developer,https://files.alnair.ae/uploads/2025/7/0e/96/0e962c622775e39962dbb1a590e33669.png,"","OKSA Developers соединяет мечты и реальность. Присутствуя на ключевом рынке ОАЭ, мы переопределяем недвижимость через инновационный дизайн и бескомпромиссное качество. Как дальновидная компания, мы стремимся превращать видения в реальность. Наше обязательство перед совершенством очевидно в каждом проекте, будь то роскошная резиденция или коммерческий хаб, устанавливая новые стандарты в индустрии.","{https://files.alnair.ae/uploads/2025/7/0e/96/0e962c622775e39962dbb1a590e33669.png;https://files.alnair.ae/uploads/gallery_photo/2025/1/b9/3a/b93ae59227a17849cb2ffda18b6922ff.jpg}",2025-11-13T00:22:51.151Z
a0c022fb-6aeb-48da-8607-b72c39986973,Omniyat,https://files.alnair.ae/uploads/2023/3/e0/60/e060e6319b12c80ac776c94e4a108faf.jpg,"","OMNIYAT — одна из самых визионерских частных девелоперских групп в регионе Персидского залива. С 2005 года OMNIYAT создает «жилые полотна», предлагая уникальный премиальный опыт. Мы подходим к каждому объекту (The Opus, One at Palm Jumeirah) как к редкому произведению искусства. Сотрудничая с культовыми архитекторами (Заха Хадид, Foster + Partners), мы гарантируем владельцам жизнь в индивидуальном пространстве, отражающем их личность и достижения.","{https://files.alnair.ae/uploads/2023/3/e0/60/e060e6319b12c80ac776c94e4a108faf.jpg;https://files.alnair.ae/uploads/gallery_photo/2023/1/78/39/7839b890dc40d01dd8869b2e78c5d1fd.jpg;https://files.alnair.ae/uploads/gallery_photo/2024/9/14/23/1423bdb74e35aadeb27af6e4dcefea9f.jpg;https://files.alnair.ae/uploads/gallery_photo/2024/12/25/e7/25e738f95b9e8a4ca53490ae5d83296f.jpg;https://files.alnair.ae/uploads/gallery_photo/2024/12/47/31/4731bdbea88202c7ae582f511c8d77b9.jpg;https://files.alnair.ae/uploads/gallery_photo/2024/12/e6/37/e6378efcc726b4df7696d6fca195fc73.jpg;https://files.alnair.ae/uploads/gallery_photo/2023/1/26/a9/26a94800c2f3cf9ab80b13b0d99bf810.jpg;https://files.alnair.ae/uploads/gallery_photo/2023/3/bb/63/bb63a92dc36463d8100c8ef8b0c127cc.jpg;https://files.alnair.ae/uploads/gallery_photo/2024/5/66/e4/66e447a75e150b14cd901c225cccf691.jpg;https://files.alnair.ae/uploads/gallery_photo/2024/1/84/b6/84b654dfa49d333a3289bab8f7cfdd46.jpg;https://files.alnair.ae/uploads/gallery_photo/2023/2/9d/05/9d0557e7186ccd10684ff4004e7be16c.jpg;https://files.alnair.ae/uploads/gallery_photo/2025/6/69/23/6923e7bed63b6f39423268247efe4c54.png;https://files.alnair.ae/uploads/gallery_photo/2023/3/47/50/4750aa6cc24ad0ba7fc4aeff93b9fc67.jpg;https://files.alnair.ae/uploads/gallery_photo/2024/9/69/f5/69f5f003d292bcdd66a9cbb16fb5931b.jpg;https://files.alnair.ae/uploads/gallery_photo/2025/10/1b/fa/1bfa2be9e498876219c989214594ce98.jpg;https://files.alnair.ae/uploads/gallery_photo/2024/6/ad/ef/adef41160134ede065105970d88b193f.jpg;https://files.alnair.ae/uploads/gallery_photo/2024/8/30/2c/302c34df4579d3f2f8a1f6865f002a2d.jpg}",2025-11-13T00:22:51.154Z
2b7c2023-beaf-4f51-aaaa-5e6deec1794f,One Development,https://files.alnair.ae/uploads/2024/12/09/94/09949f0785adde7d1e649c41ea52c4ed.jpg,"","One Development — это отечественный бутик-девелопер, посвященный созданию современных жилых пространств, способствующих чувству общности. Наш клиентоориентированный подход гарантирует уникальный и полноценный опыт для каждого резидента. Компания стремится внедрять технологии AI в свои проекты (например, в City of Arabia).","{https://files.alnair.ae/uploads/2024/12/09/94/09949f0785adde7d1e649c41ea52c4ed.jpg;https://files.alnair.ae/uploads/gallery_photo/2025/6/66/47/664754ee252c8c98ee9d3f8a54af7f22.png;https://files.alnair.ae/uploads/gallery_photo/2025/2/62/5e/625e7308fc5de5c52f434c2c78c9c15c.jpg}",2025-11-13T00:22:51.202Z
6d5a2487-6c36-42c7-9938-a337b6d429c8,Orange.Life!,https://files.alnair.ae/uploads/2025/3/ab/aa/abaa6cd3af3a091a59a778c93364e9d9.png,"","Orange.Life! — часть Orange Group, известной инвестиционно-девелоперской компании, представленной в России, Германии и ОАЭ. В Дубае Orange.Life! — это инвестиционный центр, предоставляющий комплексные услуги по сделкам, юридическому сопровождению и управлению арендой «под ключ». Опираясь на многолетний опыт, компания гарантирует безопасность инвестиций и стабильный доход от сети инвестиционных отелей (например, Kyma, Marcus).","{https://files.alnair.ae/uploads/2025/3/ab/aa/abaa6cd3af3a091a59a778c93364e9d9.png;https://files.alnair.ae/uploads/gallery_photo/2025/4/cc/f6/ccf656b164fc47ca22ac60b761a9714e.jpg}",2025-11-13T00:22:51.156Z
036fb0b2-a7ea-4f36-bb63-491a7308b1b2,Oro 24,,"","Oro 24 — это девелоперская компания, основанная Атифом Рахманом, ветераном индустрии. Компания известна своим инновационным подходом к доступной роскоши, предлагая уникальные удобства и гибкие планы оплаты. Oro 24 стремится создать сообщество, где качество жизни стоит на первом месте (проекты Torino, Levanto).","",2025-11-13T00:22:51.163Z
4b7d7035-c2b5-4b9e-bf53-f9199408c49c,PG Properties,,"","PG Properties (Pure Gold Living) — это девелоперское подразделение известной ювелирной группы Pure Gold. Компания переносит принципы ювелирного мастерства — качество, надежность и внимание к деталям — в сферу недвижимости, создавая проекты, которые предлагают отличную ценность и своевременную сдачу.","",2025-11-13T00:22:51.165Z
5b8f780a-490f-4ccf-b240-338f038f753f,Palladium Development,https://files.alnair.ae/uploads/2024/1/8c/ce/8cce29ee4ad7a5cc1d4dc1eabed78347.png,"","Компания с большой историей и опытом в девелопменте и инвестициях. Palladium Development предоставляет полное решение для всех видов проектов недвижимости: от начальной концепции до завершения, передачи и послепродажного обслуживания. Компания известна своими проектами, которые сочетают качество и инвестиционную привлекательность.","{https://files.alnair.ae/uploads/2024/1/8c/ce/8cce29ee4ad7a5cc1d4dc1eabed78347.png;https://files.alnair.ae/uploads/gallery_photo/2025/10/00/22/00226946f723a1fea7bac5cbe7853493.jpg;https://files.alnair.ae/uploads/gallery_photo/2025/10/11/b1/11b15276348020afb5e6d6d74fc0d290.jpg;https://files.alnair.ae/uploads/gallery_photo/2024/1/44/4f/444f34a111f47f449c7be7cc1a5923f8.jpg;https://files.alnair.ae/uploads/gallery_photo/2025/10/80/8e/808e30d28a90b004b00bd59a1ae5ad37.jpg;https://files.alnair.ae/uploads/gallery_photo/2025/2/7a/ff/7afff63aca4d565972f8cc9b9411c8b6.jpg}",2025-11-13T00:22:51.168Z
f9c00e30-49b0-493c-862f-6e8e8b8366e1,Palma Development,https://files.alnair.ae/uploads/2025/2/c1/d8/c1d83e2746a89f95c0e4204ec8f35d9f.jpg,"","Palma Development — дочерняя компания Palma Holding. Благодаря четырем подразделениям (Development, Investment, Real Estate, Asset Management), Palma предлагает непревзойденные услуги в секторе первоклассной недвижимости Дубая. С момента основания холдинг построил более 4 млн кв. футов (включая Serenia Residences, Infinity Cayan Tower). Основные локации: Dubai Marina, The Palm, Business Bay.","{https://files.alnair.ae/uploads/2025/2/c1/d8/c1d83e2746a89f95c0e4204ec8f35d9f.jpg;https://files.alnair.ae/uploads/gallery_photo/2025/2/7d/23/7d23a48298f389061f917b057fd619f5.jpg;https://files.alnair.ae/uploads/gallery_photo/2024/9/c9/1f/c91f8dad81a65eb3e55073a8290ecebf.jpg;https://files.alnair.ae/uploads/gallery_photo/2024/9/09/a5/09a5b26eb12cfb54e1de7310020556f5.jpg}",2025-11-13T00:22:51.167Z
b32d4b90-a53e-4118-89ad-0714490ad85b,Pantheon,https://files.alnair.ae/uploads/2025/1/5c/51/5c51e79570ac7916abe75ed40f22d441.png,"","Pantheon Development родилась из мощного видения: создавать дома, которые служат не только архитектурными шедеврами, но и живыми сообществами. Основанная Калпешем Кинаривалой, Pantheon заполнила пробел на рынке Дубая, предложив высококачественные, функциональные и роскошные дома (в JVC) без завышенных цен, делая современную жизнь доступной.","{https://files.alnair.ae/uploads/2025/1/5c/51/5c51e79570ac7916abe75ed40f22d441.png;https://files.alnair.ae/uploads/gallery_photo/2022/12/93/33/9333e6bb9c53f6d3c7c30a4567d08319.jpg;https://files.alnair.ae/uploads/gallery_photo/2023/6/2a/9b/2a9beb5e2923e5e362729cbdbc2cdc04.jpg;https://files.alnair.ae/uploads/gallery_photo/2023/6/15/dd/15dd7c2a0d6d08c0002926a691512406.jpg;https://files.alnair.ae/uploads/gallery_photo/2024/12/ae/92/ae92cde818f8334d774ec7c3eea62f9b.png;https://files.alnair.ae/uploads/gallery_photo/2025/5/b1/78/b178198ff26b586c1bd1d37d6b6a2d46.jpg;https://files.alnair.ae/uploads/gallery_photo/2024/10/b0/80/b0800ca9c16430fafc4fbd86977dc379.jpg;https://files.alnair.ae/uploads/gallery_photo/2024/12/c3/df/c3dfd2099ee45b4304ca1a7b161906ff.jpg;https://files.alnair.ae/uploads/gallery_photo/2023/4/9f/e0/9fe0b214dda770c4206c233ca4da4953.jpg;https://files.alnair.ae/uploads/gallery_photo/2023/6/93/80/93807a1f8c68eb34ec4650b52ff9febe.jpg}",2025-11-13T00:22:51.174Z
95ead98a-7e4a-45c9-83d7-ba749f3110bf,Pasha 1,https://files.alnair.ae/uploads/2025/10/1f/07/1f07fc3abbc7318d0902cb5167dadea7.jpg,"","Pasha1 — девелопер из Дубая, рожденный из наследия PJS Global, семейного бизнеса с 40-летней историей. Опираясь на операции в 9 странах, группа стратегически расширилась в недвижимость. Возглавляемая Пулкитом и Паршвой джайн, Pasha1 сочетает наследие с дальновидностью. Дебютный проект Stax в JVC отражает философию дизайна и функциональности. Pasha1 позиционирует себя как создатель качественной архитектуры и сильных сообществ.","{https://files.alnair.ae/uploads/2025/10/1f/07/1f07fc3abbc7318d0902cb5167dadea7.jpg;https://files.alnair.ae/uploads/gallery_photo/2025/10/3b/56/3b569383be868d267372479ae6214919.jpg}",2025-11-13T00:22:51.176Z
4d5d89ed-c0a1-4451-b885-2ce54b58e191,Peace Homes Development,,"","Peace Homes Development — это компания, которая выросла из успешного агентства недвижимости. Обладая глубоким знанием рынка, они начали собственные девелоперские проекты (например, Peace Lagoons), предлагая инновационные жилые решения с гибкими планами оплаты и богатой инфраструктурой.","",2025-11-13T00:22:51.179Z
c5ff89d5-fbfe-4ab6-9ce1-49856d4eddea,Peak Summit Real Estate Development,,"","Peak Summit Development — это застройщик, известный созданием проекта The Orchard Place в JVC. Компания фокусируется на европейских стандартах качества и уникальном дизайне, стремясь предложить жилье, которое выделяется на фоне конкурентов.","",2025-11-13T00:22:51.181Z
5d77d66e-af53-4f86-921e-64761794ecd0,Pearlshire,https://files.alnair.ae/uploads/2024/12/c8/af/c8af08187f2896fe1010ca9af0421820.jpg,"","См. описание выше. Бренд, активно работающий над созданием инвестиционно привлекательных объектов.","{https://files.alnair.ae/uploads/2024/12/c8/af/c8af08187f2896fe1010ca9af0421820.jpg;https://files.alnair.ae/uploads/gallery_photo/2024/12/e0/4f/e04fd7c7aa4ca930de8d0ac2a13b6132.jpg}",2025-11-13T00:22:51.184Z
0fd10e5b-820b-4554-9c26-0eae2e5bccaf,Pinnacle A K S Real Estate Development,https://files.alnair.ae/uploads/2024/11/5b/5e/5b5ec8781523bef012c3723a850dfd19.png,"","Pinnacle AKS — строительная и девелоперская компания, работающая в Дубае. Они известны своими проектами в Dubai Silicon Oasis (например, Pinnacle Tower), предлагая качественное жилье и коммерческие площади.","{https://files.alnair.ae/uploads/2024/11/5b/5e/5b5ec8781523bef012c3723a850dfd19.png;https://files.alnair.ae/uploads/gallery_photo/2024/11/0d/5a/0d5a51528161621ce14592c67bb287f7.jpg}",2025-11-13T00:22:51.187Z
f14411c9-0872-4264-b652-6bfb1a637538,Premier Choice,,"","См. описание выше. Компания расширяет свое присутствие на рынке ОАЭ, предлагая инвестиционно привлекательные проекты.","",2025-11-13T00:22:51.190Z
65141d91-e0d2-4940-a037-cbb2bd1bb7b2,Prescott Development,https://files.alnair.ae/uploads/2024/6/fd/2f/fd2f22c86df19cca744987ab92b2b83a.jpg,"","Prescott Development — девелопер из Дубая, специализирующийся на строительстве жилой недвижимости с фокусом на устойчивость и высокие стандарты качества. Начав операции в 2006 году, компания сконцентрировалась на проектах в Дубае. Известные проекты: Prime Residency, Prime Views, Serene Gardens, Elevate. Prescott строит дома, которые предлагают отличное соотношение цены и качества.","{https://files.alnair.ae/uploads/2024/6/fd/2f/fd2f22c86df19cca744987ab92b2b83a.jpg;https://files.alnair.ae/uploads/gallery_photo/2024/12/ab/7f/ab7fe71fa9571557a9570e4e0a08e1af.png;https://files.alnair.ae/uploads/gallery_photo/2024/7/ce/7f/ce7f1cbbca17398d666c60b82e8b235b.jpg;https://files.alnair.ae/uploads/gallery_photo/2023/2/57/1c/571c2eed12aae26124300a2a52a65f78.jpg;https://files.alnair.ae/uploads/gallery_photo/2023/2/cb/06/cb068fa8fed6ff4939fa3be09e28f1cc.jpg;https://files.alnair.ae/uploads/gallery_photo/2024/9/c4/48/c448d294e5e32a482f80c9ef7acd482b.jpg;https://files.alnair.ae/uploads/gallery_photo/2023/7/66/a4/66a45a915f9ab9ce0e6dbe0035a7fcca.png;https://files.alnair.ae/uploads/gallery_photo/2025/1/5d/f0/5df0961700f7e77485c4d89380198f77.jpg;https://files.alnair.ae/uploads/gallery_photo/2025/10/7a/a1/7aa1983c3ee13d6e3d89a8943a4dea6f.jpg;https://files.alnair.ae/uploads/gallery_photo/2023/2/d0/bc/d0bcb52796b343f7e7bcc759c4a39127.jpg;https://files.alnair.ae/uploads/gallery_photo/2024/12/c7/55/c755e5f02e2fb64b4dc92c74d943e6d6.png;https://files.alnair.ae/uploads/gallery_photo/2024/12/2d/61/2d61abb85dffed876e1e84b2f97e7031.png;https://files.alnair.ae/uploads/gallery_photo/2023/3/af/ed/afed8b390b2a4c5af95ff807b8f75939.jpg;https://files.alnair.ae/uploads/gallery_photo/2024/1/01/fe/01fea8f735c09e180c828ee018b4d54a.png;https://files.alnair.ae/uploads/gallery_photo/2024/7/36/e4/36e4a621b6fc5e6299cf0de5327db87d.jpg}",2025-11-13T00:22:51.193Z
e142a894-14e7-4391-806e-0d08d6273bd4,Prestige One,https://files.alnair.ae/uploads/2025/6/4d/61/4d611f27677d11af0a04a06e2f825fad.jpg,"","См. описание выше. Бренд, известный своими элегантными проектами, такими как The Vista и The Place.","{https://files.alnair.ae/uploads/2025/6/4d/61/4d611f27677d11af0a04a06e2f825fad.jpg;https://files.alnair.ae/uploads/gallery_photo/2024/4/fb/c6/fbc6cede046fd928dafdaa6333910742.jpg;https://files.alnair.ae/uploads/gallery_photo/2023/5/f9/cb/f9cb020e6564288e459c19fb86dcf751.jpg;https://files.alnair.ae/uploads/gallery_photo/2023/5/7d/76/7d7693c5a26a85713c2e25af2023f573.jpg;https://files.alnair.ae/uploads/gallery_photo/2024/9/3d/c3/3dc321527bf99aa9c38514569692cd70.jpg;https://files.alnair.ae/uploads/gallery_photo/2024/5/78/a2/78a25635877b452de7b1a8c78d082723.jpg;https://files.alnair.ae/uploads/gallery_photo/2025/6/c8/f2/c8f2c0399fe69100bd3e0743471c4273.jpg;https://files.alnair.ae/uploads/gallery_photo/2024/9/af/76/af766da330588334fd8d48fe0d183ef8.jpg;https://files.alnair.ae/uploads/gallery_photo/2025/2/b3/21/b32134f68fb4fecefe12f92622285b51.jpg;https://files.alnair.ae/uploads/gallery_photo/2024/12/bf/48/bf48b31d3a042927473e2910a636f669.jpg;https://files.alnair.ae/uploads/gallery_photo/2024/12/2a/5b/2a5bc19cb578e9a24b177f08f84fe173.jpg;https://files.alnair.ae/uploads/gallery_photo/2025/5/70/fa/70fa2bcbe8750f30ffdffd76a92b100d.jpg;https://files.alnair.ae/uploads/gallery_photo/2023/5/7c/17/7c177308b112f3ec1f75513fefef7d62.png}",2025-11-13T00:22:51.199Z
68af857e-caff-4c87-a82e-a5e77238dc19,QUBE Development,,"","См. описание выше. Бренд, который стремится установить новые стандарты качества в строительстве жилья.","",2025-11-13T00:22:51.195Z
c40d260c-4aa2-43de-9abd-7ab80b9f52fe,Rabdan Real Estate Developments,https://files.alnair.ae/uploads/2024/8/22/73/22738e754fdbc396fc22ce2450192521.jpg,"","В Rabdan Developments мы выходим за рамки обыденного, чтобы переосмыслить роскошную жизнь в Дубае. Мы плавно смешиваем элитную роскошь с изысканным дизайном, устанавливая новые стандарты комфорта (например, проекты в Business Bay и Dubai Science Park). Как ведущий девелопер, мы гордимся инновационным подходом, создавая архитектурные чудеса в премиальных локациях. В основе философии Rabdan лежит удовлетворенность клиентов и обеспечение непревзойденной окупаемости инвестиций.","{https://files.alnair.ae/uploads/2024/8/22/73/22738e754fdbc396fc22ce2450192521.jpg;https://files.alnair.ae/uploads/gallery_photo/2025/10/ea/1e/ea1e868de5847625453aca7441434666.jpg;https://files.alnair.ae/uploads/gallery_photo/2025/10/13/cf/13cf81b4efc3e0ed8777d1d774e10c28.jpg;https://files.alnair.ae/uploads/gallery_photo/2025/1/8d/5e/8d5eb382b154a328b5e0553f133e23db.jpg;https://files.alnair.ae/uploads/gallery_photo/2024/8/76/da/76daf6c63caf22d6d77649f93a516e5d.jpg;https://files.alnair.ae/uploads/gallery_photo/2025/6/83/2c/832c528719a28fcab4faa7fe5be299c2.png;https://files.alnair.ae/uploads/gallery_photo/2024/8/8b/8a/8b8ae4666f91b4e170d1632968517787.jpg}",2025-11-13T00:22:51.206Z
f0d40319-3c6b-4277-8ddb-188bcb21c2b9,Rashed Aljabri,,"","Rashed Aljabri Real Estate — это частная компания, занимающаяся девелопментом и управлением недвижимостью. Они известны своими бутиковыми проектами, которые предлагают качественное жилье и коммерческие площади.","",2025-11-13T00:22:51.209Z
24206a01-dd7c-4362-9e1f-dcbe4d38b5e7,Reef Luxury Developments,https://files.alnair.ae/uploads/2024/10/e5/f2/e5f20a113ef963caf3a9bde6563040a3.png,"","Reef Developments — пионер-застройщик в Дубае, сосредоточенный на трансформации жилых пространств с помощью инновационных и практичных решений (например, запатентованная технология терморегулируемых ""Sunken Balconies""). Наша приверженность исключительному качеству и внимание к деталям гарантируют своевременное завершение проектов (Reef 1000, Reef 999), поднимая опыт недвижимости на новые стандарты.","{https://files.alnair.ae/uploads/2024/10/e5/f2/e5f20a113ef963caf3a9bde6563040a3.png;https://files.alnair.ae/uploads/gallery_photo/2024/10/c0/a6/c0a6f0321fc1356ba6ee866d5859c716.png;https://files.alnair.ae/uploads/gallery_photo/2025/6/30/21/3021956c940ee0072a51563b2dff56ee.png;https://files.alnair.ae/uploads/gallery_photo/2025/10/f0/7a/f07abc855075745a0f62dcaaf622fd35.jpg;https://files.alnair.ae/uploads/gallery_photo/2025/9/ef/cc/efccca361f6ce9f03b396f02814e34e1.jpg;https://files.alnair.ae/uploads/gallery_photo/2024/12/06/4e/064ee53a562e360da79e68487a89d618.png}",2025-11-13T00:22:51.212Z
2cd61192-5514-4073-b2e5-5e47a02c10f8,Regent Developments,https://files.alnair.ae/uploads/2025/5/11/76/117659e810c09c92e8e0050738f3c6c2.jpg,"","Regent Developments создает вдохновляющие дома, способствующие гармонии и связи с природой. Наши дома созданы, чтобы соответствовать вашим потребностям сегодня и через 10 лет — «Вневременные по дизайну». Regent привносит наследие качества, создавая продуманные сообщества, балансирующие доступность с роскошью. Успешные проекты включают виллы в Al Furjan. Последние предложения — устойчивые бутиковые резиденции для молодых профессионалов, окруженные зеленью.","{https://files.alnair.ae/uploads/2025/5/11/76/117659e810c09c92e8e0050738f3c6c2.jpg;https://files.alnair.ae/uploads/gallery_photo/2025/4/33/44/3344c07ffe7d545b5d36b664a111ec7e.jpg}",2025-11-13T00:22:51.215Z
0f7e4ef4-c8ca-454e-8c65-2d8243ad65bb,Reportage,https://files.alnair.ae/uploads/2023/7/44/6d/446d60773aa54928d125e8efae91907a.jpg,"","См. описание выше. Это полное название компании, известной своей агрессивной экспансией и привлекательными планами оплаты.","{https://files.alnair.ae/uploads/2023/7/44/6d/446d60773aa54928d125e8efae91907a.jpg;https://files.alnair.ae/uploads/gallery_photo/2024/8/0d/05/0d0520e0b3028367601e016cc7fd18d5.jpg;https://files.alnair.ae/uploads/gallery_photo/2025/1/99/e4/99e4b0de2a7b3dfd7ea649ab185a867b.jpg;https://files.alnair.ae/uploads/gallery_photo/2023/8/2a/34/2a3494c374f7f86d9066998f4d925204.png;https://files.alnair.ae/uploads/gallery_photo/2024/9/5f/09/5f09bfe219e4a2eaa1c1fbd4cc4aa95d.jpg;https://files.alnair.ae/uploads/gallery_photo/2023/12/22/e8/22e8ca68e209f6eb18ca05b3d1ae8083.jpg;https://files.alnair.ae/uploads/gallery_photo/2024/6/c4/44/c4449691d323fb6dd492e6b77a60762f.jpg;https://files.alnair.ae/uploads/gallery_photo/2024/6/58/ff/58ff7fccc8313a068079e173a63e0983.jpg;https://files.alnair.ae/uploads/gallery_photo/2024/4/c2/10/c2108d1590435d5636f6b1545179cd5b.jpg;https://files.alnair.ae/uploads/gallery_photo/2024/7/7c/b2/7cb209f8e69841aad0043391102f3559.jpg;https://files.alnair.ae/uploads/gallery_photo/2023/5/7b/cb/7bcbc1665c6a64b7aea3f20f44eae2b8.jpg;https://files.alnair.ae/uploads/gallery_photo/2024/8/1f/ad/1fad2861a5fa61f09b2bac298befcd4b.jpg;https://files.alnair.ae/uploads/gallery_photo/2025/10/f6/d0/f6d044a5d70a140263e30c9d8056ffcf.jpg;https://files.alnair.ae/uploads/gallery_photo/2024/8/cd/84/cd84bf9777c05655d78324fce8b0e1dc.jpg;https://files.alnair.ae/uploads/gallery_photo/2024/9/ea/20/ea2096c22469da219334c07fbea6a22e.jpg;https://files.alnair.ae/uploads/gallery_photo/2024/9/25/be/25bee01f5c1e28c460fc06d4035fd5ce.jpg;https://files.alnair.ae/uploads/gallery_photo/2024/12/39/57/39576e0447b455c172b6d762e56f96d5.jpg;https://files.alnair.ae/uploads/gallery_photo/2024/1/13/d9/13d92f17ead0381c7670d685ebba5402.jpg;https://files.alnair.ae/uploads/gallery_photo/2024/9/e6/ed/e6edf5bf0c43a1c8cbc2cca68cec788e.jpg;https://files.alnair.ae/uploads/gallery_photo/2024/9/4e/28/4e28eb61cc191d0f894838ce6d74dfae.jpg}",2025-11-13T00:22:51.217Z
b6314ca1-a10f-4f2c-846e-516bf3facb4f,Rijas Developers,https://files.alnair.ae/uploads/2025/1/af/87/af87c0fd90a12bc638895348618cda3f.jpg,"","Начавшись как небольшое торговое предприятие в 1966 году, Rijas Group выросла в глобальную империю с интересами в текстиле, логистике, ритейле и недвижимости. Фокус группы — создание брендов, добавляющих ценность жизни клиентов и сотрудников. Совершенство бизнеса заложено в ДНК Rijas, что позволяет компании достигать статуса мирового класса в своих девелоперских проектах.","{https://files.alnair.ae/uploads/2025/1/af/87/af87c0fd90a12bc638895348618cda3f.jpg;https://files.alnair.ae/uploads/gallery_photo/2025/3/53/40/534032d2618f1f5534348552fde15531.jpg;https://files.alnair.ae/uploads/gallery_photo/2024/8/91/36/9136b18a5cc362035c8ceff7f069de05.jpg;https://files.alnair.ae/uploads/gallery_photo/2025/1/dc/03/dc0363310a6f31a15d71f9badfa66a5f.jpg}",2025-11-13T00:22:51.220Z
ac8cf648-1ade-45ac-84ed-a2a573adc67b,Riviera Group,,"","Riviera Group — известный застройщик в Дубае, специализирующийся на жилых и гостиничных проектах (например, La Riviera в JVC). Компания известна своим вниманием к деталям и созданием недвижимости, которая предлагает роскошный образ жизни по разумной цене.","",2025-11-13T00:22:51.223Z
410dd0e2-1bcc-479c-a643-e5b89dd864e4,Roz Real Estate Development,,"","Roz Real Estate Development — это застройщик, который фокусируется на создании качественного жилья в развивающихся районах. Компания стремится предложить проекты, которые сочетают в себе современный дизайн и функциональность.","",2025-11-13T00:22:51.227Z
05e52a3b-3510-4946-861d-a9c12be66f36,Rvl Real Estate,,"","Rvl Real Estate — это девелоперская компания, которая стремится предложить рынку инновационные решения в сфере жилой недвижимости.","",2025-11-13T00:22:51.230Z
266fbc23-782c-4d58-851a-8ae455e82d04,S&S Developments,,"","S&S Developments — это девелопер, который специализируется на строительстве жилых проектов, отвечающих потребностям современного рынка. Они фокусируются на своевременной сдаче и качестве строительства.","",2025-11-13T00:22:51.229Z
f04ec55a-de8f-4aec-a8c6-ac69b897ffee,SAAS,https://files.alnair.ae/uploads/2023/6/82/4a/824a9bb85dd0f6cadc4473ebca2d7c99.png,"","См. описание выше. Полное название бренда, известного своими эксклюзивными проектами на Reem Island.","{https://files.alnair.ae/uploads/2023/6/82/4a/824a9bb85dd0f6cadc4473ebca2d7c99.png;https://files.alnair.ae/uploads/gallery_photo/2023/6/24/e6/24e627cc5da7c6536df2a41140d7e4f2.png;https://files.alnair.ae/uploads/gallery_photo/2024/11/e7/b9/e7b9bd8b1be90439bf969e115b6f3ec6.jpg;https://files.alnair.ae/uploads/gallery_photo/2023/6/4f/55/4f551f1c950ecab2a0f8a45e84656443.jpg;https://files.alnair.ae/uploads/gallery_photo/2025/2/c7/95/c7953318828bfdfe02bec0431731f010.jpg;https://files.alnair.ae/uploads/gallery_photo/2023/6/d9/83/d9832656c585920a25215aded048c934.jpg;https://files.alnair.ae/uploads/gallery_photo/2024/10/67/b3/67b3ed83396d32a27b0754951b02efe3.png}",2025-11-13T00:22:51.236Z
5a3564e3-beab-4571-b223-a48ba562320d,SABA Properties,,"","См. описание выше для SABA Properties. Известный застройщик в JLT.","",2025-11-13T00:22:51.238Z
fee17c96-fb1f-442b-8827-82d9369f2d8f,SCC Vertex Development,https://files.alnair.ae/uploads/2025/6/b9/fa/b9fae8263c2ae78d1d21af7bca4fac4a.jpg,"","SCC Vertex — современная девелоперская компания, основанная в 2024 году в Дубае. Часть SCC Group с более чем 30-летним опытом в строительстве в Индии, на Ближнем Востоке и в Африке. Компания специализируется на элитной жилой недвижимости, фокусируясь на качестве, инновационном дизайне и устойчивом развитии.","{https://files.alnair.ae/uploads/2025/6/b9/fa/b9fae8263c2ae78d1d21af7bca4fac4a.jpg;https://files.alnair.ae/uploads/gallery_photo/2025/6/ef/aa/efaa6c61911cf5e27c195af439e64714.jpg}",2025-11-13T00:22:51.240Z
ad3847db-59e5-418b-ace3-07813c8f9904,SIDO Developer,,"","SIDO Developer — это застройщик, который стремится предложить уникальные жилые концепции. Компания фокусируется на создании бутиковых проектов с индивидуальным характером.","",2025-11-13T00:22:51.242Z
d463db15-601d-4d6d-a51c-fb29ba830f8c,SOL Properties,https://files.alnair.ae/uploads/2025/1/31/7d/317df2405a2912e0f032f538476673f8.png,"","SOL Properties, развивающаяся под патронажем Bhatia Group с 1975 года, является визионером в секторе девелопмента Дубая с портфелем из более чем 250 проектов. SOL способствует росту через инновационные среды (проекты Oakley Square, Fairmont Residences). Больше чем просто недвижимость, SOL сочетает творческую изобретательность и архитектурное совершенство. От роскошных апартаментов до отелей и правительственных объектов, каждый проект демонстрирует приверженность инновациям.","{https://files.alnair.ae/uploads/2025/1/31/7d/317df2405a2912e0f032f538476673f8.png;https://files.alnair.ae/uploads/gallery_photo/2025/1/ac/9d/ac9d4a0803779a36114cad73d1a42a14.jpg;https://files.alnair.ae/uploads/gallery_photo/2025/10/8b/38/8b385c1a2c51398410c4a0ca7f9b0a57.jpg;https://files.alnair.ae/uploads/gallery_photo/2025/6/4d/07/4d0737bb1c84eee45b584c88ed52b398.png;https://files.alnair.ae/uploads/gallery_photo/2024/8/8c/aa/8caae456d882da5b97437a89a054c54a.jpg;https://files.alnair.ae/uploads/gallery_photo/2025/2/ff/34/ff341fab811e909b78a3d5818a82ce2f.jpg;https://files.alnair.ae/uploads/gallery_photo/2024/12/37/2f/372f0577244bd4900d4e8b3145c09323.jpg;https://files.alnair.ae/uploads/gallery_photo/2023/10/dd/6a/dd6a16b3b0864a0110bab3f06169a51c.png;https://files.alnair.ae/uploads/gallery_photo/2024/8/f6/4d/f64d940c8a9d151189b6791131b2b2d2.jpg;https://files.alnair.ae/uploads/gallery_photo/2025/1/7f/f3/7ff36fd6b6afcda78c4db70b9baa1c2f.png}",2025-11-13T00:22:51.245Z
6c20520b-bbcb-4556-a40d-9ab23be83363,SOL Properties (managed by You&Co),,"","См. описание выше. Указание на управляющую структуру или партнерство для конкретных проектов.","",2025-11-13T00:22:51.247Z
2395775b-ef56-4b2c-a8e5-8d70db2d8dad,SRG,,"","SRG Holding (семья Аль-Раяхи) — один из ведущих семейных застройщиков Дубая с 1970-х годов. Компания владеет и управляет обширным портфелем недвижимости, включая знаковые башни, такие как Burj Al Salam и Marquise Square. SRG известна своим фокусом на качестве строительства и долгосрочном владении активами.","",2025-11-13T00:22:51.250Z
a38b95b6-f884-491c-a635-d8d2f4351cef,Sama Ezdan,https://files.alnair.ae/uploads/2023/7/f9/b6/f9b6d976e41f2a5cce1752d3bfbaa50b.png,"","Sama Ezdan предоставляет подход к развитию и инвестициям на 360 градусов, чтобы обеспечить лучшие вложения в недвижимость. Компания фокусируется на создании проектов, которые приносят стабильный доход и рост капитала.","{https://files.alnair.ae/uploads/2023/7/f9/b6/f9b6d976e41f2a5cce1752d3bfbaa50b.png;https://files.alnair.ae/uploads/gallery_photo/2023/1/48/02/4802eb1529d78f81e996743b977f8900.jpg;https://files.alnair.ae/uploads/gallery_photo/2025/5/b8/01/b801e2885d29ac29aaa929e38a236002.jpg}",2025-11-13T00:22:51.252Z
20e4a218-b875-4f12-bdec-627a1ee452ba,Samana,https://files.alnair.ae/uploads/2023/5/97/a0/97a085709fe155f90113ab535a1cfbe4.png,"","Samana Developers — один из самых быстрорастущих частных застройщиков в стране (часть Samana Group). Их фокус — выполнение обещания каждому клиенту предоставить качественный продукт по подходящей цене (проекты с частными бассейнами на балконах). Samana известна своими инновационными концепциями (например, курортный стиль) и привлекательными планами оплаты.","{https://files.alnair.ae/uploads/2023/5/97/a0/97a085709fe155f90113ab535a1cfbe4.png;https://files.alnair.ae/uploads/gallery_photo/2025/4/4e/c9/4ec92ae260da987ef05ffe9936dfa6f6.jpg;https://files.alnair.ae/uploads/gallery_photo/2024/9/a6/4d/a64d35578b98a51863a4e318d89c8eb8.jpg;https://files.alnair.ae/uploads/gallery_photo/2023/7/d9/54/d9542bfae7bd49635887ba3bdd33a077.jpg;https://files.alnair.ae/uploads/gallery_photo/2024/12/3d/32/3d320e62ff4810a300647ddfa145c6b9.jpg;https://files.alnair.ae/uploads/gallery_photo/2023/8/4c/34/4c34f093baa6800850f4b9625ebf9c27.jpg;https://files.alnair.ae/uploads/gallery_photo/2023/5/29/d9/29d92baade28423462782a04748f31b0.jpg;https://files.alnair.ae/uploads/gallery_photo/2023/6/e0/06/e006a2a555342ef06809beaabe67c1a8.jpg;https://files.alnair.ae/uploads/gallery_photo/2025/8/91/d4/91d4322809a5ce939fbfa05ce7d9f531.jpg;https://files.alnair.ae/uploads/gallery_photo/2023/9/13/3b/133b5971652a2430b6356fdd5054a591.png;https://files.alnair.ae/uploads/gallery_photo/2023/10/78/a0/78a05584b1b03912161de21a70cdb98e.jpg;https://files.alnair.ae/uploads/gallery_photo/2023/10/c3/45/c345f1c178ea8964f4c47d7238019f6c.jpg;https://files.alnair.ae/uploads/gallery_photo/2024/12/da/2e/da2ea6e0bf189d0489b4973de4ea27c5.jpg;https://files.alnair.ae/uploads/gallery_photo/2025/11/57/28/57285552405be43f1526be1d82deda3b.jpg;https://files.alnair.ae/uploads/gallery_photo/2025/9/48/0f/480f66dd2a5969e758439fdc19eec9d8.jpg;https://files.alnair.ae/uploads/gallery_photo/2025/2/24/f6/24f639c0753ee6b2e42e3decabfda52d.jpg;https://files.alnair.ae/uploads/gallery_photo/2024/5/40/7b/407b153c0b58ddd8e4384039a1042010.jpg;https://files.alnair.ae/uploads/gallery_photo/2025/6/73/1f/731f088bbee46dec64699f99244875ad.jpg;https://files.alnair.ae/uploads/gallery_photo/2024/7/5a/ed/5aed482fef1c9942d8e6060a66d8900f.png;https://files.alnair.ae/uploads/gallery_photo/2025/3/53/34/5334362d9386a329fa34c0d89d79f416.jpg;https://files.alnair.ae/uploads/gallery_photo/2024/1/1a/d1/1ad11ff6744ae7d78d9b6f21b3d0aa3a.jpg;https://files.alnair.ae/uploads/gallery_photo/2024/7/84/7e/847eb772221446c4bdbf3ef231e4d9b7.jpg;https://files.alnair.ae/uploads/gallery_photo/2024/8/4f/65/4f65533afe87020f46acc709c5008473.jpg;https://files.alnair.ae/uploads/gallery_photo/2025/3/de/26/de266ddbde6e7529ec6ab76454ff2307.jpg;https://files.alnair.ae/uploads/gallery_photo/2025/7/f6/cb/f6cb4a2fbd696e92157ccc216dfb7bcf.jpg;https://files.alnair.ae/uploads/gallery_photo/2024/9/ba/15/ba1535a217fa0f01b895d58a20a7da07.jpg;https://files.alnair.ae/uploads/gallery_photo/2025/1/59/ca/59ca09b9c62b1249cc0809ba6ca0e006.jpg;https://files.alnair.ae/uploads/gallery_photo/2024/10/4f/95/4f95b120f1d0011e0eb5151af73e03e6.jpg;https://files.alnair.ae/uploads/gallery_photo/2024/10/ad/bc/adbc18f7e1ee04f62d38402f4f408b08.jpg;https://files.alnair.ae/uploads/gallery_photo/2024/12/79/40/7940efd6001872d9d3206cdc4e29e864.jpg;https://files.alnair.ae/uploads/gallery_photo/2023/7/75/7c/757c1ac4770c12d5e7cb702e74e3e17b.png;https://files.alnair.ae/uploads/gallery_photo/2025/8/54/cf/54cf0187d16f3c875400bc1e665d17dc.jpg;https://files.alnair.ae/uploads/gallery_photo/2025/9/a3/20/a320238f15dffe388b9275fcf7bed2bb.jpg;https://files.alnair.ae/uploads/gallery_photo/2025/1/a4/fd/a4fdff7b345027fee84d874ce2133a95.jpg;https://files.alnair.ae/uploads/gallery_photo/2024/11/a9/02/a902c6ca4f94f20e7080e763e656f0b9.jpg;https://files.alnair.ae/uploads/gallery_photo/2024/12/aa/1b/aa1bdabcc7a2d1ea21720ee7a0cf4419.jpg;https://files.alnair.ae/uploads/gallery_photo/2023/10/b9/bc/b9bcdbfd3ca6dc016441f5ac1397cd2a.jpg;https://files.alnair.ae/uploads/gallery_photo/2025/7/e3/0a/e30a3cc6d1bfabb40e461894b80d3091.jpg;https://files.alnair.ae/uploads/gallery_photo/2023/5/8c/3b/8c3b020f92a651e43fc6fc74bd0997e2.png;https://files.alnair.ae/uploads/gallery_photo/2024/12/43/f4/43f4275ce0532f6be81403c4ab2ae286.jpg;https://files.alnair.ae/uploads/gallery_photo/2023/10/86/78/86780ce18a2e37274f7b172c05a52959.jpg;https://files.alnair.ae/uploads/gallery_photo/2024/2/0c/05/0c05adf2376145a444c72608f077243e.png;https://files.alnair.ae/uploads/gallery_photo/2024/3/d7/95/d795631cb0253734550c442cec2a2f2f.jpg;https://files.alnair.ae/uploads/gallery_photo/2024/3/e2/75/e2751417e5151bded77b79f585b7a2bc.png;https://files.alnair.ae/uploads/gallery_photo/2024/9/3f/ae/3fae286c1865fe4efe1c77bcabbc4575.jpg;https://files.alnair.ae/uploads/gallery_photo/2024/4/d5/13/d513aa044dd06f08a852931784482a66.jpg;https://files.alnair.ae/uploads/gallery_photo/2023/7/3d/23/3d230b4cdd14ed38986495ace5a728f9.png;https://files.alnair.ae/uploads/gallery_photo/2023/10/f8/1f/f81f8cfe22e69d41618b5a80bb8482bc.jpg}",2025-11-13T00:22:51.254Z
dfbb1124-45b2-4edb-a3e7-a04ed8fe995e,Sankari Property,https://files.alnair.ae/uploads/2024/3/69/e4/69e4df5aab0c55617aac5d1980d7cfd4.png,"","Sankari Properties представляет коллекцию роскошной недвижимости, пропитанной богатым семейным наследием (семья Санкари, основатели Paris Group). Предприятие выходит за рамки традиционной недвижимости, переплетая историю традиций и совершенства. Sankari Properties привносит уникальное сочетание преданного сервиса и глубокой приверженности своим начинаниям, создавая ультра-элитные резиденции в Marasi Business Bay.","{https://files.alnair.ae/uploads/2024/3/69/e4/69e4df5aab0c55617aac5d1980d7cfd4.png;https://files.alnair.ae/uploads/gallery_photo/2024/2/59/44/594481fc85f9ac1c88f885a487f076f0.jpg}",2025-11-13T00:22:51.257Z
b9f8fc0e-e92e-4840-93c2-4b66dc3ef12f,Segrex Development,https://files.alnair.ae/uploads/2025/5/8c/87/8c87ef914d6c7a7d1b03fadce465cf6a.jpg,"","Segrex Development развивает эксклюзивные проекты в Дубае с 2015 года. Управляется командой топ-менеджеров с опытом реализации более 1 млн кв. м элитной недвижимости. Среди завершенных проектов — более 20 премиальных вилл и зданий в JVC. Сейчас Segrex строит Stonehenge Tower и Vitality Residence, запланированные к сдаче в 2025–2026 годах.","{https://files.alnair.ae/uploads/2025/5/8c/87/8c87ef914d6c7a7d1b03fadce465cf6a.jpg;https://files.alnair.ae/uploads/gallery_photo/2025/3/85/97/8597d3cedde9db988a082b6525987b7d.jpg;https://files.alnair.ae/uploads/gallery_photo/2023/10/43/7d/437dd032a4fa694e43a9181fd01c763c.jpg;https://files.alnair.ae/uploads/gallery_photo/2023/6/b5/5b/b55b538674e071ebbad99df40b559659.jpg;https://files.alnair.ae/uploads/gallery_photo/2023/5/5c/48/5c48b73ec740a0b53e4807a0210eb31c.jpg;https://files.alnair.ae/uploads/gallery_photo/2023/12/5b/93/5b9398aaf0d92f931dd0244048209d6c.jpg;https://files.alnair.ae/uploads/gallery_photo/2024/4/97/c4/97c4031af021178c977b49fbb053ff02.jpg}",2025-11-13T00:22:51.259Z
c4862bce-542a-4a06-9de0-496cdf55f720,Select Group,https://files.alnair.ae/uploads/2025/5/9a/10/9a10501941a3dc45fbe40e77c077f2fa.png,"","Основанная в 2002 году, Select Group — динамичная корпорация с премиальным девелопментом в основе. Портфолио включает более 20 млн кв. футов (включая The Residences at Marina Gate, Peninsula). С общим валовым объемом развития более 20 млрд дирхамов, Select Group также диверсифицируется в фитнес, велнес и технологии. Компания известна как один из главных застройщиков Dubai Marina.","{https://files.alnair.ae/uploads/2025/5/9a/10/9a10501941a3dc45fbe40e77c077f2fa.png;https://files.alnair.ae/uploads/gallery_photo/2023/2/76/56/7656abb0624d2d69421684469f6e6ab1.jpg}",2025-11-13T00:22:51.262Z
2cd975f6-358c-43c1-9697-f1ba11f35f4e,Seven Tides,https://files.alnair.ae/uploads/2024/10/f2/69/f269a36434fcb4c14bbc754afa223bd8.jpg,"","Основанная в 2004 году, Seven Tides — ведущий застройщик элитной недвижимости с портфелем исключительных жилых и курортных объектов (Anantara The Palm, Dukes The Palm, Seven Palm). Как частный холдинг, компания привержена созданию знаковых проектов, переопределяющих роскошь. Seven Tides демонстрирует тщательное внимание к деталям, создавая шедевры, превосходящие ожидания.","{https://files.alnair.ae/uploads/2024/10/f2/69/f269a36434fcb4c14bbc754afa223bd8.jpg;https://files.alnair.ae/uploads/gallery_photo/2024/7/7c/0a/7c0aa40d173fd2f20cfeb90800a6ff92.jpg;https://files.alnair.ae/uploads/gallery_photo/2024/12/e0/dc/e0dc43683656c8546a4f38ba1eb23428.jpg;https://files.alnair.ae/uploads/gallery_photo/2024/7/8c/46/8c46e97ac65eac7ca5072279010fcaad.jpg;https://files.alnair.ae/uploads/gallery_photo/2024/10/a4/86/a486829d8079ae8bb2319559577ca1b5.jpg;https://files.alnair.ae/uploads/gallery_photo/2023/7/8f/cf/8fcfdfaa81170969ce95b18138e3965e.jpg}",2025-11-13T00:22:51.265Z
92e9bb24-dd08-40ab-a3c0-84ef2d542491,Shakirov Developments,https://files.alnair.ae/uploads/2025/7/33/db/33db46f690446d2a53e9b82f2fd39b0e.png,"","За годы работы мы имели честь реализовать широкий спектр знаковых проектов. Под руководством г-на Джамшида Шакирова, известной фигуры в недвижимости с проектами в Узбекистане, компания привносит более 25 лет опыта и глубокие связи в Дубай. Это сочетание глобального опыта и локального понимания помогает Shakirov Developments предлагать лучшее на рынке элитного жилья ОАЭ.","{https://files.alnair.ae/uploads/2025/7/33/db/33db46f690446d2a53e9b82f2fd39b0e.png;https://files.alnair.ae/uploads/gallery_photo/2025/8/51/2d/512dae82f79e1472d06dcd8867c4cced.png}",2025-11-13T00:22:51.267Z
63a477e3-397f-4cb2-9f6b-3b6981dc328f,Siroya,https://files.alnair.ae/uploads/2023/3/f8/2f/f82fe461334c39c00a40107cd12c59f1.jpg,"","Штаб-квартира ROYA Lifestyle Developments (партнер или проект Siroya) находится в Дубае и служит маяком в секторе ультра-роскошной недвижимости. Обладая более чем 30-летним совокупным опытом в государственном и частном секторах, мы умеем создавать резиденции для утонченной жизни (например, SLS Residences The Palm). Наш акцент на инновационном дизайне в сочетании с высоким качеством строительства позволяет предоставлять уникальный опыт проживания, поддерживаемый сервисом мирового класса на каждом этапе.","{https://files.alnair.ae/uploads/2023/3/f8/2f/f82fe461334c39c00a40107cd12c59f1.jpg;https://files.alnair.ae/uploads/gallery_photo/2023/3/8b/7f/8b7f3ceb778df51d67aa90fa6a6256c9.jpg}",2025-11-13T00:22:51.270Z
3fb2342b-7002-47bb-983b-bc13c3108792,Skyline Builders,https://files.alnair.ae/uploads/2024/4/ce/89/ce89c34c75b047414ea45c1af315d9eb.jpg,"","На протяжении 35 лет Skyline Builders является непревзойденным застройщиком в Керале (Индия) по доле рынка и доверию. Начав путь в 1989 году, компания построила более 17 млн кв. футов и передала дома более 8200 счастливым семьям в 164 проектах. Теперь бренд расширяется на международный уровень, привнося свою одержимость качеством и своевременной сдачей в Дубай. Наше главное обязательство — воплощать мечты клиентов в реальность, сохраняя репутацию символа надежности.","{https://files.alnair.ae/uploads/2024/4/ce/89/ce89c34c75b047414ea45c1af315d9eb.jpg;https://files.alnair.ae/uploads/gallery_photo/2025/8/b7/61/b761855e8368df68eba3d2dbf312fcd4.jpg;https://files.alnair.ae/uploads/gallery_photo/2024/4/e1/ae/e1aeeec4aec4515f9c3b55aa18cd8981.jpg}",2025-11-13T00:22:51.273Z
d9c8ec51-dfcd-4455-bae1-6c9846b475f2,Sobha,https://files.alnair.ae/uploads/2025/10/99/ad/99adee3628045b1b38e8144c607d84a4.png,"","Sobha Realty — международный девелопер элитной недвижимости, стремящийся переосмыслить искусство жизни путем создания устойчивых сообществ. Основанная в 1976 году П.Н.К. Меноном как компания по дизайну интерьеров в Омане, Sobha выросла в глобальный бренд. Компания известна своей моделью «обратной интеграции» (все делается собственными силами: от дизайна до производства мебели), что гарантирует безупречное качество. Флагманский проект Sobha Hartland является эталоном роскоши в центре Дубая.","{https://files.alnair.ae/uploads/2025/10/99/ad/99adee3628045b1b38e8144c607d84a4.png;https://files.alnair.ae/uploads/gallery_photo/2024/9/99/0d/990dc26f3cfe9b418767e02f528e548e.jpg;https://files.alnair.ae/uploads/gallery_photo/2023/3/4c/68/4c680c9ec84bb4ed9bc2540759207080.jpg;https://files.alnair.ae/uploads/gallery_photo/2023/1/8a/9c/8a9cbb619aa3f406d423a70cdabe4ebd.jpg;https://files.alnair.ae/uploads/gallery_photo/2024/12/05/04/050473bc40a56c778eed32af4127f26a.jpg;https://files.alnair.ae/uploads/gallery_photo/2025/8/03/1a/031a79a858f4d429ecdc6f4a02923847.jpg;https://files.alnair.ae/uploads/gallery_photo/2024/7/32/e1/32e1378cef31cc2463d59956ff8a4339.jpg;https://files.alnair.ae/uploads/gallery_photo/2024/12/e4/1f/e41f39bf4ca2c36ff67ac6c244bcabca.jpg;https://files.alnair.ae/uploads/gallery_photo/2024/7/b6/cf/b6cf6800305326a94b7a8796fca35965.jpg;https://files.alnair.ae/uploads/gallery_photo/2024/12/65/2d/652db5c66f9cdee64957c2fde062ba83.jpg;https://files.alnair.ae/uploads/gallery_photo/2025/5/e2/57/e2576a075b4d57f54a0876e15be8a551.jpg;https://files.alnair.ae/uploads/gallery_photo/2023/5/44/62/446246362014341af75fbc7ca8cc9c8b.jpg;https://files.alnair.ae/uploads/gallery_photo/2023/7/2c/c1/2cc1f46da8f0b27d063014f186514347.jpg;https://files.alnair.ae/uploads/gallery_photo/2023/9/72/59/7259f127bc679e279c62c86da5e6729c.jpg;https://files.alnair.ae/uploads/gallery_photo/2024/12/4b/21/4b21bac6de2c8b1a40136125ae643acd.png;https://files.alnair.ae/uploads/gallery_photo/2023/1/64/9e/649e78b1193ca89417fbf9bf5c47025a.jpg;https://files.alnair.ae/uploads/gallery_photo/2024/12/d4/08/d4088428f08c92a88604754b406198aa.jpg;https://files.alnair.ae/uploads/gallery_photo/2023/10/20/d1/20d1621078bd88149112cabea9d31ffd.jpg;https://files.alnair.ae/uploads/gallery_photo/2025/8/c3/d6/c3d6027281a70c7f47fe08e9fdae15b9.jpg;https://files.alnair.ae/uploads/gallery_photo/2023/10/d9/47/d947401f6f3fd8f65cc25fc0caec5851.jpg;https://files.alnair.ae/uploads/gallery_photo/2024/5/be/b0/beb05a1aae9d368a92c47ea49120d777.jpg;https://files.alnair.ae/uploads/gallery_photo/2024/12/86/b5/86b55c8c1fab1504da4d6c572344cd1d.jpg;https://files.alnair.ae/uploads/gallery_photo/2023/11/04/ac/04acf829c6626836cf7478f7a40b3566.jpg;https://files.alnair.ae/uploads/gallery_photo/2024/7/b9/f5/b9f5723db40439c9683a1ff531763ae2.jpg;https://files.alnair.ae/uploads/gallery_photo/2024/6/45/27/45274b8fc7d93be69d2fcbfe8326b2d0.jpg;https://files.alnair.ae/uploads/gallery_photo/2024/10/81/ca/81cad5f8fba856f845283d5ba12098eb.jpg;https://files.alnair.ae/uploads/gallery_photo/2022/12/ff/f8/fff8e20f63b79f79fa81ce8329226135.jpg;https://files.alnair.ae/uploads/gallery_photo/2025/9/96/48/96486840c9262ca56fc87f630522fef5.jpg;https://files.alnair.ae/uploads/gallery_photo/2025/7/d1/32/d132efc7a5aeca6baadd6dbcf34ff492.jpg;https://files.alnair.ae/uploads/gallery_photo/2024/7/e2/23/e223b1542a9d4e65e667b2579ed5b2c6.jpg;https://files.alnair.ae/uploads/gallery_photo/2024/8/e3/72/e37219c07942148ae61e0c6d49eefa32.jpg;https://files.alnair.ae/uploads/gallery_photo/2024/10/a0/d7/a0d74e540bb42ca9c5a51a3f6a848d0f.jpg;https://files.alnair.ae/uploads/gallery_photo/2025/10/4b/19/4b19cf68056004ac9a92b99e85e442c4.png;https://files.alnair.ae/uploads/gallery_photo/2024/11/3f/0c/3f0c3d209c692f64af9ef6c65ffb2ad0.jpg;https://files.alnair.ae/uploads/gallery_photo/2023/2/c5/89/c589dbd8d64e28d786d3461d289ab0fb.jpg;https://files.alnair.ae/uploads/gallery_photo/2025/10/e5/6d/e56db96c2d227895012fa7aa9fac0ff6.jpg;https://files.alnair.ae/uploads/gallery_photo/2023/4/1f/a0/1fa054a92baae4fbf72503e26760e201.jpg;https://files.alnair.ae/uploads/gallery_photo/2024/8/b3/38/b3386a4e509332357a13c88d28eb6a14.jpg;https://files.alnair.ae/uploads/gallery_photo/2024/11/70/6a/706a1239fe285a1c9b6192d5652b6c81.jpg;https://files.alnair.ae/uploads/gallery_photo/2024/3/5d/59/5d594ac66532b6b6a9849c43899f17ca.jpg;https://files.alnair.ae/uploads/gallery_photo/2025/2/e8/89/e889a77e43bd157edaef543d3796e53c.jpg;https://files.alnair.ae/uploads/gallery_photo/2024/12/f7/4f/f74f6ba7d9324dc206c188c9de33d006.jpg;https://files.alnair.ae/uploads/gallery_photo/2024/8/a6/fd/a6fdd42b44b3d389a27d5d7d956fbcff.jpg;https://files.alnair.ae/uploads/gallery_photo/2025/2/3c/5e/3c5e06fe41b23a8c7d718546cd2b3bc5.jpg;https://files.alnair.ae/uploads/gallery_photo/2025/1/eb/78/eb78559224e109706988fd79d37e9ef3.jpg;https://files.alnair.ae/uploads/gallery_photo/2025/6/72/ce/72ce6e40ede9f6e96dd7488b1953c145.jpg;https://files.alnair.ae/uploads/gallery_photo/2025/3/68/84/68841997d889956b766680d974126b72.jpg;https://files.alnair.ae/uploads/gallery_photo/2025/6/5f/f5/5ff5365f17030bdf886d4104919afa16.jpg;https://files.alnair.ae/uploads/gallery_photo/2024/7/b7/55/b75594557a6e4d92c9d071a8efdb4883.jpg;https://files.alnair.ae/uploads/gallery_photo/2025/3/a5/ea/a5eacf21308172543ea3365f1fe0b582.jpg;https://files.alnair.ae/uploads/gallery_photo/2025/3/5f/6d/5f6d66dba5abe62fe0c52faf7aa1b21f.jpg;https://files.alnair.ae/uploads/gallery_photo/2025/5/13/e9/13e99cb72cbdddc19ba6988bd7fecbbc.jpg;https://files.alnair.ae/uploads/gallery_photo/2025/5/92/76/92768909a96047820cab2e773c03d820.jpg;https://files.alnair.ae/uploads/gallery_photo/2025/5/cb/61/cb61b62ed60b836cbae94d4ab02a9a5b.jpg;https://files.alnair.ae/uploads/gallery_photo/2024/10/c4/b5/c4b5ff888d86fdb43cea967697e0412b.jpg;https://files.alnair.ae/uploads/gallery_photo/2023/7/63/cb/63cbce69ea456aadd2e327e6551a73ab.jpg;https://files.alnair.ae/uploads/gallery_photo/2025/6/b5/2c/b52c6f6dd17b19aaf0cba68f77e7d814.jpg;https://files.alnair.ae/uploads/gallery_photo/2025/11/36/1b/361b1d3003f727b9b12a5308b247c2b1.jpg;https://files.alnair.ae/uploads/gallery_photo/2024/12/64/92/649249f2cbd7f5ec780f81878f6a7afc.jpg;https://files.alnair.ae/uploads/gallery_photo/2024/12/25/34/253465a0a332ac26e21505effa857bae.png;https://files.alnair.ae/uploads/gallery_photo/2023/4/bc/c3/bcc34cbf62166456f1939c53b419534f.jpg;https://files.alnair.ae/uploads/gallery_photo/2025/7/f5/c7/f5c75867d279bf5e9a2367e74200a001.jpg;https://files.alnair.ae/uploads/gallery_photo/2024/7/0a/fd/0afd8afb2fd85643ab53f922860d740f.png;https://files.alnair.ae/uploads/gallery_photo/2024/7/76/29/7629bc1cb5d066e96544424616760dbe.png;https://files.alnair.ae/uploads/gallery_photo/2023/6/73/12/7312fb48a3124618465c2bd3b37f2159.jpg;https://files.alnair.ae/uploads/gallery_photo/2024/10/78/73/78738d6fe0373612eab770e0ea5b856f.jpg;https://files.alnair.ae/uploads/gallery_photo/2023/6/0c/ed/0cedb9ae3223e04948514b39e24d2a76.jpg;https://files.alnair.ae/uploads/gallery_photo/2024/12/d6/60/d6607e0a7ff97a48765ca5bb99985566.png}",2025-11-13T00:22:51.277Z
4265e73e-44ce-401b-80c0-697ae9ca98a6,Stamn Development,https://files.alnair.ae/uploads/2024/11/7e/34/7e34206b1ecec0db4b64781b4cd0899a.jpg,"","STAMN Real Estate Development — независимая зарубежная дочерняя компания New Bay Holdings, группы со штаб-квартирой в Наньчане, Китай. Материнская компания была основана в 1993 году и обладает 30-летним опытом комплексного развития. STAMN привносит в Дубай масштаб и инженерную экспертизу крупного международного холдинга, стремясь создавать надежные и инновационные жилые проекты.","{https://files.alnair.ae/uploads/2024/11/7e/34/7e34206b1ecec0db4b64781b4cd0899a.jpg;https://files.alnair.ae/uploads/gallery_photo/2025/10/74/84/74845a7c9b4f7c6c19545c7a3c89b2cb.jpg;https://files.alnair.ae/uploads/gallery_photo/2024/11/8d/b0/8db09e9329579b9667e7a4bdfa01c77f.jpg;https://files.alnair.ae/uploads/gallery_photo/2024/12/37/8e/378e03490140017c2994a1fa57d1da48.jpg;https://files.alnair.ae/uploads/gallery_photo/2025/4/93/d6/93d67ccb595f8c3112bcc3c3153051f8.jpg}",2025-11-13T00:22:51.280Z
515067c1-d286-4b73-955a-8339fa262d53,Svarn Development,https://files.alnair.ae/uploads/2024/8/4b/58/4b5878ddc088d39c12426a8008e1939f.jpg,"","Svarn — девелопер недвижимости, базирующийся в ОАЭ. Обладая богатым опытом, мы зарекомендовали себя как лидеры в этой области, используя наш опыт в девелопменте и управлении бизнесом. Компания стремится создавать проекты, которые сочетают в себе эстетическую привлекательность и высокую функциональность, удовлетворяя потребности современного рынка.","{https://files.alnair.ae/uploads/2024/8/4b/58/4b5878ddc088d39c12426a8008e1939f.jpg;https://files.alnair.ae/uploads/gallery_photo/2024/8/30/ad/30ad28389fa6250e1911518e78eb06e3.jpg}",2025-11-13T00:22:51.282Z
713bbb9e-10c7-4363-9c96-56390ece2f91,Swank Development,,"","Swank Development — это новый игрок на рынке роскошной недвижимости, входящий в состав Prathyusha Group. Компания дебютировала с проектом в районе Mohammed Bin Rashid City, предлагая виллы в португальском стиле. Swank фокусируется на создании домов, которые излучают стиль и элегантность, ориентируясь на взыскательных покупателей, ищущих индивидуальность.","",2025-11-13T00:22:51.284Z
32c38702-f49a-48cb-96ec-078965af275d,Swiss Property,https://files.alnair.ae/uploads/2023/5/00/b7/00b7576c3a6aeae0d4ac485056728d3c.png,"","Swiss Property стремится к совершенству, работая в центре культуры высоких стандартов управления. Мы объединяем земные удобства, чтобы гарантировать благоприятный образ жизни. Наша главная цель — установить стандарты великолепия, предоставляя изысканную недвижимость (например, Park One), которая привлекает людей, ценящих мастерство и экологичность. Как организация, мы стремимся создавать уважение и блеск, предлагая клиентам первоклассную недвижимость и обеспечивая возврат инвестиций.","{https://files.alnair.ae/uploads/2023/5/00/b7/00b7576c3a6aeae0d4ac485056728d3c.png;https://files.alnair.ae/uploads/gallery_photo/2023/2/3f/93/3f936c77ce30bb7601ba1a59a040a3d2.jpg;https://files.alnair.ae/uploads/gallery_photo/2023/5/dd/8a/dd8aeb4d094922bfcbbb05a4faaed52c.png}",2025-11-13T00:22:51.286Z
0db7df4c-9be8-4103-8477-a0650777d2e9,Symbolic Developments,https://files.alnair.ae/uploads/2025/6/d6/2e/d62eb9a72e6bf571f5db741c5b888eae.png,"","Symbolic Developments — бутик-застройщик, входящий в состав Speedex Group, транснационального конгломерата из Дубая с 30-летней историей. Мы специализируемся на премиум-сегменте, предлагая дома оптимального качества в семейных сообществах (например, в Al Furjan). Название «Symbolic» отражает силу символов, передающих сложные идеи и эмоции. Мы верим, что наши проекты должны быть символами нашей приверженности устойчивой жизни и общему благополучию.","{https://files.alnair.ae/uploads/2025/6/d6/2e/d62eb9a72e6bf571f5db741c5b888eae.png;https://files.alnair.ae/uploads/gallery_photo/2023/8/81/52/815268b4bb92675ace1619ef0a0f5a2f.jpg;https://files.alnair.ae/uploads/gallery_photo/2025/6/5a/29/5a2940c94087444d65d4d9265f79c24b.jpg;https://files.alnair.ae/uploads/gallery_photo/2024/5/97/c5/97c5d42a0760b9fb84ca4f745a330d45.jpg;https://files.alnair.ae/uploads/gallery_photo/2025/10/7d/7c/7d7c321af82ae5fbcbebbd18c8628a62.jpg}",2025-11-13T00:22:51.289Z
651212ce-437d-42a7-8ba8-3684f944bd83,Tabeer,https://files.alnair.ae/uploads/2025/9/db/01/db01fdc6b5d0c5084586259f8686c011.png,"","См. описание выше. Компания известна своей способностью предлагать качественное жилье по конкурентоспособным ценам.","{https://files.alnair.ae/uploads/2025/9/db/01/db01fdc6b5d0c5084586259f8686c011.png;https://files.alnair.ae/uploads/gallery_photo/2023/2/05/13/051351b4cf3e158db2bda56a8f71c76e.jpg;https://files.alnair.ae/uploads/gallery_photo/2023/10/9d/4f/9d4f040488872976558892470ca71aa5.jpg;https://files.alnair.ae/uploads/gallery_photo/2024/5/89/ef/89ef2ca3a3f2415ce9883f7cf704761a.jpg;https://files.alnair.ae/uploads/gallery_photo/2024/2/32/3b/323b51cd4d818b5a35a49aa68ec3da37.jpg;https://files.alnair.ae/uploads/gallery_photo/2025/10/9a/59/9a59f20fbba3a8bd170455e3f63a7f5b.png;https://files.alnair.ae/uploads/gallery_photo/2023/11/3b/2a/3b2a1ed16e89c66af27135acf63d33e7.jpg;https://files.alnair.ae/uploads/gallery_photo/2023/10/f9/d7/f9d765beb77374b310f4f15db48fcd54.jpg}",2025-11-13T00:22:51.292Z
6e694723-584f-4194-8c47-2696ed4b61cf,Taraf,https://files.alnair.ae/uploads/2023/7/8a/ae/8aaeeb8720c1b0095ad733150e7885ed.png,"","См. описание выше. Холдинговая структура, обеспечивающая финансовую мощь и стратегическое видение девелоперского подразделения.","{https://files.alnair.ae/uploads/2023/7/8a/ae/8aaeeb8720c1b0095ad733150e7885ed.png;https://files.alnair.ae/uploads/gallery_photo/2024/7/e2/bf/e2bf05ab8566d3887b10a765f65de191.png;https://files.alnair.ae/uploads/gallery_photo/2025/11/b5/90/b5909ee963c42fb3df889c6e5015f0d1.jpg;https://files.alnair.ae/uploads/gallery_photo/2024/7/83/19/83196f8204d5e0f3c5bb96c34c9143d4.jpg;https://files.alnair.ae/uploads/gallery_photo/2025/7/ac/f9/acf9e0d099178bf8a119c62e7ca685a7.jpg;https://files.alnair.ae/uploads/gallery_photo/2024/7/ac/67/ac6746d188c5b58993f4039508be7dfe.jpg;https://files.alnair.ae/uploads/gallery_photo/2024/12/d6/c3/d6c3c9a3637e92bf0baae2b3ae984a65.jpg;https://files.alnair.ae/uploads/gallery_photo/2023/5/9f/ff/9fff540b2b28d131eadfaba7c0911c80.jpg;https://files.alnair.ae/uploads/gallery_photo/2025/2/6b/37/6b37222c7ad3393fa940943f0a58c2d4.png;https://files.alnair.ae/uploads/gallery_photo/2023/12/d1/4c/d14cea95abf90c7554c651fe5eca551d.jpg;https://files.alnair.ae/uploads/gallery_photo/2024/10/8f/06/8f064c17f55ed95aa7ab044e1e1b17b0.png}",2025-11-13T00:22:51.295Z
5849080a-f19d-4be8-b0a0-af6a2181a406,Tarrad Development,https://files.alnair.ae/uploads/2024/11/78/fe/78fe767f091baa07420804588b5b991f.jpg,"","Tarrad Development — инновационная девелоперская компания, основанная в Дубае в 2004 году. Специализируется на создании высококачественной жилой и коммерческой недвижимости, сочетая современный дизайн и устойчивые технологии. Успешно реализовав проекты в Ираке, Турции и Европе, Tarrad активно расширяет присутствие в Дубае, уделяя особое внимание развитию проектов на Dubai Islands.","{https://files.alnair.ae/uploads/2024/11/78/fe/78fe767f091baa07420804588b5b991f.jpg;https://files.alnair.ae/uploads/gallery_photo/2025/10/63/de/63dea441a8c046c5fa008929928da3cb.jpg;https://files.alnair.ae/uploads/gallery_photo/2025/5/a3/5d/a35de9c410ff1eb9904c164aef033efa.jpg;https://files.alnair.ae/uploads/gallery_photo/2024/11/9b/eb/9bebb7c6b45ead8f9e78ab35bf1d97c3.jpg}",2025-11-13T00:22:51.300Z
afe3d3ab-c5c0-48e7-8784-44f486900db4,Tasmeer Indigo Properties,https://files.alnair.ae/uploads/2024/3/56/6e/566ec403651b386f55da957f4e9e7142.png,"","В Tasmeer Indigo Properties мы открываем новую эру городской жизни, адаптированную для современного поколения. Наши тщательно спроектированные пространства предлагают миллениалам все необходимое для процветания: коворкинги, тренажерные залы и динамичные общественные центры. Мы стремимся развивать связи и поддерживать устойчивое благополучие, создавая образ жизни, в котором приоритетом являются сообщество и инновации.","{https://files.alnair.ae/uploads/2024/3/56/6e/566ec403651b386f55da957f4e9e7142.png;https://files.alnair.ae/uploads/gallery_photo/2024/3/13/3b/133b94aa2be7e5b95f0875059af3dc7a.jpg;https://files.alnair.ae/uploads/gallery_photo/2025/11/07/e9/07e95174aeab5c91d2e8fdb9a74bcf59.jpg}",2025-11-13T00:22:51.441Z
b378e066-d19e-4700-9fdc-5f73c5fe0779,Tebyan Real Estate Development Enterprises,https://files.alnair.ae/uploads/2024/9/9e/0c/9e0c950210a021e7123229c0a4e9c045.jpg,"","Tebyan — это консолидация опыта нескольких крупных инвесторов и девелоперов под одним зонтиком. Послужной список включает отели, жилые и развлекательные проекты в Саудовской Аравии, Иордании и Дубае. Tebyan известен своим стремлением к уникальности, примером чего служит проект Sparkle Towers в Dubai Marina, интерьеры которого украшены кристаллами Swarovski.","{https://files.alnair.ae/uploads/2024/9/9e/0c/9e0c950210a021e7123229c0a4e9c045.jpg;https://files.alnair.ae/uploads/gallery_photo/2024/9/08/c6/08c6fa1490ace0309691171551d092a5.jpg}",2025-11-13T00:22:51.302Z
59db5cae-6c93-4848-bcc6-d6ede169496d,The 100,https://files.alnair.ae/uploads/2024/2/54/d7/54d7c643a0b604b58322ffc58ea09153.jpg,"","The 100 — это застройщик, который вносит вклад в развитие Дубая посредством инновационных и высококачественных жилых проектов. The 100 стремится создавать жилые комплексы, соответствующие самым высоким стандартам качества и отвечающие потребностям современных жителей, предлагая функциональный и эстетичный дизайн.","{https://files.alnair.ae/uploads/2024/2/54/d7/54d7c643a0b604b58322ffc58ea09153.jpg;https://files.alnair.ae/uploads/gallery_photo/2024/2/83/76/8376d17147cc6f2d9203cd0743483931.jpg}",2025-11-13T00:22:51.311Z
f55e6a57-8d9a-4838-a1b2-81f42b92771b,The Developer Properties,,"","The Developer Properties — это компания, которая стремится установить новые ориентиры в индустрии недвижимости. Они фокусируются на создании проектов, которые предлагают исключительную ценность и качество жизни, часто выбирая стратегические локации для своих разработок.","",2025-11-13T00:22:51.313Z
544a7425-73e8-4a8c-aeab-b922c427997d,The First Group,https://files.alnair.ae/uploads/2024/7/79/8c/798c61f7d7ac43e93535a8d0418955bc.png,"","За последние два десятилетия The First Group (TFG) заработала репутацию одного из ведущих новаторов в индустрии гостеприимства. Компания предоставляет революционные инвестиционные возможности, специализируясь на строительстве и управлении отелями (Ciel, The One, Wyndham Dubai Marina). TFG позволяет частным инвесторам приобретать гостиничные номера и получать доход, сотрудничая с мировыми брендами.","{https://files.alnair.ae/uploads/2024/7/79/8c/798c61f7d7ac43e93535a8d0418955bc.png;https://files.alnair.ae/uploads/gallery_photo/2024/8/e0/8c/e08cc001e46fe26c1409e56639171ec2.png;https://files.alnair.ae/uploads/gallery_photo/2024/7/dd/02/dd02cd98db95fe3191660a0c132aa49d.jpg;https://files.alnair.ae/uploads/gallery_photo/2023/10/7b/5c/7b5c9a9b5fbf61579f05bbf471d7225a.png;https://files.alnair.ae/uploads/gallery_photo/2024/8/7d/8a/7d8a1ff84d7c3280b1b94df4c5f4bd16.png;https://files.alnair.ae/uploads/gallery_photo/2024/7/d0/2f/d02f353bb6e546bfc61145271c7925f1.png;https://files.alnair.ae/uploads/gallery_photo/2024/12/8f/a6/8fa6090dbecdf2f1afb5e77775e86ee9.jpg;https://files.alnair.ae/uploads/gallery_photo/2024/7/7f/a4/7fa4e7b7a98e10bd820fa11bd477f606.jpg;https://files.alnair.ae/uploads/gallery_photo/2025/4/7c/ed/7ceddb25887aa307e699fbc9b88422f8.jpg;https://files.alnair.ae/uploads/gallery_photo/2024/8/4f/31/4f3133edd7c6f8271cc908d408c76d80.jpg;https://files.alnair.ae/uploads/gallery_photo/2025/5/82/3d/823dac946b681ce73d0b041a84559756.jpg;https://files.alnair.ae/uploads/gallery_photo/2024/7/6e/1b/6e1b8808f4b08a1d2bcd41c96b67060c.jpg;https://files.alnair.ae/uploads/gallery_photo/2024/8/f8/14/f81438a52e24b7ec3226b2fec3531c0d.jpg;https://files.alnair.ae/uploads/gallery_photo/2024/7/b2/e8/b2e813077ba60333026e1990f6511f8b.jpg;https://files.alnair.ae/uploads/gallery_photo/2024/8/86/9f/869fc1ac18106ccce5393e7dc32002de.jpg;https://files.alnair.ae/uploads/gallery_photo/2024/12/78/d1/78d15b843f6ec7b2d66948f51f34c62f.jpg;https://files.alnair.ae/uploads/gallery_photo/2024/12/e2/b6/e2b60bb055ec5838a0643399a594bdd4.jpg;https://files.alnair.ae/uploads/gallery_photo/2024/7/2c/a2/2ca2e06302edebfd26d0b4b48cb23b77.jpg;https://files.alnair.ae/uploads/gallery_photo/2024/7/ca/7c/ca7c2a262cfc22f42008667b2bb41311.jpg;https://files.alnair.ae/uploads/gallery_photo/2025/5/8a/a2/8aa2a38fc9cf6a42853a1f6bc7a66336.jpg}",2025-11-13T00:22:51.315Z
12616ae4-4010-4bf8-b409-a003336b7adf,The Heart of Europe,https://files.alnair.ae/uploads/2023/4/40/2c/402cf9d3c2bee9d131e47479ed967e80.png,"","The Heart of Europe — это уникальный архипелаг из 6 тематических островов (часть проекта The World): Санкт-Петербург, Швеция, Швейцария, Плавучая Венеция, Германия и Главная Европа. Проект представляет собой квинтэссенцию роскоши с первыми в мире климатически контролируемыми улицами (искусственный дождь и снег). Здесь расположены плавучие виллы (Seahorse) и эксклюзивные отели, предлагающие возможность окунуться в культуру разных стран, не покидая Дубая.","{https://files.alnair.ae/uploads/2023/4/40/2c/402cf9d3c2bee9d131e47479ed967e80.png;https://files.alnair.ae/uploads/gallery_photo/2024/1/72/4b/724b37ce0e1bf1ebf096a9206d616c9d.jpg;https://files.alnair.ae/uploads/gallery_photo/2024/1/64/03/64032a1e63400c1d34e39f976bc12a63.jpg;https://files.alnair.ae/uploads/gallery_photo/2025/7/2e/8e/2e8e79df6e511a631038480be342511c.jpg;https://files.alnair.ae/uploads/gallery_photo/2024/5/99/1f/991f0a980377000fb1dabaa95012c44e.jpg;https://files.alnair.ae/uploads/gallery_photo/2023/10/4a/fc/4afcc4df6f408c46faf13309eb57f9ee.jpg;https://files.alnair.ae/uploads/gallery_photo/2025/5/cb/fc/cbfcdd70589440c8bfc02afd7757de4c.png;https://files.alnair.ae/uploads/gallery_photo/2024/11/1c/2b/1c2bc6fccb127e87f71c9da13899ed48.png;https://files.alnair.ae/uploads/gallery_photo/2024/12/41/1f/411fa49412b002deab9f339dd2a12e66.png}",2025-11-13T00:22:51.315Z
4710c198-0ff2-494a-9dd6-5cc0bedefb72,Tiger Properties,https://files.alnair.ae/uploads/2023/11/2a/08/2a08cb2cd2ad2245e734b6bf6326c2ea.jpg,"","TIGER GROUP была основана в 1976 году с вдохновляющим видением участвовать в строительстве ОАЭ. За десятилетия мы расширили бизнес, включив управление объектами, гостеприимство и производство. В сфере недвижимости Tiger Properties известна своими высотными башнями (например, Tiger Tower, Cloud Tower) и огромным объемом строительства. Компания предлагает проекты с хорошим соотношением цены и качества, часто с полностью меблированными квартирами.","{https://files.alnair.ae/uploads/2023/11/2a/08/2a08cb2cd2ad2245e734b6bf6326c2ea.jpg;https://files.alnair.ae/uploads/gallery_photo/2023/2/e7/d3/e7d3a7d2c2e6e737185021ccb3e7c2fb.jpg;https://files.alnair.ae/uploads/gallery_photo/2024/12/4f/0c/4f0c49b712b94f9bfdc697c58d92bcb3.jpg;https://files.alnair.ae/uploads/gallery_photo/2023/1/42/04/4204d6844e619507727ef05e342640d1.png;https://files.alnair.ae/uploads/gallery_photo/2023/9/4a/0e/4a0ea67fcdf02406c81f472cd0a0e7d4.jpg;https://files.alnair.ae/uploads/gallery_photo/2023/7/c4/e4/c4e4eae7508cd59880c175c4cc1e7b50.jpg;https://files.alnair.ae/uploads/gallery_photo/2024/4/cb/f9/cbf9c123b7500372a178162ca183ec3c.jpg;https://files.alnair.ae/uploads/gallery_photo/2023/11/bf/cb/bfcbf2f687f6711d42d641bed718e4b9.jpg;https://files.alnair.ae/uploads/gallery_photo/2024/1/1a/5e/1a5e23c38d879b998a7cab6b0caa17b0.jpg;https://files.alnair.ae/uploads/gallery_photo/2024/2/3c/dc/3cdc389157b13aaa05f7fcc6cc2835c6.jpg;https://files.alnair.ae/uploads/gallery_photo/2025/10/3c/c8/3cc8341891a3f61a1a183036062b7148.jpg;https://files.alnair.ae/uploads/gallery_photo/2024/12/99/a5/99a5e93fb5853be654d99582ce6d4aaa.jpg;https://files.alnair.ae/uploads/gallery_photo/2024/12/df/8e/df8e77fc8a524ef085f85b5235f70e8f.jpg;https://files.alnair.ae/uploads/gallery_photo/2025/5/c9/4f/c94fe949cbcde11078ba234ce009b571.jpg;https://files.alnair.ae/uploads/gallery_photo/2024/12/9b/4d/9b4df1e84cdee1c3a355ad49087f7b3e.jpg;https://files.alnair.ae/uploads/gallery_photo/2022/12/49/3b/493bef5154ccecc7f219dab5812dc14c.png;https://files.alnair.ae/uploads/gallery_photo/2023/2/83/a3/83a3082cfc3365c8740e4c8fdc2d5711.jpg;https://files.alnair.ae/uploads/gallery_photo/2022/12/02/f7/02f79fa0344804db870bd8113693a24e.jpg;https://files.alnair.ae/uploads/gallery_photo/2025/4/43/cf/43cfc58e3e4095eec7dd8b1c5c540863.jpg;https://files.alnair.ae/uploads/gallery_photo/2023/2/77/84/7784ffe7cff341244754d2883e1a1b52.jpg;https://files.alnair.ae/uploads/gallery_photo/2023/2/e7/a1/e7a16a14754bd8b920472137ec39ce5c.png;https://files.alnair.ae/uploads/gallery_photo/2023/1/87/7c/877cf34cf2070dc3cef77c66c1534b72.jpg;https://files.alnair.ae/uploads/gallery_photo/2023/2/f5/d2/f5d2142bfd27498571b4695b92eb6a81.jpg;https://files.alnair.ae/uploads/gallery_photo/2024/1/12/53/1253e91972adcbe13d15a95017c46337.jpg;https://files.alnair.ae/uploads/gallery_photo/2024/12/89/65/89651a02935026a0dbbb0de15ffc8892.jpg;https://files.alnair.ae/uploads/gallery_photo/2024/2/45/01/450183dac1950d621ee80d03fb099493.jpg;https://files.alnair.ae/uploads/gallery_photo/2024/5/e9/29/e929cc931d85f278931b8e81b10c4ab5.jpg;https://files.alnair.ae/uploads/gallery_photo/2024/12/4e/30/4e30ccb2e9152967a6b85589bc4ce04e.jpg;https://files.alnair.ae/uploads/gallery_photo/2023/2/e8/66/e8661d8aa6bb7509b223a9f03b58292f.jpg;https://files.alnair.ae/uploads/gallery_photo/2024/12/6c/e9/6ce995dbc9de8c7b2bc8d225edf71ddb.jpg}",2025-11-13T00:22:51.320Z
f23bf4a7-1329-4cea-b61f-c5e148fd81b6,Time Properties,,"","Time Properties — это полностью интегрированная девелоперская компания, работающая в Дубае. Они контролируют весь цикл: от покупки земли и архитектурного дизайна до строительства и продаж. Компания особенно активна в районе Dubai Silicon Oasis (проекты Time Crystal, Arabian Gates), предлагая качественное и доступное жилье.","",2025-11-13T00:22:51.322Z
2dfb638a-1191-409c-bc07-d485fe93fb06,Tomorrow World Properties,https://files.alnair.ae/uploads/2025/5/81/4f/814f45a18017ce78e3b91b8ca0da63c7.jpg,"","Tomorrow World — бутик-девелопер, основанный в 2022 году в Дубае, часть торгового конгломерата Tomorrow World Group (с 2002 года). Компания фокусируется на премиальных жилых проектах, включая разработки на Dubai Islands. Особое внимание уделяется архитектурным инновациям, устойчивости и обеспечению высокой доходности для инвесторов.","{https://files.alnair.ae/uploads/2025/5/81/4f/814f45a18017ce78e3b91b8ca0da63c7.jpg;https://files.alnair.ae/uploads/gallery_photo/2025/5/fb/3f/fb3fdfd3a290a6139e786dfb076aa632.jpg;https://files.alnair.ae/uploads/gallery_photo/2025/6/94/56/9456cbe901300465652cc06440dea75c.jpg}",2025-11-13T00:22:51.325Z
d1a5f302-d9db-48d4-9363-bccfb2cd3e55,Topero Properties,,"","Topero Properties — это компания в сфере недвижимости, которая занимается развитием и управлением активами. Они стремятся предлагать качественные решения для жилья и бизнеса, ориентируясь на долгосрочную ценность.","",2025-11-13T00:22:51.327Z
2295fe3f-ca6d-4fb4-94bf-09b1e29b1cda,TownX,https://files.alnair.ae/uploads/2023/3/b0/80/b0805aa6d83185e3289e7d6b7b6a445f.jpg,"","TownX Development — девелоперская компания в Дубае, предлагающая виллы и роскошные апартаменты с доступными планами оплаты и без комиссии. Их объекты (в JVC, Al Furjan) отличаются хорошим транспортным сообщением и высоким качеством отделки. TownX занимает значимое положение, предлагая эксклюзивный современный дизайн и фокусируясь на удовлетворенности клиентов.","{https://files.alnair.ae/uploads/2023/3/b0/80/b0805aa6d83185e3289e7d6b7b6a445f.jpg;https://files.alnair.ae/uploads/gallery_photo/2024/12/0d/30/0d30a54a4344ed99aab2552247cbbacc.jpg;https://files.alnair.ae/uploads/gallery_photo/2024/11/1e/5c/1e5c02098ed1a1076276cb4601ef5444.jpg;https://files.alnair.ae/uploads/gallery_photo/2025/7/01/80/0180e641f09bac3bd08aee9b0d18af35.jpg;https://files.alnair.ae/uploads/gallery_photo/2023/2/88/d6/88d6bcecb16ba5bab168a173ccea20b3.jpg;https://files.alnair.ae/uploads/gallery_photo/2023/3/14/f6/14f6e9dde1b73f228fed5f0385bfbed0.jpg;https://files.alnair.ae/uploads/gallery_photo/2023/6/33/db/33dbfa6ddddaaec927559ba45624fed5.png}",2025-11-13T00:22:51.327Z
e540cc73-7f26-4df4-93a5-d5015f6ae34a,Tranquil Infra Developers,https://files.alnair.ae/uploads/2025/2/00/b7/00b788a0a3b123124e94af3f627edf79.png,"","Основанная визионерской командой ветеранов индустрии, Tranquil Infra Developers находится в авангарде изменения горизонта Дубая (проект Tranquil Wellness Residences). Мы используем качество, инновации и устойчивость для создания ценности. В Tranquil мы не просто строим дома, мы создаем образ жизни, привнося свежий взгляд на рынок недвижимости Дубая с помощью передового дизайна и мастерства.","{https://files.alnair.ae/uploads/2025/2/00/b7/00b788a0a3b123124e94af3f627edf79.png;https://files.alnair.ae/uploads/gallery_photo/2025/2/d9/26/d92678105b28a76a486fc8af573988be.jpg}",2025-11-13T00:22:51.334Z
eafe960d-d58f-48dd-996b-f9445c43eaa7,Triplanet Range Developements,,"","Triplanet International — девелопер, стоящий за серией проектов Elite Sports Residence в Dubai Sports City. Компания известна тем, что успешно сдала тысячи квартир, предлагая инвесторам доступное жилье с полной меблировкой и высокой арендной доходностью. Они зарекомендовали себя как надежный игрок в среднем ценовом сегменте.","",2025-11-13T00:22:51.337Z
1f0e8f6f-7ed2-42cd-82d2-1a4ed20d9ae3,True Future Real Estate Development,https://files.alnair.ae/uploads/2025/3/1b/1c/1b1c2f6fc652afcdceb81c929ab3705e.png,"","True Future Real Estate Development — компания из Дубая, лидер в секторе недвижимости, специализирующийся на строительстве роскошных зданий и вилл. Мы выделяемся красивым, современным дизайном и использованием новейших технологий. Наши проекты варьируются от жилых башен до коммерческих комплексов. Мы привержены инновациям и качеству, стремясь воплощать видение клиентов в реальность.","{https://files.alnair.ae/uploads/2025/3/1b/1c/1b1c2f6fc652afcdceb81c929ab3705e.png;https://files.alnair.ae/uploads/gallery_photo/2025/9/c3/98/c398133149a96f49b8b27a8e5d44f568.jpg;https://files.alnair.ae/uploads/gallery_photo/2025/3/cf/b1/cfb10ec69c51520640b7214e827f57e0.jpg}",2025-11-13T00:22:51.340Z
a7fc2209-3d86-44d1-a721-306a846747f3,UniEstate Properties,https://files.alnair.ae/uploads/2025/3/53/1b/531be46917393bea5c15efc50ef804b6.png,"","UniEstate — мастер-девелопер с более чем 28-летним опытом (с 1995 года) в ОАЭ. С фокусом на совершенство в девелопменте, подряде и обслуживании клиентов, UniEstate построила репутацию поставщика реальной ценности. Компания реализовала множество проектов в Рас-эль-Хайме (Yasmin Village) и Дубае (Union Tower), предлагая качественное жилье.","{https://files.alnair.ae/uploads/2025/3/53/1b/531be46917393bea5c15efc50ef804b6.png;https://files.alnair.ae/uploads/gallery_photo/2023/12/71/2a/712ab6109995bf4be48de8e21b9934a4.jpg;https://files.alnair.ae/uploads/gallery_photo/2025/11/74/ee/74ee6724ae22bfdead839b55d8b9d728.png;https://files.alnair.ae/uploads/gallery_photo/2023/12/79/d5/79d55b814f04a9902ed3e9d3d0ed2b48.jpg;https://files.alnair.ae/uploads/gallery_photo/2023/10/e0/cc/e0cccb99d66db42ef157cf44ce1db1c2.png;https://files.alnair.ae/uploads/gallery_photo/2025/4/74/4f/744fbb4f6dc9d327d9bf27924989dcaf.jpg;https://files.alnair.ae/uploads/gallery_photo/2023/12/81/4c/814c0746cd1ba2adaf0eb088317b49d8.jpg;https://files.alnair.ae/uploads/gallery_photo/2024/9/97/3a/973a053a2567461d2e5fab2c079009b8.jpg}",2025-11-13T00:22:51.339Z
f491e383-5518-4292-ae7c-ff3be3805c82,Union Properties,,"","Union Properties (UP) — один из старейших и наиболее известных застройщиков Дубая, котирующийся на финансовом рынке (DFM). Компания является мастер-девелопером знаменитого района Motor City и создателем Dubai Autodrome. UP также известна развитием района Green Community. Обладая более чем 30-летним опытом, компания продолжает формировать жилой и коммерческий ландшафт города.","",2025-11-13T00:22:51.345Z
24c6c622-2896-433c-a60d-e9a52cf644f0,Unique Saray,,"","Unique Saray — это девелопер, который стремится предложить эксклюзивные жилые решения. Компания фокусируется на создании проектов с уникальной архитектурой и высоким уровнем комфорта, ориентируясь на клиентов, ищущих индивидуальность.","",2025-11-13T00:22:51.347Z
2b982e15-1133-476a-9f51-dcc28a1632f7,Urban Properties,https://files.alnair.ae/uploads/2024/9/d7/f3/d7f3969982b1ff79019381022ba5449c.jpg,"","См. описание выше. Юридическое лицо, занимающееся непосредственной реализацией девелоперских проектов.","{https://files.alnair.ae/uploads/2024/9/d7/f3/d7f3969982b1ff79019381022ba5449c.jpg;https://files.alnair.ae/uploads/gallery_photo/2024/12/40/7e/407ed1b3b6b74540ff0a5c59720a72bb.jpg}",2025-11-13T00:22:51.349Z
aeaf5502-711a-4035-9cec-05770c7343ca,Urban Venture,,"","Urban Venture — это компания, специализирующаяся на создании современных городских пространств. Они фокусируются на проектах, которые способствуют развитию сообщества и предлагают инновационные решения для жизни и работы.","",2025-11-13T00:22:51.352Z
9e1161c4-7809-46e6-94ac-9c18b75272c5,Vakson First Property Development,,"","См. описание выше. Подразделение, отвечающее за девелопмент новых проектов в рамках группы Vakson.","",2025-11-13T00:22:51.355Z
f9b58942-4d2c-475b-8d03-0ca91dc33725,Valores Property Development,https://files.alnair.ae/uploads/2025/9/ef/52/ef520d4831a65f9f6754284da6524735.png,"","См. описание выше. Компания, приверженная созданию ценности («Valores») через качество и этику.","{https://files.alnair.ae/uploads/2025/9/ef/52/ef520d4831a65f9f6754284da6524735.png;https://files.alnair.ae/uploads/gallery_photo/2025/9/d1/30/d1306351c57916abf7f653bd9d268c5f.png;https://files.alnair.ae/uploads/gallery_photo/2024/12/14/d3/14d3ef76e007375397eb0e29db8a209b.jpg}",2025-11-13T00:22:51.358Z
67e4f875-e1d5-4d52-9c8f-b5edec1c5bc8,Vantage Developments,https://files.alnair.ae/uploads/2025/2/30/82/3082e6fd3c5e4896174bdc1996bdb65e.jpg,"","Vantage Developments — ведущий застройщик в Дубае, специализирующийся на создании роскошных апартаментов. Смешивая современный дизайн с функциональностью, мы создаем проекты, обогащающие образ жизни. Интеграция умных технологий и зеленых зон отражает нашу приверженность инновациям. Мы строим сообщества (например, в JVC), которые устанавливают новые отраслевые стандарты.","{https://files.alnair.ae/uploads/2025/2/30/82/3082e6fd3c5e4896174bdc1996bdb65e.jpg;https://files.alnair.ae/uploads/gallery_photo/2024/10/46/5d/465d021f8024306f77663a1fd34eae1d.jpg}",2025-11-13T00:22:51.361Z
d296b20a-e062-4423-8d2c-20d7640fa6bb,Vantage Ventures,https://files.alnair.ae/uploads/2025/1/a7/2d/a72dd285167b3c612289c7301fe9520b.jpg,"","Vantage Ventures — бутик-девелопер, работающий в Дубае и Сингапуре. Возглавляемая Эваном Лим-Пента, компания стремится предоставлять высококачественную недвижимость, соответствующую высочайшим стандартам мастерства. Фокус на построении доверительных отношений гарантирует надежность. Сочетая инновации с точностью, Vantage Ventures создает исключительные жилые пространства, становясь надежным именем в индустрии.","{https://files.alnair.ae/uploads/2025/1/a7/2d/a72dd285167b3c612289c7301fe9520b.jpg;https://files.alnair.ae/uploads/gallery_photo/2025/1/95/42/954242c945f2a41980373fc0780fed73.jpg}",2025-11-13T00:22:51.363Z
7ef294fe-07c8-46c4-907e-a8629ba93558,Vincitore,https://files.alnair.ae/uploads/2025/1/db/dc/dbdcdcb4c83ca64040de336d6d2468c0.png,"","Vincitore Realty — лучший бутик-застройщик Дубая, предлагающий «Брендированную недвижимость» (Branded Realty). Компания гордится созданием знаковых проектов (Palacio, Benessere, Volare, Dolce Vita) с уникальной римско-европейской архитектурой. Главная цель — предлагать «Доступную роскошь», обеспечивая нишевой клиентуре превосходную ценность. Каждый дюйм проектов Vincitore спроектирован и создан до совершенства.","{https://files.alnair.ae/uploads/2025/1/db/dc/dbdcdcb4c83ca64040de336d6d2468c0.png;https://files.alnair.ae/uploads/gallery_photo/2024/12/ce/d2/ced2584e54c2159517c51f6b660dc4c8.png;https://files.alnair.ae/uploads/gallery_photo/2024/12/80/7a/807ac04b82d0f9cc62eea054d270a680.png;https://files.alnair.ae/uploads/gallery_photo/2024/5/b7/ea/b7eade3d8ebbbcdc41016dbdb8cc325f.jpg;https://files.alnair.ae/uploads/gallery_photo/2024/12/ed/de/eddee20bf478f1a704b1b92a68158836.jpg;https://files.alnair.ae/uploads/gallery_photo/2023/5/50/9a/509a0489a236084b0a311b5e801bdb3b.jpg;https://files.alnair.ae/uploads/gallery_photo/2024/12/db/c9/dbc91de3ea0e999855aab3022c10730d.jpg;https://files.alnair.ae/uploads/gallery_photo/2025/10/af/9d/af9d657f2f138e068c68fe735ad7c82b.jpg;https://files.alnair.ae/uploads/gallery_photo/2023/3/f3/f5/f3f5a68e69a2070b085e83465cbdabbb.jpg}",2025-11-13T00:22:51.365Z
367f9ad9-92fb-4630-b76e-b8cacd5c6f3d,Vision developments,https://files.alnair.ae/uploads/2024/11/4a/e8/4ae8f169b133144b6d9314786b3dc4ab.jpg,"","См. описание выше. Альтернативное написание бренда.","{https://files.alnair.ae/uploads/2024/11/4a/e8/4ae8f169b133144b6d9314786b3dc4ab.jpg;https://files.alnair.ae/uploads/gallery_photo/2024/12/84/9a/849ada1e6809ffbb3d1cade0ff91bcb0.png}",2025-11-13T00:22:51.368Z
b379ede2-8f9d-4071-828b-8d4077fd8031,WELL Concept RED,https://files.alnair.ae/uploads/2025/7/b1/36/b136d7a6ae1ac8e35363d114d6d7aabd.jpg,"","WELL Concept RED — динамично развивающаяся компания, специализирующаяся на жилых и коммерческих проектах. Стремясь создавать современные, комфортные и устойчивые объекты (Wellcube), мы ориентируемся на потребности клиентов. Наша команда профессионалов обеспечивает высокий уровень качества на каждом этапе. Мы ценим инновации и экологию, внедряя устойчивые решения в наши проекты.","{https://files.alnair.ae/uploads/2025/7/b1/36/b136d7a6ae1ac8e35363d114d6d7aabd.jpg;https://files.alnair.ae/uploads/gallery_photo/2025/9/4a/62/4a62c9476b2cef9443b8dd291e250317.jpg;https://files.alnair.ae/uploads/gallery_photo/2025/7/d4/99/d499db7f0030c4b60f113e3ab2795f3a.jpg}",2025-11-13T00:22:51.371Z
cc63c852-5a1c-4784-84c6-140a955b1454,Wadan Developments,https://files.alnair.ae/uploads/2025/8/17/65/17650b60fb571b19f24a3153384dd582.jpg,"","См. описание для WADAN Developments выше. Компания, предлагающая полностью меблированные «умные» дома с собственной строительной базой.","{https://files.alnair.ae/uploads/2025/8/17/65/17650b60fb571b19f24a3153384dd582.jpg;https://files.alnair.ae/uploads/gallery_photo/2025/8/20/f1/20f114c07ac0a6ccdf40d413aebf7c6e.jpg;https://files.alnair.ae/uploads/gallery_photo/2025/11/43/a7/43a7e14521faaeff4c88e23c814b1f16.jpg;https://files.alnair.ae/uploads/gallery_photo/2025/9/35/c6/35c6139cd32c01625773bcfb8444276f.jpg}",2025-11-13T00:22:51.372Z
2490a99b-8b46-43d2-9df4-bb77d76f8643,Wasl,https://files.alnair.ae/uploads/2025/2/21/e0/21e0d29aa40d4dc200f4674d9b1d76d9.png,"","Wasl (Wasl Asset Management Group) была основана в 2008 году в результате слияния двух государственных департаментов. Миссия — укрепить успех Дубая. Wasl является одним из крупнейших арендодателей и владельцев недвижимости в Дубае, управляя огромным портфелем жилых, коммерческих и промышленных активов. В девелопменте Wasl создает знаковые проекты, такие как 1 Residences (Wasl1) и Park Gate Residences, а также владеет множеством отелей (Hyatt, Marriott).","{https://files.alnair.ae/uploads/2025/2/21/e0/21e0d29aa40d4dc200f4674d9b1d76d9.png;https://files.alnair.ae/uploads/gallery_photo/2023/8/8e/b3/8eb377ad2ef6f82043d5a309ccbdf9dd.png;https://files.alnair.ae/uploads/gallery_photo/2025/5/89/72/8972339ad2f7c2d8f8860718f7aab195.jpg;https://files.alnair.ae/uploads/gallery_photo/2023/11/cb/94/cb94468d1580267f80176eddfb02d023.png;https://files.alnair.ae/uploads/gallery_photo/2025/1/19/29/19293502959bd9a42a1e498417f9dea9.jpg;https://files.alnair.ae/uploads/gallery_photo/2025/8/2a/e6/2ae645ca251f03d76f06d64eea4b2291.jpg;https://files.alnair.ae/uploads/gallery_photo/2024/5/12/b0/12b05c8a914bdf13d52f859f04538d02.jpg;https://files.alnair.ae/uploads/gallery_photo/2025/2/c3/e8/c3e8bf6f2bb6e52216e20f67816294b4.jpg;https://files.alnair.ae/uploads/gallery_photo/2023/6/8e/d6/8ed6ad121324c2b9267195461f51a07d.png;https://files.alnair.ae/uploads/gallery_photo/2024/12/b8/62/b862033d31b1788663eededf42247d2e.jpg;https://files.alnair.ae/uploads/gallery_photo/2025/1/57/84/5784aa75f613c53995600d82cd64f19c.jpg;https://files.alnair.ae/uploads/gallery_photo/2025/9/ca/90/ca90b826e05a70a1e72ec844a947a40a.jpg;https://files.alnair.ae/uploads/gallery_photo/2024/12/11/eb/11eba49772afebf70d343be1f048a06d.jpg;https://files.alnair.ae/uploads/gallery_photo/2025/8/20/bd/20bd598cc1b5e09590965117fb3b0625.jpg;https://files.alnair.ae/uploads/gallery_photo/2024/12/4c/e5/4ce51be5d43869e8ce1f1df09c2d2e22.jpg;https://files.alnair.ae/uploads/gallery_photo/2024/1/1b/f6/1bf6a2aca29fd0d676a56bb2e3e58ed4.jpg;https://files.alnair.ae/uploads/gallery_photo/2023/12/56/4e/564e6918b3522472f5adc86c89982550.jpg;https://files.alnair.ae/uploads/gallery_photo/2024/1/bb/6e/bb6eff52e664aae3557bc0b37c7df128.jpg;https://files.alnair.ae/uploads/gallery_photo/2024/12/ac/c2/acc229a1eb8bb6c5eea3ac7ddde6c695.jpg;https://files.alnair.ae/uploads/gallery_photo/2024/9/70/c8/70c8823a09fe616f7b6fea6965216b83.jpg}",2025-11-13T00:22:51.376Z
befb0601-ce0c-4134-b6fe-b56da0db1202,Wellington Developments,,"","Wellington Developments — это застройщик, который стремится привнеси британские стандарты качества и дизайна на рынок Дубая. Компания фокусируется на создании элегантных и надежных жилых проектов.","",2025-11-13T00:22:51.382Z
bf969c48-fe1d-4c55-958b-aa6ef8807f6c,West F5 Development,,"","См. описание выше. Альтернативное написание бренда.","",2025-11-13T00:22:51.381Z
dd6cb51c-f808-403c-a059-5e6be0cd5b63,Yas Developers,https://files.alnair.ae/uploads/2025/5/6e/d8/6ed8fc7e751d47d4616a46eeaadc6c38.png,"","Y A S Developers FZE находится в авангарде динамичного рынка недвижимости Дубая, устанавливая новые стандарты роскошной жизни через инновационный дизайн. Наш бренд является синонимом индивидуальности, изысканности и практичности. Мы выходим за рамки обыденного (проект Perry Residences), чтобы предложить непревзойденные жилые пространства, созданные с исключительным мастерством.","{https://files.alnair.ae/uploads/2025/5/6e/d8/6ed8fc7e751d47d4616a46eeaadc6c38.png;https://files.alnair.ae/uploads/gallery_photo/2024/12/dc/cc/dccc9e6806a1a66b69414899aa373f76.jpg;https://files.alnair.ae/uploads/gallery_photo/2024/10/5d/89/5d8929ac2d45997a4efb69bceda38b53.jpg}",2025-11-13T00:22:51.386Z
096eb37c-ca41-46cf-bf95-341bf2d85558,Zenith Ventures Real Estate Development,,"","См. описание выше. Юридическое лицо, отвечающее за реализацию проектов группы Zenith.","",2025-11-13T00:22:51.418Z
c9a79e51-2600-4543-b7f0-a9e5d26006a7,Zimaya Properties,https://files.alnair.ae/uploads/2024/10/e9/9d/e99d1e4c26e25db9424b6df2ab6b2d2f.jpg,"","Наша миссия — создавать жилую среду, которая обогащает жизнь и приносит удовлетворение. Zimaya Properties объединяет опытных профессионалов с более чем тридцатилетним опытом строительства в ОАЭ и Индии. Сообщества таунхаусов Zimaya (например, в Al Furjan) получили широкое признание за непревзойденное качество, внимание к деталям и исключительные планировки, обеспечивая инвесторам впечатляющую прибыль.","{https://files.alnair.ae/uploads/2024/10/e9/9d/e99d1e4c26e25db9424b6df2ab6b2d2f.jpg;https://files.alnair.ae/uploads/gallery_photo/2025/8/b4/5a/b45aef23b6a934fabb6ba4ffdbeef716.jpg;https://files.alnair.ae/uploads/gallery_photo/2025/2/91/8e/918e7ec26ab5b2490e13f1ba06d4deff.jpg;https://files.alnair.ae/uploads/gallery_photo/2024/10/3f/17/3f17b77e68b2fbecd58564bc6e86a53b.jpg}",2025-11-13T00:22:51.417Z
cc964011-d803-4b5b-9c4d-0507e19d9172,Zumurud Real Estate - Sole Proprietorship,,"","Zumurud Real Estate — это компания, которая занимается развитием и управлением недвижимостью. Как единоличное владение, она, вероятно, представляет интересы частного инвестора, фокусируясь на качественных бутиковых проектах и персонализированном подходе к бизнесу.","",2025-11-13T00:22:51.428Z