id,name
"991e2b9b-4174-41f2-8cd1-a024ea6e6912","09 Life Residences"
"c3756ae8-da86-4599-b9d8-22cfe7c3de84","105 Residences by Kamdar"
"c5e8983e-f7ec-4662-896c-b4bb125d97aa","11 Hills Park"
"ae001bbd-98b8-40a9-8fdb-53669b99b8b4","15 Cascade Featured by Versace Ceramics"
"b61c67c6-f31e-41d9-96e1-da73cf7fb9e7","1WOOD"
"6811d94d-1454-4823-bc42-ffc5e5843520","1WOOD Residence 2"
"af82eae4-449e-496c-8ac2-db3f02ff0c61","241 Waterside"
"6b404b2b-b6ea-405f-a16d-719d1456dd05","25h Heimat"
"7349168b-0965-4f14-a568-bef0672569d3","310 Riverside Crescent"
"a19f16d2-0131-4cd5-9cf0-3db4d27c9f8b","311 Boulevard"
"0ee5e675-6bde-4671-839a-524c8d708566","320 Riverside Crescent"
"c8e87dae-f375-4403-8798-91cfd37e4ccf","330 Riverside Crescent"
"8b0aebd4-5706-4450-b657-8de4dea3c756","340 Riverside Crescent"
"f42bc5c7-fc44-4917-bfa3-01b23ba39a42","350 Riverside Crescent"
"b412fb43-5ebe-44a6-9062-c6843360d68c","360 Riverside Crescent"
"8de024f0-8467-4c02-af2f-ade0b974cfaa","368 Park Ln."
"09ec4d86-bc7b-4184-98e0-f68ba1236a8a","399 Hills Park"
"b4113a65-0982-46ea-88cc-8b52a8cdab57","48 Parkside"
"17b2d7e0-43fa-4357-a975-be7fa5cf40da","4B Living"
"4467fdb0-3823-4b8f-bcb1-7220220d4f73","555 Park Views"
"3e6f5898-6bd7-49cf-a09c-441f2d0bafa3","77 Boulevard"
"9319a36a-2173-441d-a859-ff37f81f437f","7 Park Central By Meteora"
"2b441c98-f11f-48ae-92be-815b1aa6385f","7 Seasons"
"78dc2e93-8e7b-48fc-a615-61459f204e17","99 Parkplace"
"82b9d0fb-f840-435f-953f-f3d08aa274ea","A1LA Residence"
"1cb7a299-ee82-483f-a982-cb0366e5cae3","Aark Residences"
"b5fd949a-32c9-4b2b-a468-d60d0f0cf442","Aark Terraces"
"83258262-1003-4248-93a5-193a2d2921c9","AB Cavalier"
"c2fc29d9-5f99-4fc7-93ad-38da675913ae","AB Hills"
"4e1d483f-7eff-4414-8272-fdf9fb80fb86","Acacia by BNW Developments"
"af141c77-21af-4d0d-a1d8-9fbba7e903ef","Address Grand Downtown"
"fbc9d7c7-caa3-4256-a482-591d483259ee","Address Residences Al Marjan Island"
"7c6498d6-1abf-4bb1-8abf-02fc269e7436","Address Residences Dubai Creek Harbour"
"21c98e9e-be22-49bf-8820-f6767764645f","Address Residences Dubai Hills Estate"
"eb5e2a11-7a4c-4222-88e7-f44e59d0073e","Address Residences Zabeel"
"6ed4c3bb-a75f-45d2-b74b-79ba8db9dbd3","Address Villas Hillcrest"
"1ddb053b-4208-4246-8adb-80e25ff067ce","Adhara Star"
"ac053729-f1d7-433d-a71d-3e0c828aae66","Aeon"
"f3458844-56bf-4e08-8124-b2170fd25812","Aeternitas"
"9130199a-55df-47b5-a82b-bd354e502178","Affini"
"dd9a7062-c271-47b3-a1e6-14ef20bd053c","Afnan"
"3c4dd882-d9fb-4b32-bf72-ccd7cbb84856","AG 7EVEN"
"1d61c32d-68b6-4b88-8385-b3eea4a337cb","AG 9ine"
"f0eec446-aae9-4f4c-97e8-1ff898e799d4","AG Ark"
"3a62dba7-eb2a-45ff-b520-f18cc25d763c","AG Aum"
"05958877-bcfd-4c17-8a51-43b982bf3a8b","AG Central"
"132758b6-b313-4a21-9aec-0c73b2cb0831","AG Square"
"a761f4cf-6eb2-4246-aa7e-0e2b2d00ec79","AG Tower"
"2e12e638-08e9-414d-a806-385675023031","Agua Residences"
"7a9236c4-d0b8-43a6-9460-7971a56c0a80","Ahad Residences"
"1bafd833-6c9e-4cb5-9c92-a8eab2dc239b","AIDA by Dar Global"
"cfb41336-57bd-4b1b-b876-54789b676f54","Aila Homes"
"87d0ef11-51e0-4650-9ea0-66c2139c257f","Aizel Tower"
"1791dfaa-16f9-482f-841b-f955d8cca1d4","Ajman Creek Towers"
"212e301e-3f28-4125-9da2-f972d3bab4f9","Ajman Pearl Tower"
"f5eed4fd-800e-4bd1-b2b3-a3e61d89147e","Ajwan Towers"
"4251c747-6941-4e8a-ad32-439d35ba16ce","Akala Residences"
"49b08f4f-9912-46fb-a7d9-d78a3b89f921","Al Ameera Village"
"4c23bb41-20db-4849-b42a-ceed76fc39e3","Al Ameera Village 5"
"bbbdc09d-6a35-4c6b-b401-c6d024b1e945","Alana "
"8ed7a133-af9b-45ea-98c4-a06f1e822403","Alba Residence"
"7d5c8c08-aa34-44cd-bc7c-e71a2b0b25fa","Alba Tower"
"5ad1053b-d8ab-4370-a1d0-a80ed45e0584","Albero"
"d10d3dcc-1c4a-41d4-9428-fb0eee7f861d","Albero by ORO24"
"b29eba2b-ae00-43eb-9320-326867796a3f","Alder in Park Five"
"af76eaa2-89e7-4069-acfa-181e061382d6","Alef Noon Residence"
"23657082-fa9d-491f-872f-082e3e9b7a5c","Alexis Tower"
"731f159d-8929-4dd0-bb4c-3271a3863c68","Alfal Residence"
"028c7620-2a36-4993-9b49-dd9302851a95","Al Furjan Villas"
"7c663ee7-242c-4e6a-aac7-b45f540f2c05","Al Habtoor Tower"
"1efaf47f-5981-44e4-86cc-e4f3950eb754","Al Hamra Greens"
"0ba02ada-e545-452d-abc3-2713ca5b5ee3","Al Hamra Waterfront"
"97b0e322-85c4-473f-9a80-8dcc8201c957","Al Haseen Residences 3"
"c5fe4fe5-401f-4663-a505-05d49fbc050b","Al Helio Villas"
"d1120b33-8c32-460f-8fe8-12f96cc60af0","Allegro Park"
"043a819c-7f56-450c-b15a-965bd305d9a2","Allegro Residences"
"ecb6eeaa-8ef9-47a0-b899-9996fa5fb616","All Seasons Residence"
"b2eab330-0b00-487e-b1a3-f42aabf88641","Allura"
"98ca86f0-08d0-4304-97b6-1479d6531e26","Almaara Residences"
"f5c64239-9366-4722-8dab-07e34c1134c7","Al Mahra Residence"
"7bc4620c-8ab8-400d-95f1-7290e4ca78b0","Al Mamsha Sharjah"
"57c0b54c-39eb-46d2-93bd-ce92242f3848","Al Multaqa Avenue"
"2c8975ff-fb9e-4133-b4e4-95e98480b9d4","Al Naseem Villas by Modon Properties"
"a0c2df8a-c9e4-4744-b8bf-34141ab8d1e7","Al Raha Lofts 1"
"04a27d76-3afd-4181-ad59-68d9856694e3","Al Serh Residences 11"
"6d1b5fb3-eb17-4d34-8752-d7eff95677ff","Altair 52"
"da2ce4ab-9bc7-4a10-927d-783594dd7377","Altai Tower"
"c8ac372d-c5dc-4e35-8a98-6afb6a37a2f8","Altan"
"88f2a11a-887c-4188-b010-f475cbe5a5c1","ALTA V1EW"
"3cac94b9-633c-4291-a843-45d0daa39f8c","Altay Hills"
"e3ba9bda-d8d7-4b9f-aa05-f087b614fa06","Al Thuraya Island"
"cfcb0d31-f9b2-4b30-b6ee-b3b1d6530346","Altia One"
"02a9f838-ade7-4a11-8c01-f5dd00f52bb5","Altitude de Grisogono"
"76703524-bcab-4b8a-a090-9e316e4e35f1","Alton"
"f4429811-afbd-495c-809e-8fe6da4d70fd","Altus"
"acf0a92f-8c4b-4ef5-ae12-2c811dbd4a9f","Al Vista"
"c2a3b9b0-5893-443a-9eaf-18c5cd474dd1","Al Waha"
"b4128758-c5b0-4cab-a627-4e4933831bff","Al Waha 2"
"d1262e69-d72b-456a-b11e-40e1621b28cd","Al Waleed Garden 2"
"25b457d0-9f46-45e4-9585-6f3b268fd56c","Al Waleed W.S 1"
"f144e447-06c5-4532-82f9-51d2269b9286","Al Zorah Beach Hills Villa's"
"97d38a5e-a32a-40e7-8acf-21b20cbb26a4","Al Zorah Seaside Hills"
"18a1e664-4982-42b7-882a-192fe89eb5ce","Amalia Residences"
"055ff234-ae6e-43fb-807b-a73c0b4a4b7f","Amali Island"
"0db022cf-b3dc-47ae-98f8-bfab8d5fed2c","Amal Tower"
"1867a8f2-3946-4919-8bce-d9954ea59527","Amara "
"40e5e3c4-57f3-4bac-a1db-7900d37d759c","Amaris Tower"
"3001b6a8-aaab-42a5-9d15-e1cc4847789b","Amazonia Residence"
"f3c5ebda-0717-4d08-af14-7f0fe99d0cdb","Amber by Enso"
"a1d56e25-02fb-4071-8675-25bff48254bb","Amer Al Ghurair Residences"
"7c8eb7a4-26aa-4084-83ef-c70170397631","Amethyst by Siroya"
"0b023539-193f-4a56-b5b1-df485f53dd93","Amour Sans Detour"
"cf9cb34d-19f5-4488-a74d-c85fa61d153e","Amwaj Tower"
"1a2100c3-6ff1-4a31-8d00-ffdda2f8b1aa","Ananda Residences"
"9b7143bb-2a0b-459c-81fe-dbe9dc1f6d70","Anantara Mina"
"4c37716f-e2f6-4126-8572-3ca23f1abb40","Anantara Residences"
"3db33603-0774-451a-b010-80d2a17d4a6f","Anantara Sharjah Resort"
"8e098b41-bde1-4d56-b5c5-782384f0d6de","Anbar Residences"
"f2aa5cd9-7b1f-4bc1-a30e-1a3ef6a08289","Antalya"
"0e746d9a-6501-43f1-891e-27a43437fe2a","Anwa"
"5b08dc39-8227-4383-8b9c-bbd62e4624ae","Anwa Aria"
"da76a644-b6b0-4ae8-abd5-a4ab70a1178f","ANYA 2"
"f6d2661f-eef5-45a4-9e5c-00da65bc2a06","ANYA Townhouses"
"b73cedae-8dc8-46f0-8b15-d353b1c16c27","Aqua Arc"
"bce553c9-137b-491e-bc78-14934646c1ac","Aqua Dimore"
"ae0ec9f5-0813-4bb5-a9e1-04af1201b1d5","Aqua Maya"
"464ef2b4-02a9-42ad-8b69-b47356d595c5","Aquino"
"fff8cafb-1cde-4129-bba5-91be7f61f410","Arabian Hills Estate"
"4c7fcb5c-9d9b-4556-8b0d-d7e7ca27ba2c","Arada Gate 2"
"9dd53db1-2b50-4bf3-bf4e-860506a7edb3","Aras Heights"
"5ac6dffc-be20-422a-8d79-a7d337b52455","Arbor View"
"117f1002-b778-4638-a6dd-816ae3b8781f","Areej Apartments"
"f977de1d-ec39-4bb1-83e6-2187764dd9e5","Aria Heights"
"885968bf-7fd4-42cb-b80c-dc571bc5a4d6","Aria on the Park"
"46365b63-e351-4518-b318-84913b7478a5","Arib Collection"
"dffff080-4daa-439f-b03b-21c97562b8d7","Arisha Terraces"
"adcdce1f-bd0a-42f8-a482-d8c0555a36b8","Aristo"
"53ef5c84-7abe-467c-8ff7-3a59209057e1","Arka Enclave Residences by Atmosphere Living"
"d4058180-4828-4289-9662-ad38bd8e454e","Arlington Park"
"bb3a87b3-0c39-4660-9531-d2c7f4193c85","Arlo"
"468e1ced-25f3-4bf2-9220-7dd8f8a5adaf","Armani Beach Residence"
"04f692b7-00e0-454b-8ec0-ad4a275f9196","Armani Beach Residences by RAK"
"d844decf-adff-46e0-81e6-7f053f85c1db","Art Bay"
"fdd9e3e8-2fb2-4a82-870e-7c98eb155654","Arthouse Private Residences"
"d7c8fcf7-2519-4e4a-be25-8d21cc47c946","Arthouse Residences by Cledor"
"5dab7f1e-a5bb-4701-ac43-10d0c31b18fb","Artist Hotel"
"bdacf13c-7915-437e-ae26-c7e822f748e6","Artistry One Residences"
"5605000c-a6fe-4966-a22f-db95e91ac9ce","Artistry Two Residences"
"569cadd8-9781-475a-ba4c-38f17522641c","Arya Residences"
"2391cf45-c815-47b0-ac7b-58e7ab3c4bb4","Asayel Apartments at MJL"
"a8eec2a9-3166-401d-93a8-fdf7097cf0ae","Asayel Avenue"
"94014c62-cdf8-4b60-8184-f6cee9a9cbfb","Ascot Residences"
"5b7f1d37-2079-4e3d-a439-22052ecab7c9","Ashley Hills"
"bd620afb-332b-414c-b7ab-8b6a304fab45","Ashton Park Residences"
"7fb3a22b-a786-4265-ad1a-d10bb9c6d9df","Ashwood Residences"
"90189636-d833-4661-a568-2314d31bd8aa","Aspirz"
"d3f15d73-1d79-4700-905c-2d82e00a0af3","Astra South"
"7af34b18-8ccc-4280-8b6a-cb2e4d32df3b","Atelis"
"7eae56f2-e36d-4dab-bf8b-bf4883779d62","Athlon by Aldar"
"3eb7250b-0a30-4c85-9d8c-71a7d969a936","Augusta"
"44466217-e29e-489f-80c5-4528ed2b8931","Aum 99 Residences"
"60432e05-b621-480a-ac92-37632f97f2f9","Aura Elegance"
"33322033-fa00-4c45-99fe-fa2cbc2f1bb0","Aura Elite"
"18b48db0-1e41-4ea1-9566-e3a8ddb7215c","Aura Prestige"
"e68c9111-6f0d-46d0-a52b-c4294d0ff071","Aura Residences"
"03690579-c232-419d-bae1-7ff3c7c44174","Aurea"
"2c6ccfaf-c5cc-4437-92f5-50b1faf64852","AUREL1A Residence"
"f4db0aad-c72d-4be7-84cb-61cf9a73ef75","Auresta Tower"
"86e7f0b2-f7f1-45dc-9318-df0b57799dde","Aurora by Binghatti"
"b119d49d-e37f-49bb-9570-f4329282f20e","Autograph Collection"
"6315b8a3-d661-4c69-91ab-c2e0160f6327","Autograph S Series Residence"
"e5f4fb6b-b459-4524-b092-faf47834abf3","Autograph X"
"8fca6691-c3c1-4115-a693-9439a1f9c5ff","Avana Residences"
"71c29dc8-ebf6-4c26-8af8-26ceda2fbb16","Avant Garde Residences 2"
"e5c2bd9f-03aa-430a-b89f-9760c6624ead","Avant Garde Residences by Skyline"
"377abbe2-a9c1-47f5-8145-189d3328bfbf","Avanti Tower"
"cb959bf3-11d7-475e-8d94-61d14c26ab0e","Avarra by Palace"
"1600630d-9b44-42bc-9442-ed57a2f89620","Avelia The Valley"
"9d14bfdd-2558-49bb-8b7e-467a392b4c3e","Aveline Residences"
"97542feb-3471-4d0c-9ae7-33406b992e06","Avelon Boulevard"
"b280abbe-9271-486d-b774-0911eb6afa54","Avena at The Valley"
"31c3c8eb-2ff7-4645-b9ee-db9f6b594c61","Avenew 888 - Loom"
"c25df932-2a40-4591-9c34-79265f158b87","Avenew 888 - Modo"
"bcbf47fe-3548-4b89-91a2-cf1836f0eed2","AVENUE Residence 4"
"5c7540eb-8aee-4b62-a167-810881fa680a","Avenue Residence 5"
"11162601-168c-4198-8a2a-f9c44e6b3f70","Avenue Residence 6"
"c5ab0126-8fa7-4990-bb82-a2dc213f5f43","Avenue Residence 7"
"d50dcf11-2832-4b83-8976-b0b7462876fd","Avenue Residence 8"
"61441325-bf27-4e70-97b0-b44bdc4dff91","Avida Residences"
"a6ae0800-6af7-474d-a5bf-0281cdd407ff","Avion Residence"
"0ace2e19-0916-482e-9325-136f7aad1a28","Avonlea"
"87ecb272-7f15-4fd8-90dc-27ce59857d49","AYA Beachfront Residences"
"3ed44d50-6332-4ae6-90fe-cc5e67f6ff77","Ayala on the Рark"
"8e87d257-35ce-411c-aef7-82705ad8af72","Ayana Gardens"
"4f8e6fad-519d-4fff-8675-762739a87cf4","Aykon City Tower"
"8076e4e8-65aa-4702-a3f4-875fc61c6955","Aysha Residences 1 and 2"
"1b51bbbb-5aca-4e37-b693-b6f876b22b9a","Azha Millennium Residences"
"6208252f-a31c-4df7-8a28-36cefc1e127e","Azizi Abraham"
"43dd4b89-b65c-4fdf-bfc1-4f60ed8a1571","Azizi Amber"
"9cfa5e1d-1efa-448f-903a-9eb5324858ec","Azizi Amir"
"1ecf5da9-9025-4b91-9be9-08897fef581f","Azizi Arian"
"1870f094-97f1-4a77-8e66-10c113e2bb33","Azizi Aura"
"8e6a1c1c-3f68-4069-9a12-9b0f535f45d8","Azizi Central"
"d11d0792-e031-4bb1-bd6f-b9e8c5476871","Azizi David"
"599cb186-4ad9-442d-a8b5-bd51e9d47421","Azizi Farishta II"
"ccc3bf1a-92f1-4c1b-8af4-6aaffb5310f4","Azizi Gabriel"
"a327d197-13db-47eb-98fb-c536aed56234","Azizi Grand "
"66938497-57fd-49a6-82cd-3e47fa03a4ac","Azizi Jewel"
"f1e9e9aa-d98c-4ef3-8b20-b9c375a855f0","Azizi Leily"
"5f126142-8b17-4112-8956-de9c62faeef6","Azizi Lina"
"ebc9d6b1-8856-4a0e-84a1-146c972ca739","Azizi Milan"
"19f4ec8f-fe72-4c93-9bf6-c68d87389178","Azizi Mina"
"38ffd916-0288-48ee-8081-def00d03ce4f","Azizi Neila"
"5f05995f-bd0c-4fab-ac07-a3b3cdab7417","Azizi Noura"
"196be9cf-d7ec-45f6-b078-db0b7efefbe3","Azizi Park Avenue 1"
"0b1b5a7c-5e48-48df-9e7c-721202773d1a","Azizi Pearl"
"7449dfa4-9ac3-4bfa-9bc1-ccc27ef928b9","Azizi Plaza"
"d1e341c0-67c2-4036-8c06-5fa460920542","Azizi Raffi"
"95f3fda2-04ac-40fa-940f-ea8bd0045462","Azizi Rose"
"9bc1ec67-6e84-4034-aca0-700a6932de97","Azizi Ruby"
"7c6d26af-241a-4bd9-9e77-8e6ffeb72012","Azizi Sakandar"
"0c55c089-5edd-4572-97c1-61fe185e184b","Azizi Samia"
"1af7d090-7b0b-47b8-8530-fa621af2af6f","Azizi Shaista"
"be3c8ac0-3ba4-4ff9-8cb2-4454aa2aeb5a","Azizi Star"
"a3061308-5d0c-4b52-af63-70faccc8d065","Azizi Tulip"
"b7cf847b-515e-454e-bb7f-f0951d2ca560","Azizi Venice "
"8e1b55d3-ccff-4634-a2be-15697321fb45","Azizi Vista"
"3b365f0e-15c7-4b8f-b589-93923f470303","Azizi Wares"
"90b123b6-b6bb-43cd-8532-2269bd361965","Azizi Wasel"
"4f7be09f-f471-4106-bbc4-b10e9c85d51f","Azizi Zain"
"7609e751-f586-4a81-8ca3-0e6c3f4b4b85","Azra Residence"
"9974fd87-18fe-4576-8d1a-ade5f3cee1c6","Azura Residences by IGO"
"22420247-f200-48c5-8fd0-b0649e8ce23c","Azure by Lapis"
"c652787d-a203-438e-a3c2-d7dca951cb0a","Bab Al Bahr Residences"
"113b205f-c204-4f58-b166-82a034bfb276","Bab Al Qasr Canal View Residence 22"
"cb244039-77df-4428-9b91-9c358a411120","Bab Al Qasr Garden Residence 66"
"de59e06f-236c-46c3-ac5d-d9a0a4d2f86b","Baccarat Residences"
"34a3fcd9-00b5-4ac1-9d53-12955cffc3c6","Bali Residences"
"8a93b632-0071-4dd0-a7ba-ecf49b8efd8d","Barajeel Towers"
"c2442619-0603-41a5-a457-9c58cd5322fb","Barari Gate by ADE"
"fe5e777c-0e01-4e21-9b8f-014fedad54f0","Barari Palace"
"92ad38a2-b797-4130-b49b-2112254b3d21","Barari Views"
"cbd21d9a-1d64-41ac-bcc8-52ba437d4262","Bayfront Marina Residences"
"283df715-4bfd-43a8-83f4-c5ab55d0a77e","Bay Grove Residences Phase 1, 2 and 3"
"06f56fab-5273-4ef4-9786-a266e7165f71","Bay Grove Residences Phase 4"
"92675337-45cd-4ff6-ab86-6b15b858f15e","Bayline "
"774c3e21-a872-4f10-b3da-bb9753c733d2","Bayn by Ora"
"b0f672c1-f273-4db9-9f9c-cbc5b8a7fb89","Bay Residences South"
"346b4ab6-2111-471b-95c3-90eb568a8cc2","Bayshore at Creek Beach"
"54f2e25b-1b9b-45d1-b9ec-b787e4654505","Bayside Marina Residences"
"8489ca0c-455e-46d6-ac26-7c78b460efdc","Baystar by Vida"
"558def25-b0e6-412e-947f-efb142525370","Bayview Boulevard"
"e6902ea9-2b9c-4ea8-89d5-49170f8ec59b","Bayview by Address Resorts"
"0658fe93-655a-475a-ba14-1580af55767d","Bayviews"
"187528e5-4ffc-43f1-8fea-bf8c6896e354","Bay Villas"
"5c6614f4-613f-4c6d-8b6f-bd88739ae8d6","Bayz 101"
"fb11c2b6-b760-422b-b86d-d15109713e74","Bayz 102"
"c5c92f11-3fee-4bf9-bb66-5576024297a5","Beachfront Gates"
"98ec7fb5-2e62-4ea3-a601-761158b50111","Beach House at Bay Residences"
"0a44959d-594c-4377-82ae-12812ead8fc6","Beach Oasis 1 and 2"
"d1c077be-6e8c-4988-bf68-c30acbfb3f35","Beach Residences at Siniya Island"
"b117ddc9-094b-476d-8b79-745cefd15c4b","Beach Walk"
"52e97241-ef24-42c6-8346-101e44e72cea","Beach Walk 3"
"a24ab491-8568-4999-9f2a-8e0753518227","Beach Walk 4"
"712f1d85-2b60-41ac-878b-08c7734db9fa","Beach Walk Grand"
"50d72016-0735-44d0-bd15-b4467fc4cba6","Beach Walk Grand 2"
"59b50ec0-b78b-4f3b-ad0b-d8b5fa778516","Beach Walk Residence II"
"731b38d6-8c1e-4ffc-8733-a2f02fef0d9d","Belgravia Gardens"
"1fd834d5-e0cd-46fc-a58e-97100cac5364","Belgrove Residences"
"2fff9ba3-e333-4a20-bfb5-c528292083a5","Bellagio by Sunrise Capital"
"c9303e6d-55df-4bb3-bb2e-0d5534ecf115","Belle Rêve"
"d2328c58-6c5f-46cc-9e08-c76bea129e07","Belle Vie"
"a67b612e-48db-4b14-94d7-fff6e72e9b76","Belmont"
"2687833b-d32d-4a5f-9afb-47b00245f396","Belmont Residences"
"f1cb1526-c2c4-4e65-a8a0-346f1893a313","Berkeley Place"
"7bba0a88-c8e3-4c14-a877-cbdf209c69db","Berkeley Square"
"f2b7eeb4-d92d-4d36-b25d-2a72a92d40db","Berkshire Park"
"1f95fae8-dfae-4069-be48-0e07d995ed74","Beverly Boulevard"
"3741fed4-581c-4d2f-92cc-2709009aa7e3","Beverly Gardens"
"a217d8ab-dc9e-42c3-a54b-7acaa0ad005f","Beverly Grande"
"e4d7fb3d-fc9a-4a99-9468-f4c92f99db24","Beverly Park"
"b080367c-98fd-4e88-b6a2-8f0710ce80e5","Beverly Residence 2"
"b564284b-449f-4e56-8566-fd9482c9062f","Bianca"
"4e1a5bb5-8919-41aa-ae93-552f0262ae8b","Binghatti Amber"
"ed493e5a-1165-4a33-b98a-005ce42c2b6b","Binghatti Amberhall"
"b99959f5-5f16-4239-b4f0-5446cc8a99e6","Binghatti Apex"
"ee061c54-8df3-4f22-a769-5c23272985a9","Binghatti Aquarise"
"d598730f-b983-4c2a-b922-3d5f3609f953","Binghatti Azure"
"6d41d56d-1853-4229-9d07-c40139435826","Binghatti Canal"
"a94235c2-8ba9-4b71-a582-1f99c09b58b0","Binghatti Circle"
"5029bedf-c7fc-4094-ba47-b481f351b417","Binghatti Creek"
"d35cf3f7-ed5c-427a-89d2-7354a2830fd3","Binghatti Crescent"
"be237455-f78b-44b1-8789-30d354e995af","Binghatti Crest"
"dac3a37f-5bb0-4aa8-bcca-d252892877a3","Binghatti Cullinan"
"85e8da34-8076-4414-a2a0-2b8524d369d3","Binghatti Dusk"
"ffbf34a3-ec79-4359-8a3f-673dcaf046e9","Binghatti East"
"1ce370bd-4ea6-455d-aac2-bd155ed38c23","Binghatti Elite"
"85d7e896-ccb2-4a39-83b5-2a4c6f73ae42","Binghatti Emerald"
"6efc2a69-9b22-4052-acab-6a720a1a869d","Binghatti Etherea"
"2e5504f3-0f9d-424a-bb1c-cc6305018c37","Binghatti Flare"
"32694561-2c34-4e80-bab1-f559645d4a53","Binghatti Galaxy"
"cad6187e-3478-415a-b98c-3278be892bec","Binghatti Gardenia"
"3a1f285c-d626-4bfd-95c6-060435a62568","Binghatti Gateway"
"b6ba2509-f189-4446-8e4b-60ad414ab31b","Binghatti Ghost"
"735023be-5705-4f1d-b1ee-25b8ef00b2e8","Binghatti Grove"
"a2c59c76-5a92-49a5-9a88-a91c1b6da0fd","Binghatti Haven"
"29ea25be-533e-477f-82e1-290edd662af6","Binghatti HillCrest"
"3f55bab3-a84f-44ba-8b82-b09004cbce90","Binghatti Hills"
"ed6e1cd5-6213-4f6e-920b-c69877ea7652","Binghatti Hillside"
"ffa7d20a-ba89-4353-8412-c11c4bc97c5c","Binghatti Hillviews"
"4ce4a305-6ea7-46c9-b1a4-7a68a024c955","Binghatti House"
"57b5affe-b745-4e41-a2d4-7966d36c21a6","Binghatti Ivory"
"f7aee2bb-eb57-4c01-ba29-1541e54a5e61","Binghatti Lavender"
"0ee9de48-7e30-4d53-8577-a6a2294d87a1","Binghatti Luna "
"625bf73f-fd95-4426-914b-1e2f27aacd19","Binghatti Luxuria"
"604939c6-2e85-4369-8931-43b5fa3d5042","Binghatti Moonlight"
"f2630838-55b9-4ec6-9761-2eafd082f3d8","Binghatti Nova"
"8f5b1849-0454-4b59-87a4-8ebdeb5c7014","Binghatti Onyx"
"b881fc40-1820-4ea8-9acf-0f48bc0609e3","Binghatti Orchid"
"fc286fc7-7d92-4075-88c5-256b11fac3c0","Binghatti Phantom"
"a6015de3-8a81-4da4-a6bd-c4c442566c45","Binghatti Phoenix"
"88599d4c-3a1f-4705-be02-f820627a87c7","Binghatti Pinnacle"
"ffc8c3cb-e7ef-41c0-a8e2-6f4cf0f6ac52","Binghatti Rose"
"c2b0dd83-1e13-465e-be26-62d95e2e052a","Binghatti Royale"
"41f54124-48b7-431b-adab-63b41530d967","Binghatti Ruby"
"94fb8e8e-4bc4-44c4-8e30-2676ed4527f5","Binghatti Skyblade"
"2726bac5-b0b9-4e60-aeda-0e4a5d001b62","Binghatti Skyhall"
"f41f26dd-2ee0-426b-b156-033496110a83","Binghatti Skyrise"
"6c98b381-1240-496c-97b9-982534e7e274","Binghatti Sky Terraces"
"e4cbbaf9-7b0f-4db6-991b-40d00425d0f8","Binghatti Starlight"
"7ba79627-b561-4a52-bd6b-0ad32e621813","Binghatti Titania"
"2910eaf9-e86c-4e61-bc27-148437057df6","Binghatti Tulip"
"ec17ca65-726a-463a-bd0e-75b7d73b4ef6","Binghatti Twilight"
"ab753b4b-8cc3-4e7b-876a-649ab978ee48","Binghatti Venus"
"d6df6e66-9eb8-41ca-80e2-0f44a7669074","Binghatti Vintage"
"89535b1b-e5ce-4032-bd46-911afa0efde4","Bling Avenue 1"
"acd968f2-c60e-4f1c-9061-d2afb101ed96","Bliss Homes"
"8ca00bb8-6fea-4191-b6ba-147d9433c69d","Bliss Tower"
"e49a34e2-f277-48a1-88aa-fbc3af02a95b","Bloom Arjaan by Rotana "
"c41c511a-02c9-4a5b-88c7-cfd59fa93871","Bloomingdales Villas"
"d44c7ca6-8453-4eca-b194-cdaa95e3342c","Bloom Living 1 - Cordoba"
"f5de8997-c7dc-4418-889f-1a6386c6ef8e","Bloom Living 2 - Toledo "
"8b4b6893-ece8-4e58-ba6b-fde8454b0bd9","Bloom Living 3 - Casares"
"bd813dbc-63f2-4eba-acb5-693797d853cb","Bloom Living 7 - Almeria"
"05ee5fd7-428a-4e46-99d5-751c5d01deee","Bloom Living - Carmona"
"97d8e71c-719d-4b2b-8ab2-8e69ec312d94","Bloom Living - Granada"
"e584dc6f-07d2-42e7-9485-7408afadc30d","Bloom Living - Malaga"
"c05d9ffb-7476-4423-b4a6-33b8b53eacbb","Bloom Living Olvera"
"3847a5c2-f8c5-4ae1-a1c0-e7098f8a5140","Bloom Living Seville"
"7a1d8788-85cc-43ba-bf56-67a6d5b3aeb4","Bloom Park View"
"4e2b9f6b-3f9c-4a9f-92b1-99225b9a2941","Bloom Soho Square"
"2fd53c59-9079-4193-94df-29ab73b69a5b","Blue Bay Walk"
"46d157c5-915c-43b4-8d13-8cdda1d6c5b8","Bluebell Residence"
"0a6d7c4d-5b79-41dd-9b90-81f8b9394b16","Blue Marina Residence"
"1bafacef-3446-4ca6-8012-6f4e9782e4fa","Blue Pearls"
"90e76538-b166-48e9-a1a5-68b2b963bea7","Bluewaters Bay"
"5d6caa1f-d0ff-4d67-8397-aa2cce5ac275","BLVD Crescent"
"91da28d1-0ea0-4979-95d4-222539f91c19","BLVD Heights"
"1fc4394f-5f7b-4f11-935b-6181700a11de","Bond Enclave"
"ff575340-5485-40cd-9e98-292ede2e32f1","Bond Living"
"afa9ce3b-13d8-40ef-89a2-addfb4cb9133","Bonds Avenue"
"30c878f7-1cf2-407d-8f84-10054766bc11","Boutique 23"
"06465d16-14fc-4c28-9635-d5a317041deb","Boutique XII"
"dcd42e39-e96a-4426-af7b-4daff9e9c940","Brabus Island"
"a0f970e9-a2e9-47c2-ae56-1285e3683412","Brabus Island Chapter Two - The Villas"
"65411864-4580-4883-8198-a1f548f1b98a","Breez"
"113a8bac-0567-4e18-b872-9a25a484b85f","Bugatti Residences by Binghatti"
"6bf8263e-a055-4b86-964e-d8f9e837f322","Bulgari Lighthouse"
"da8e8ca1-edb1-4e58-8549-1a36056f681f","Burj Azizi"
"ae57d475-f9cb-4d44-a15b-8e6c36097459","Burj Binghatti Jacob and Co Residences"
"99583583-f389-426e-b608-8d5421161ea4","Butterfly Towers"
"0288ca71-4d73-45d0-a917-60afca44f8c9","Cala del Mar"
"f3575fe2-f3c9-4a47-993a-4adaab7174d3","California Residences"
"1f446f29-2966-4b40-be19-a4e76aea63bb","California Village"
"471692e8-a714-4e48-bcb8-6fd1d2fd5d22","Camden"
"55e0466d-c335-4909-bf35-b4b9924b0b31","Camelia Villas"
"5ab4432c-2761-4468-a8ab-262250744c1d","Canal Crown"
"1644ea45-c8d4-4383-bfb6-6726aa425b7b","Canal Front Residences"
"e05f1eb4-4292-4d12-80db-12a2eee100a5","Canal Front Residences 3 and 4"
"113d7425-8eeb-462b-afac-f2a4bc9c164d","Canal Heights"
"3ab47b3f-33ed-4873-92d0-b84bb0576e29","Canalside Marina Residences"
"3f5eb949-c15b-4edb-bad0-afd5dfcdf166","Candace Acacia"
"754970a9-84bd-42f3-9eae-7dc467cd0158","Candace Aster"
"049659ad-43a1-4b77-b7d8-ceaeb6fd3fcc","Cape Hayat"
"600ed909-5075-4fda-adba-24fa2d0116b6","Capeside Marina Residences"
"4bbf9d80-802d-42c6-9321-7f32b840425b","Capital Horizon Terraces"
"eaa3b0fb-66bc-4960-af45-85165246b8a8","Carmel Residence"
"a783ca38-333c-4a7a-8c1a-ebbe1a1e9766","Casa AHS"
"79853fce-df74-49c2-be12-8e71f1bf3632","Casa Altia"
"34e831d1-0ce9-43df-9dc4-8b820cad1683","Casa Canal"
"d36e4834-9c8c-403b-8397-ce926cb631bf","Casa Serene"
"290aa09b-83bb-4d06-a495-ff8c6321485a","Casa Vista Residence"
"c53e9542-914b-4a02-9af3-605541bd9aad","Castleton at Central Park"
"72589316-e2f9-4120-afec-e700fc2507ea","Catch Residence by IGO"
"7aacb5f1-38f0-4da8-a9a2-5032dc0ab43c","Cavalli Couture"
"610b04f1-39cc-42cd-be16-66799b35137c","Cavalli Tower"
"ccf1a9a6-6c3e-4a07-8cc7-2da5bff58f0f","Cavendish Square "
"c623789b-0ed2-4276-8852-c10ba6b59cf7","CDS Wave"
"847e154b-5e32-47d8-b206-b3917d6ff5f6","Cedar"
"b8591a3b-b808-439e-abee-1f1e25e3f8f2","Celestara Residences"
"02d154ff-1647-41ae-a169-bdc7866f0a22","Celeste by HRE"
"e966f6f2-a6ad-495e-8a81-e8354e5e7ed8","Celeste Heights"
"f63dc52f-a9b4-45f5-a208-309d2713a21b","Celesto 2"
"f2855eda-2ad7-4b5c-9131-4369e344bc26","Celesto 3"
"b9321baa-6842-4667-9df5-5b44dbb1f261","Celesto Tower"
"bedb226e-7517-4258-be53-28e7f4ba7c24","Celia Gardens"
"7b313ba8-7ef2-4756-9ac1-c15d9b582ca6","Celia Heights"
"b503b5f4-2712-4dc8-86cf-6069e09ec5d1","Celia Homes"
"829917d7-7e2a-4c50-86b0-edcdd0e27adf","Celia Residence"
"cada14d6-1c8d-4a27-9c4d-e2ba236a3321","Cello by Taraf"
"3afcfaac-dd3a-482f-9c4b-4abe102c4579","Central Park Plaza"
"c4d95704-aecd-47f8-8d29-a3021e366b66","Century"
"57023632-5788-471b-a5af-fca0036d3a45","Chapter 01 by Newbury"
"1749956c-01a2-45ff-8bf5-8d7a7dc986e3","Chelsea Gardens"
"a6c34ea8-618f-427b-a010-63664c65ff28","Chelsea Residences"
"03ab2911-d501-494d-8d47-43420060a18e","Cherrywoods"
"777c4c6d-ef78-4107-8e8c-518f7e6ce4ef","Chic Tower"
"ce21e3f6-b1c9-4231-8d97-4f9b297aa756","Citrine Residence"
"f9fdea27-d710-4798-8643-9de33e4390ca","City Walk Crestlane"
"44c391a0-43eb-48e5-9652-d979a8e469ac","City Walk Northline"
"a6e8d023-dba7-4eb4-a2fa-bee9e54f7dc3","Claydon House"
"671abc68-f975-4bdf-8200-b8444066d24b","Clearpoint"
"89aafef5-ef72-4f1a-9afb-621591b961d0","Cloud Tower"
"c025657d-8254-4564-8594-c8099c60e5b3","Club Drive"
"a288c53e-152c-41b4-a518-12cd79e21f4d","Club Place"
"f30a42c6-e05d-44c3-8aac-bfe4080ff274","Coastal Haven"
"b4f966ef-e3f5-488d-a0f6-ad4bfe4d7b70","Coastline Beach Residences"
"7f3e19ad-a4d3-404f-a532-dcb20cbcdeae","Colibri Views"
"a995f737-e843-4145-862d-93edbc568ba1","Comfort by Roof"
"406ca8e1-57ac-4eab-b09e-a739466125f9","Como Residences"
"4b4224eb-0e81-4ea2-be24-38420c3e3774","Concept 7 Residences"
"850a363b-b283-4a3b-9fb4-4513847eb978","Condor Golf Links 18"
"2d2be42c-df2b-4301-a677-321767b74d18","Confident Lancaster"
"bfe19cbc-799b-4004-a260-3a75244c793b","Conqueror Tower"
"6c2d74d2-3586-4c52-8210-af2472d14e1a","Coral by Vision"
"4fb06985-ac5d-41f2-93e4-ed32220c7667","Coral Reef"
"a78b5364-0279-48ad-a30d-edf8b01097dc","Costa Mare"
"167381ad-1aa8-4d28-9893-d58581f02311","Cotier House"
"1b55021b-762d-4665-858d-76379a3c7fda","Cotier House 2"
"800fe73b-371f-4f58-8651-87b024634186","Courtyard One"
"b448e928-c4bb-4ef0-8fb8-e290b4cba795","Cove Boulevard"
"bf42f879-19b7-4d16-8206-1aa1efbaf358","Cove by Imtiaz"
"a9c10dde-cad4-4147-98f4-8561d7822145","Cove Edition 2"
"8fa92c92-e1bb-4e13-8a4e-5354bc6a49ab","Cove Edition 3"
"1278b4d4-39dc-45fd-a05a-ef62dc38d125","Cove Edition 4"
"c4754a97-9cfc-4638-9176-340715ba07d5","Cove Edition 5"
"aec977d0-c68b-48af-81db-7d5deeb7c658","Cove Edition 6"
"d2e8aec8-14cf-4891-ab2f-a1c33e298be0","Cove Edition One"
"f1c223ca-579d-489d-b9a9-0924736a2566","Cove Grand"
"3eaef726-c9cf-43c3-8bcc-45cb1a87cf27","Creek Bay"
"01efd8bc-a94b-47bf-a0ff-160e448d2470","Creek Beach Orchid"
"849a307b-fc1c-484e-886c-5838c45e10ad","Creek Edge"
"59ad914f-dc6a-4aaf-bac1-c448bdd89938","Creek Haven"
"2181c129-ad55-46cb-96f2-0436042542dd","Creek Rise Tower 1"
"76a5ec65-b6ee-4a8b-953e-3adbc79b19f1","Creekside Residence"
"c61cc54b-1b78-4ae1-a75c-b062da6e1ff6","Creek views 2"
"b75d7fde-b624-48c5-a386-04924c05075f","Creek Views 3"
"54fa1887-b36d-47e3-88c4-1f973d44980c","Creek Views 4"
"8fccff53-e17b-4eed-a33c-caef3af21887","Creek Vista Heights"
"c6891429-189f-45ee-aafe-391db5c29e33","Creek Vistas Grande"
"ce0e2cfa-27c5-4feb-a7ad-6a2d53f89f89","Creek Waters"
"f9204fd5-1002-40a1-81ab-f4c99e42d7a3","Creek Waters 2"
"89ca71e4-56a0-42bd-9332-648b9924dcf6","Cresswell Plaza"
"047ba5c4-8dcf-483b-9a44-c57963f654d3","Cresswell Residences"
"7099685d-ea06-4dfa-9047-6b961c0dfa56","Cresswell Views"
"cd90493c-8049-4aa6-b76e-626bb27ec40b","Crest Grande"
"669b930b-eb87-47f8-8632-7556d819a02f","Crown Palace"
"4bd93e13-0703-4ebe-8fde-a7361cffe802","Crystal Residences Tower 2"
"3cfd78c1-e4e2-4a86-b690-46785269564e","Crystal Tower by VHS"
"ab542c18-6099-4b67-88c2-5a7881078537","Cubix Residences"
"e3e5b9e6-63c3-4a93-a97f-2ed3689e4685","Cybele by Wadan"
"dd065854-1b0c-486b-92b3-8476c5a1aeb5","Damac Bay"
"56be7c27-7564-4cc9-b4a1-f2732a06020e","Damac Bay 2"
"8bc528e3-1584-41aa-8680-0fe48822e462","Damac Casa"
"97c68fbb-2cc7-4b37-b25f-0c1133a5e060","Damac District"
"8b964a64-b7f1-48af-be14-5bbef910c411","Damac Harbour Lights"
"c6f0c9e5-3c93-4890-a478-5decd9d9c058","Damac Hills 2 - Amargo 2"
"bd0a63d7-b22c-4f9e-82b2-82bb1f251cc2","Damac Hills 2 - Avencia"
"1fc55b63-ee70-4853-8112-45e436194ecf","Damac Hills 2 - Camelia Villas"
"42c80892-dfe4-4da5-bfe9-4bb40eb7bc93","Damac Hills 2 - Hotel Edge by Rotana"
"a52637ba-38b0-4c1d-a0a5-7e71ead6f2d6","Damac Hills 2 - Park Greens"
"eb314d94-1f4a-4b81-9be7-e3ea9dd6a082","Damac Hills 2 - Victoria"
"26331423-810c-46cc-8856-d95ce2e7e145","Damac Hills 2 - Virdis"
"7396e2df-86a8-4882-81b4-ee57ae0c7333","Damac Hills - Belair Phase 2"
"60d0b997-1c9f-457f-a026-8aa6e6015c07","Damac Hills - Bellavista "
"ea635ebb-36a1-4151-8005-bd795af8df0c","Damac Hills - Cavalli Estates"
"0ac3b6e2-35fc-45c9-9e85-8ae18e356a32","Damac Hills - Gems Estates"
"5948aec7-623e-4311-bdb6-d9d142be4591","Damac Hills - Golf Gate"
"5cc15d86-cf3e-4a93-bdab-38da63958b19","Damac Hills - Golf Gate 2"
"0ea419e7-5b8e-48ed-86e3-c86fac50fa21","Damac Hills - Golf Town"
"19478bc5-0044-4ba6-997b-bc65a39dce69","Damac Hills - Ivory"
"11c2dbd1-9a85-4b82-ba11-a52df18ac8dd","Damac Hills - Park Town"
"d51f0ad9-61fc-4036-8ea6-e2ab5884e110","Damac Hills - Radisson Dubai"
"140fe52d-00a8-4bd0-b90e-9450d117bb92","Damac Hills - The Legends"
"5ff86d3c-d0ba-479e-bdfb-e495bda4156c","Damac Hills - Utopia"
"fcb183f8-cd93-4741-903f-979fff44930f","Damac Islands Phase 1 and 2"
"28968d21-ad24-4982-8989-f8a80972a38e","DAMAC Lagoons"
"cbbf32f0-7c8f-4f09-ace5-8162b47789ec","Damac Lagoons Marbella"
"3dbdcdd0-b937-4d7e-bc83-537ce2f4f9a1","Damac Lagoons Monte Carlo"
"95dceaf4-69b4-4862-88f0-37c20c0d91af","DAMAC Lagoons Morocco"
"ec4aaf3c-24c4-4451-9f56-f34b79b254a2","Damac Lagoons Mykonos"
"27a05099-c841-4930-9fa1-8a98e2636434","Damac Lagoons Views"
"2b0b7a25-d467-4b87-a464-c179237b5637","Damac Lagoons Views Phase 2"
"f9f5d87c-e4e7-4495-b403-802b3124a7be","Damac Lagoons Views Phase 3"
"8b983432-d246-480f-8a14-b9900213d142","DAMAC Majestine"
"242c6c8b-8b26-4512-a43b-cdc8e3cc7586","Damac Prive"
"b445939f-d992-4be7-8d88-8eac6a0ec68b","Damac Riverside Views"
"9999415b-26d0-40c7-b5bb-b06c7513563b","Damac Safa Gate"
"95db492c-6ecd-4523-9944-47c8c18c9fc6","Damac Towers by Paramount"
"d62c61c9-4665-4c2d-9a8e-e43601951743","Damac Violet"
"b4211548-89aa-4618-826a-ef9ebf69c2ed","Danah Bay"
"7ad67816-a321-4f3a-98ba-f7a35bedd7ee","Dania"
"84bdfb6f-c1b4-4bba-bce0-7242474f3b4c","DaVinci"
"3e8013fa-4beb-42be-bfa6-4eadfda17e74","Deansgate by ADE"
"16e1ea26-09f7-4a54-8756-7b47e56e04ee","Derby Heights by AMIS"
"a2f78a55-767f-478d-b8a8-022f4c40a559","Design Quarter"
"8865891f-49fe-40cb-b679-3b5456a7a4b8","Dezire South"
"4ee9b696-58dc-4dc4-b556-45c6e50b8272","DG1 Living"
"52a7e35d-9058-4f2d-89df-d97cd6bc289b","Diamondz"
"3a2f22b9-2b2c-4c82-b280-b2e6488dbd23","DIFC Heights Tower"
"3164062f-a91c-4689-afed-71e81d41cace","DIFC Living"
"ef79f1c4-1b8b-4bd3-aea8-b645edd9cab5","District One West"
"10bfeb2a-f0fd-4da5-9765-00c2703a2b1a","District One West Phase 2"
"5a53994d-aac0-4d27-9c9e-6230aa88dd88","Diva at the Bay"
"a988cf8a-4842-459c-b88f-81880de00ef1","Divine Al Barari"
"9dbf3088-b1ff-4088-9a1c-441cd183a7f0","Divine Elements"
"c0e82c2e-c8c0-4bcf-87ef-bc912a6c0eae","Divine Living"
"d71af1a8-b3ee-4dce-8711-126a6d1cf8be","Divine Residencia"
"1772f850-4e05-4d1d-8792-abe66cffd399","Do Hotels and Residences"
"a0d0450c-3ca1-4854-83a0-b645766a1f3c","Dolce Vita"
"e25d53aa-5b27-47c5-ae9e-98a168a37e5e","DoubleTree by Hilton"
"99f6600a-2c15-4dd3-90b2-978296a4cd42","Dreamlife Residences"
"58e1f8c7-1ffe-4ead-832d-4035bb1fb133","Dubai Harbour Residence"
"8851c147-918f-4122-9efc-d3ae13c318f4","Dubai Islands A"
"e70a11d0-6b89-4c59-8ea3-cde66e9dfb76","Dubai’s Hills Fairways 69"
"237349a1-96b2-4067-9ea1-46c5ae02f0b8","Dubai Wharf"
"221b3195-d6b5-455e-9741-7ed74fdc0c57","Dugasta Warsan (Jneibi)"
"32828335-f29b-4946-93dd-669b893de867","Dusit Princess"
"b4553d12-58f5-4625-869d-47017f5d56d4","D Villas"
"7a51abb9-9cd2-493a-94eb-f04a3d80d54f","DWTN Residences"
"4049d019-4e47-474d-9d78-585cddb90c61","Eden Golf Views 1"
"2fe202b2-0403-42fb-b209-45a1dd596cc8","Eden House The Canal"
"4d8ea173-4593-4b9e-90c9-4ecf81dd2d9b","Eden House The Park"
"eaf65494-06c8-44ca-9e55-c1f50d5bc795","Eden House Za’abeel"
"bcf0afe8-84b0-411b-9ebc-09d28ad7329e","Edge Raha Island"
"c4d16c79-e191-4ffe-88f4-ed0facf49cdc","Edgewater Residences 1, 2 and 3"
"984be3ef-4f16-45d7-939e-dd84981ff3d7","Elano"
"453ed1b9-0268-408c-ba72-bfe5225a5fb4","ELAR1S Axis"
"630d40a3-ff7d-4d26-82c9-270cb192b6c8","ELAR1S Rise"
"6100709b-78bc-456b-af23-899f45525ea6","ELAR1S Sky"
"b9c6db7b-80c6-4289-a803-c88535b4ea94","Elaya"
"716ff8c9-78e3-4012-b234-79057162ac75","Elbrus"
"950cf975-6070-4d8f-b230-e311dadb92a7","Elea at The Valley"
"51b88426-9e51-4799-8e9b-ba6c4524ae24","Electra Acube"
"f78f8406-da5e-428f-a059-41c0af5481e0","Elegance tower"
"1e35ff69-42fb-43ee-87d7-0c533ed0ad07","Eleganz"
"4a480201-3f1e-4050-850b-94533ed13caa","Elevate"
"4a0d8368-3948-42c8-89f3-f2f5e03858b8","Eleve"
"3e7bdc6b-e9cf-436d-80bf-8650787fdc36","Elevia Residences "
"bec773d4-160f-475d-9700-e314104022fc","Elie Saab A Vie"
"b13819d0-c675-42b2-9ae0-c1b3f4454bdc","Elie Saab Waterfront"
"84a36f66-7ac3-48b7-9bdd-0439313be197","Elire Managed by LUX"
"1e6d1da0-e5d3-4b9a-a0b7-6beba7699ecd","Elite DownTown Residence"
"5418afa7-b52d-4ccb-b710-182855d47451","Elitz"
"682c49b7-00f4-463c-ba8f-ef99448ba8c4","Elitz 2"
"dabfea38-4811-462a-88c5-50365a5d9e2d","Elitz 3"
"b310d2a9-c2f8-4f52-a1eb-0fcd5671acc9","Elle Residences"
"2c8cc0eb-7a0b-4f0c-ac96-640e601be691","Ellington Beach House"
"6d97ee98-f435-41b5-9af9-1b3c376e322d","Ellington Cove"
"98cb9cb3-329c-4bd0-9f3e-d90ae1a9b690","Ellington DT1 "
"7f3925c9-ea27-4c18-aae1-9d86cdbedfb0","Ellington House III "
"2b23a5c1-3eba-4ef8-8882-fe3ce17f6517","Ellington House IV"
"477b3be5-10b9-4951-b9ea-d1d558b8276a","Ellington Ocean House"
"e323dcce-46b8-4fbc-84a0-db3c7c1fa32e","Ellington Views I and II"
"8c71cd18-979a-4f0e-9a6e-951b6e4fde3c","Ellington Villa Collection"
"122adc40-2c0b-4f63-9db0-810cbe009454","Ellison"
"e9305e17-6bd6-41b2-8714-8008bc60b7c0","Elmora"
"9af24993-e798-4182-ba64-3e9679933491","Elo 2 and 3 Damac"
"934199e2-6d4e-4c31-86f4-3fe1be14d559","Elo Damac"
"8d12bc39-8963-42b8-86e8-ad55344d6160","Elora"
"4c580df8-9064-4ef2-b46b-d7b0d0ff4eb6","Eltiera Heights"
"a621ccf0-75cf-43b7-826e-81ce87372ded","Eltiera Views"
"5eae2768-0d85-4108-bd2f-dce393f46718","Elva at The Valley"
"33a28c8c-01f0-4c44-a6c1-89acd229472f","Elvira"
"9784aa46-5611-44c5-bb1e-f0b9bc35ebd6","Elwood"
"a4f2d473-9184-46da-bc04-b452bcbbbce3","Emerald Vision Tower"
"aa10d323-9e1c-4a47-88f6-fa6ae53bce98","Emerge Residences"
"294eb8ce-80be-4a53-aec9-336b00de41ac","Empire Estates"
"ad5690c0-dd1d-433a-b839-f3d8b5f22860","Empire Gardens"
"df08de07-af85-438d-ad42-fbb130c69e60","Empire Lake Views"
"c7bf003a-6164-4783-82cf-ba441c2d776e","Empire Livings"
"92b94a48-92f0-4b66-8965-d73922348af2","Empire Residences"
"3928d843-0ed8-4ce2-b300-31b87a9768c9","Enaya Residences"
"81cb95e9-4dbd-472e-92b4-4d860c1006bd","Enqlave by Aqasa"
"2c676fda-9d99-4a2e-b7e0-0e7428257f21","Enre Residence by Imtiaz"
"434ddd40-bb36-4e38-a5f1-23192cdb2989","Enso Jade"
"ddae0123-a621-4773-955e-7f482a9b4098","Enta Residences"
"ddf3b77f-2392-4e3e-8933-1a2276091a08","Equestra"
"fa4fba4d-c3b7-44df-9ca7-be5afede3542","Equiterra"
"3536faad-a034-4b8a-a2d7-fecedce55544","Equiterra 2"
"e7ddf18a-c5b5-43ab-9ff1-1eb735b361ee","Equiti Apartments"
"c08a5d64-916b-4fbf-9dcd-931e3bf9f186","Equiti Arcade"
"833f5340-c332-40c5-a0ec-ea4740cfd416","Equiti Gate"
"fa15484b-310f-4e03-b597-8c03a231ee4a","Equiti Home"
"bad4445d-f375-483b-b5f3-bbbe512194a9","Equiti Residence"
"2a1e749a-4315-4ff8-97bc-606efb7e6980","Equiti Villas"
"2e884424-1551-42fa-aaab-c2050c0178e9","Erin Central Park"
"974ae08b-9c53-4e00-bc33-d201dcdff811","Esme Beach Residences"
"53458361-5703-4334-acad-a5efe6a8b92e","Esplora"
"85f335c7-14de-4974-ad20-dac7feb07327","ESSENL1FE Residence"
"9e2da9c0-a31c-4f72-8d98-2015a3339023","Estrella By Nexus"
"7525c9dd-1d1e-4cc3-b394-ecb8b025980f","Ethan"
"1b36415c-ca85-4e5d-8a5e-f8a4b260cbf7","Evelyn on the Park"
"b524d221-45cf-4a5a-a221-f2d13298f3de","EVERGR1N House"
"9a27c785-1410-4c69-9116-0fc094ad49e0","EVERGR1N House 2"
"50585097-ed7b-4ae5-b5e4-a6f3b4c0b437","EVERGR1N House 4"
"b0556ddb-0abc-4c13-b44c-b2cc0dc91272","Evergreens"
"fd071e4c-3cd5-4e6a-8874-45407c61a5a9","Evora Residences"
"fc982ad1-fffa-4528-9ea6-2f127ee5bc7c","Exotica by Al Marina"
"1737c60c-a0d7-4a12-837b-d342f4df6171","Expo Valley Views"
"c4e58371-a7e5-465c-a87e-3426623e6891","Expo Valley Views - Ghadeer"
"6af192fe-7d42-4c41-ab8c-6e5928dd410a","Eywa"
"438e1dd2-1164-4051-a928-beeace69f1e3","Eywa Way of Water"
"2f336ffd-67e5-4441-a0a5-ececba0f5cd6","Fahid Beach Terraces"
"1559f021-6a92-431e-8de5-4550bc3b3acb","Fairmont Marina Residences"
"c2c6eac9-3598-43f7-9ab2-7a1049975430","Fairmont Residences Al Marjan Island"
"55b89143-04c8-4fc9-b94d-2fbc970bfcc4","Fairmont Residences Dubai Skyline"
"e3c31cfa-d3f0-4823-acb8-1f6f22c2463b","Fairmont Residences Solara Tower"
"270ce025-c086-4776-9402-cbc4849cf1e7","Fairway Residences"
"b10cb57a-0047-45b3-80b5-5d569cc04628","Fairways 156"
"3d2cc42b-f8cc-4ef9-a726-3b08af955182","Fairway Villas"
"d5011d3e-c472-4e80-8ed7-bdaa44d2fc9e","Fairway Villas 2"
"79f24f57-f3ea-4603-a747-c42b881aff07","Fairway Villas 3"
"6ddeecf9-fea0-4201-bab8-6337188b6feb","Falcon Island"
"f69094f8-e895-4d49-b0bd-8eb67d750ab4","Faradis Tower"
"c2815eb6-d2d7-44e9-8cb2-0313023ecd26","Farm Gardens Villas"
"964978de-51e5-4f15-bc34-f81d0ec1b39d","Farm Gardens Villas 2"
"dbdd9a6b-774c-4ec7-b363-e602e527a082","Farm Grove The Valley"
"26541a10-f2cf-416f-81de-cf9ab01040bc","Fashionz"
"1b5b7f84-9cef-4b02-854c-d7d3e82656e6","Fay Alreeman 1"
"47932577-32ce-4bdb-9f73-1111b773c8b7","Fay Alreeman 2"
"522234a6-4808-4e27-82f5-8b22b307f373","FH Residency"
"93ecf043-4e82-4804-bbd4-45acc7e67356","Fia"
"15c7a18d-0951-4582-87b1-c205d6950397","Fior 1"
"c8c0a90f-be43-49e1-b9bb-56b77fa6f27b","Fiori Residences"
"b30a8873-d1f8-4eee-a766-e82dcca1b8da","Firoza"
"2145b03e-5e09-4a43-9c4d-95f635755e83","Five Jumeirah Village"
"b36976a3-dcf0-4784-88ad-61f5c42df4cf","Five Palm Jumeirah"
"eb3e787e-4bbf-4ad3-b0e3-b4f107732e54","Floarea Breeze"
"ad5387c5-227c-48ad-a620-a7a8d40ae3f2","Floarea Grande"
"0d8b92d9-c7d1-4c29-9636-929c1d22de86","Floarea Oasis"
"df838393-4e5c-452c-b936-6f128b8111b7","Floarea Residence"
"3e5e5b7b-ac13-4e2d-8f65-798d302d1268","Floarea Skies"
"43b510a5-4643-42d0-81db-e706055284e2","Floarea Vista"
"83f0a035-0820-48b7-a21a-a0adbcad0fdb","Flora Bay Residences"
"88428333-7aff-4f94-ac2a-4cdcd1ad55d4","Flora Isle Beachfront Residences"
"ba9ba395-7dfa-41ee-a1fa-ec5817ca5ddb","Flora Shore Beachside Residences"
"c38cbb52-b9a7-4962-857c-2ca9f2526fd9","Florine Beach Residences"
"7b9c8b14-2c81-4085-91bf-1dcb9c541391","Flow Residences"
"c2e4557a-d389-4808-8856-433ed8b20143","FLU1D ONE"
"a0ee9ad5-d917-48a4-b1e7-fcc2dcb82901","Forest City"
"1e551c53-c145-47bb-a985-db383389f373","Forest City 2"
"8a649419-3f7b-4214-86e7-6c16bf5496a6","Fortune Bay Residences"
"366e94ef-1b10-4b32-8cc4-554b9a620a96","Four Seasons Private Residences Abu Dhabi at At Al Maryah Island"
"6a47b973-239d-4880-bed6-9b60d5418464","Four Seasons Private Residences Abu Dhabi at Saadiyat Beach"
"d2978b7c-3b04-4a9a-90a5-8a7690b95276","Four Seasons Private Residences DIFC"
"9235face-a9d9-4f7f-8c66-9d16041d0dd3","Franck Muller Vanguard"
"f18f975f-cf67-4c94-be89-b42d994390c8","Franck Muller Yachting"
"718d271f-fd61-4138-b098-69fab93c810e","Future Residence"
"2f333e8d-661d-4880-bc57-ed35ead9d81f","G24 Warsan"
"59629b8e-3140-4bbf-a315-c6205a7aee14","Garden City"
"4c092918-2b21-4041-9c84-63b5457a1255","Gardenia Bay"
"4bea2c03-17b7-4a37-9716-c238fc3fac97","Gardenia Living"
"da1c28ed-993a-40d5-9ee6-3b82dd74856e","Gardenia Residency"
"f297954c-5c7a-47c4-ad3b-6b36a68c235e","Gardens 2 "
"9bb2e673-7ece-403f-93ce-da0b40e17fb9","Gate Eleven by Amwaj Development"
"bbd078ff-c75a-4bb8-9cef-c61b63480766","Gateway by Premier Choice"
"cd8783f1-59a7-4e6e-b60a-8de6d5a62b16","Gateway II Residences"
"2957fc22-49b6-45f6-b4de-4e761d525c68","Gateway Porto Al Zorah"
"e93d3296-ba30-417a-94e6-9df0efe627a7","Gemini Splendor"
"0ddb7119-bafd-4a85-9c8c-738957b54bc7","GEM Residences"
"182c3744-2050-4245-af35-6a5c3399a1fb","Gemz"
"e08ea675-e770-49df-ac9d-5f63719ba157","Ghaff Land Residence"
"ee29f377-e21c-4288-8184-b648dfa85160","Ghaf Woods"
"dc5cb66e-3c73-4af5-9311-3baa71d116d5","Ghaf Woods Distrikt"
"7de4ac64-a94d-484b-8625-46160d951a8a","Gharbi 1 Residences"
"d05df2df-46f1-42cc-a520-a78a4ad28cfc","Gharbi 2 Residences"
"5180d658-fb85-4503-990f-91e834fd4995","Gianfranco Ferre Residences"
"92bd83ca-7c45-4f87-96e1-3ca1bab2e394","Glam Residence"
"26a0ed3c-eec5-4bd2-b517-1a848422136e","Golden Woods Albab Views"
"b1625ea2-3e68-4c30-aea9-6e8f928169b3","Golden Wood Views V"
"baa83aef-8958-4102-b743-f8e35695243b","Golf Acres"
"7501d291-3c66-48f5-9e05-e6ee67c014c3","Golf Apartments"
"8946785a-e817-44e4-8458-c2379099d900","Golf Dale"
"c7d2efb8-3fa9-4155-89e1-bd51619df2e0","Golf Edge"
"4a536626-9c36-4521-b7cf-79029ae06b09","Golf Grand"
"2349cdbd-4872-4664-a931-9b7a3ee24b0a","Golf Greens"
"ae7d1c70-07ea-4e2d-8e29-bfa8b5651a50","Golf Grove by Regent"
"7f52abf8-2ca5-4157-83fb-50fc3b810e6c","Golf Hills"
"4ccfc776-f21d-49df-838d-7b4e98425e15","Golf Hills 2"
"93f26aab-0257-4295-ae5d-8f0c9492891a","Golf Hillside"
"dbf7c2d0-ae3e-4cf2-b91a-5f2981a2b9dc","Golf Lane"
"165c5564-c3d7-48f1-a14f-9a1285d14d58","Golf Meadow"
"e76a9cff-a2cd-44f3-81cd-1698ed39bd33","Golf Place"
"5a7cda41-a3f3-4a9e-8637-7ceda1d55236","Golf Point"
"c576a916-772f-41b4-836f-124d1a0a30b6","Golf Terrace Residences"
"592cd2d5-8b0b-4eb1-86c3-0003b855094a","Golf Vale"
"4240d9fd-0bd6-476f-b123-49fb5c0055f3","Golf Verge"
"a1523442-c4a2-43dd-823f-04da70f02609","Golf Views"
"0d646eec-f3d9-4ca1-bb0d-429ed18d53f5","Golf Views Seven City"
"565310fa-9dbf-4064-bbce-a13e45c72330","Golf Vista Heights"
"754e5412-95ca-47c5-b1cc-fd5e106cfb3c","Granada Villas II"
"bf35b0c5-2591-47fb-be77-316894bca534","Grandala"
"6830d84c-c637-4911-af0c-60a09446bd0d","Grand Polo Club and Resort"
"089b262b-34f8-4f4a-bafb-3a2debe142cf","Grand Views"
"15b77ffa-b51d-4344-91cb-970df4506857","Greencrest"
"2f82253b-4d80-4951-aa67-9e0374c92c18","Green Field"
"53025038-0493-43df-acc2-bab9584afe22","Greenridge"
"f23933e4-b455-4102-b071-0c23528e0352","Greenside Residence"
"932ee300-1607-44d9-9304-2b48fc16706c","Greenspoint"
"fd044c88-dd0e-443f-bd32-e3c266fc8067","Greenville 1 and 2 Phases"
"0223ead1-c0ff-47ea-8790-3a4a264aad00","Greenway"
"f9d111da-8f58-4894-a4c5-152554154fbd","Greenway 2"
"3150d451-7624-4fc5-a2a3-29173a8b348e","Green Wood"
"ac50432c-1925-4027-8aec-2298eb00ed7c","Greygate Residences by ADE"
"e599daf2-23dc-443b-9a82-fbca16216cdb","Grove Creek Beach"
"a17ae396-2875-4954-8e56-5d712f6ac5c6","Grove on the Park"
"1d181cc8-609d-426e-a0f5-4517acb22d5a","Grove Ridge"
"743c2220-92fd-4f4c-8f9a-52b4e5472db7","Gulfa Towers"
"bc5c58b3-c985-484a-b4f9-6937d105caca","Gulf Tower"
"dc67c9da-d509-4aef-a4f0-2588d5333fc0","Guzel Towers"
"da5868be-b46e-49f7-912e-002dd28bf530","Habtoor Grand Residences"
"ab94aa57-12f0-45a6-8862-96053e5b8aa9","Hadley Heights"
"8781d3f4-4e28-4201-a09e-cf2ed393c23a","Hadley Heights 2"
"f5b5e860-e4c0-4629-8f11-6992ab4e88fb","Hado by Beyond"
"c3f50fca-681f-45d6-9fbb-ed8549572855","Haia Villa Terra Collection"
"afe9cb9b-cc1d-41f3-8ccc-d58a4437663f","Hamilton Residency"
"9deabe07-e003-4fae-913c-1007501ea98f","Hammock Park"
"e3e44586-ee2f-4475-bb4f-22c4aa5312e6","Harbour Gate"
"527d32bf-dba2-416a-9341-83d43eb11778","Harrisoni La Mer"
"19fed4c8-63d6-4611-960c-457bf7e8dee0","Hatimi Residences"
"5af22fb2-9a2b-4557-b31e-c8914a474ebe","Havelock Heights"
"1cb20c8a-33fe-4e6c-bf33-9e9c418a95f1","Havelock Residences"
"fcab8698-6dd4-4abf-a540-0d85e2180688","Haven"
"1f514722-5af7-4ac5-853e-8e54755c61e7","Haven Bay"
"934fdf50-87ee-495b-a1ef-3e3011526940","Havencia"
"f24060ff-9fc7-4909-a28d-5869fc2fe374","Haven Living"
"51f00687-13b6-4235-817e-e0d442dc501b","Hawana Salalah - Amazi"
"590f016d-1c00-4377-89fc-a1f946a9b696","Hawa Residence"
"3da5dfdb-9f5a-4096-a687-7c698c2d316a","Haya on the Park"
"30292075-4a0d-42ea-ba8d-58fae090a378","Hayat 4 and 5"
"e2b1ee40-ec78-4a8d-b85e-7f53f9d8b5f3","Hayyan"
"8ca233d2-358f-46a1-91ff-d91e149ed31a","Helvetia Marine by DHG"
"ce88500f-7a2c-4fdc-87fd-c53150c6f6f4","Helvetia Residences"
"9311d639-9a1a-48b0-9583-f98d6820a9f4","Helvetia Verde"
"491911be-a531-4db2-aa91-51088c63444a","Hermina by Casagrand"
"adee1672-5eb2-4079-9360-cadb0b64ef1c","High Best Tower"
"39962fed-a4ec-4b7c-b8b0-b65b741e6534","HillCrest"
"9010f01a-4d38-49d4-9b9e-f973bac29491","Hillmont Residences"
"c247fbf3-37bc-485e-8e02-f95c1daa12ce","Hillsedge"
"102867c3-9cdc-4ed2-8da3-716587e983fa","Hills Park"
"6a8878b0-2ee6-43ed-9917-47e288e5576d","Hilton Residences"
"146567bc-430f-4e19-bddb-9d55c3f6c2f5","Hilton Residences Dubai JLT"
"9a85f509-6673-451f-a3a7-8f70c4026eb1","Holland Gardens"
"ae9e0080-c763-4194-871c-d5a52781eddd","HOLM One"
"c65fccfd-ef91-4f9a-9851-f3557ea5a029","Hotel London"
"68052309-1268-4565-b4f9-6ce98a13492c","House of WELL 1 and 2"
"9ff845f6-160b-47eb-bb4b-35b1d6228d4d","Hyde Residences"
"c95d6422-7fb1-4940-8def-49a702a5e494","Hyde Walk Residence"
"ebc77312-08ea-4d82-93d4-5929a281c645","Hygge Hotel"
"0233cfd6-7c85-4a17-9742-281b4f79c7f1","Iconic Tower"
"d9afc57d-2304-465e-a913-45a23dfb199d","il teatro Residences 1 and 2"
"3f725573-72be-4015-8ecf-a96219ba896a","Iluka Residences"
"0d54b77a-f628-4e67-8033-11ea54a848b8","Il Vento"
"6250a1f2-a8c1-40ab-9b74-fbb0f00501db","Imperial Avenue"
"6afcf646-4509-4f78-aaca-e7420f517ab4","Inaura Hotels & Residences Downtown"
"d2c3997d-745b-4215-8040-2d8f4c2baa3f","Infinity Tower"
"ee69f525-40b0-4809-8afc-1fc4800e350e","Interstellar Tower"
"9a6f77a5-ca0f-4dc8-8ff2-6c2928bd479e","IR1DIAN Park"
"277ec757-a069-4857-9d5e-40143f5a038a","IR1DIAN Park 2"
"8b05d6b7-2c15-4359-be2e-f3c64aad3d59","Iraz Creek Views"
"1b90fdb5-2e4d-4e85-aca2-b51b1a9ffb96","Iris Amber"
"cc299288-af23-4a41-946e-4f3553118ae5","Island Heights"
"f9c0e31a-67c8-4a9f-b0e2-6c9ec33c525e","I'Sola Bella"
"c408d771-1a52-4819-abe3-0524e3c3ebb6","Isolana Residences"
"cd831f12-2aab-48b6-95c6-200b7218d1e8","Ivy Gardens 2 by Samana"
"2632ae6d-28e5-4d61-bcb4-4db273064646","Ivy Gardens by Samana"
"a319d069-921b-4c36-b8c7-0014317ceda9","Izel by Zoya"
"2075cecc-807e-40ae-91ee-8fe13482c44b","Izzzi.LifeMINT"
"61a9fcc1-7735-4822-95ca-c8eba58e3331","Jacob and Co Beachfront Living"
"a0dea42f-dbd0-4315-8566-ba18472156fa","Jaddaf Beach Oasis"
"c37b4b46-5dfd-422e-9277-0b2b718e0983","Jade Tower"
"4eb7f9ec-de29-46cc-ad07-e6c680e6b769","Janayen Avenue"
"8828bfa3-dfc8-47bd-a9d2-c35671e9786e","Jannat"
"2f566635-07a3-4167-8571-cffacb71c3d0","Jardin Astral"
"0d87dcc6-ec32-4507-84bf-2a5bd0c3d472","Jasmine Lane"
"46d741d8-fc6d-4d66-b574-470487686a3b","Jawaher Residences Maryam Island"
"ff565c5f-1f27-4abd-8410-6c9a0c24331d","Jebel Sifah - Olive Farms"
"b611e31c-e9d4-4980-aecf-c85fb9ab5395","Jebel Sifah - Raya"
"0b78cb5f-d0ef-4905-8d78-48ee06aa2b48","Jebel Sifah - Solaris"
"a8795168-a8cf-4c7d-91f5-2a72403bf018","J-Haus Residence"
"f11fe973-7b86-490e-9d7a-88b31225b44e","J One Tower A"
"968af303-838c-4d09-8f51-dcf21da34fbb","Joud Tower"
"7568acda-9bd2-44f6-aa0a-a9f312bf9469","Jouri Hills"
"0cad6a8c-8909-4b11-997e-d446b902363a","Jouri Hills 3"
"428ab67b-af97-4cc6-b27e-97c5eb135f3f","Julphar Residence"
"9e7c77f3-e773-4cb7-85bc-66c7893cfdb1","Jumeirah Asora Bay"
"826b0c48-1802-4aa4-b29f-16b17dc00312","Jumeirah Residences at Al Maryah Island"
"ae1cb38d-0df4-49e8-98ab-d01102340c5d","Jumeirah Residences Emirates Towers"
"8988584c-9cea-4805-af4d-dc5acadac7f1","JW Marriott Residences and Resort"
"914940cd-6b73-4c6c-a663-dfbd7756e6c6","Kaia at The Valley"
"5ccb18a6-df00-442a-b933-61efa874a3ea","Kaia Villa by Atara Development"
"43a33189-6bb8-4100-ad14-ce2386a8740e","Kanyon by Beyond"
"26b81092-5f29-4d83-b567-17d0b0965b58","Kaya"
"475a2d58-d3ad-4ba2-9a8a-0044282b8a38","Kayan Villas 2"
"4386e36e-43f0-4048-a6e1-239be5b1992f","Kempinski Marina Residences"
"f5c64858-e03b-46d8-94af-01bdce5623d5","Kempinski Residences"
"ef55f0a2-f48c-49c3-80b9-2ac22e5f4bc0","Kensington Plots"
"604b9008-94d1-45d4-a92c-881acacd683a","Kensington Waters"
"6887a885-ce6b-4f53-89f4-6b62cfebf1b1","Kentia Residence"
"86e0a3e1-fd40-4728-bf3e-638f9c8383e9","Keturah Reserve"
"a94a5ddf-07c4-47bc-9e6c-d498f17cd564","Keturah Ritz Carlton"
"1e72b7a5-36a1-4aab-aacc-a1edd19bb196","Keturah tower"
"7f68c0a3-88ea-4152-b48d-7044503d45c7","Khalid Bin Sultan City"
"ffaf98ab-53d1-4fd0-8e7e-3cba021194b3","Kingdom Gate"
"3d6e177e-17a0-41eb-bb6a-3d343f34ff85","Knightsbridge"
"15a670a5-b1cc-40b6-9128-4f72c1569e43","Kyoto by ORO24"
"1d1608b3-0c1f-42fc-b5fa-f5c42146de8d","La Cle by MAAIA"
"22a67fe9-50bb-4643-bfbf-6a34ea42ebbf","Laguna Residence"
"c4e35d3a-4688-450d-a88c-c2c261ddd7c0","La Mazzoni"
"85f0818d-0415-4d41-9be0-e0aa416e30ba","La Mer by Elie Saab"
"15053071-6305-4ce1-a52f-0bf062cf4f29","Lanai Island"
"42c981aa-9489-49be-bd2f-c8cc3a532735","Lana on the Park"
"cfdabe7d-4fab-4a5e-828d-7a623765f331","La Perla"
"fc65d2ff-8da9-48b4-8c57-8f33e46129c8","La Perla"
"eb667b0a-b55e-4ae9-8072-16930a998888","La Residenza"
"e246ff24-be63-4b47-8a8d-c42388f2dc7f","La Tilia"
"d40ec58d-4396-4a40-988b-c5fae5ea1223","Laurel Central Park"
"3ab0a22b-dec7-43b1-a4da-5c99fdb8b7ec","La Violetta 2"
"4393d34c-9a0f-408c-a65e-52d561579978","La Vue by MAAIA"
"d23c74df-7ca5-4d90-a2f7-08b9460de5f2","Laya Courtyard"
"3c6d5ceb-e21e-4b9b-bf4d-3f9ed20ed00b","Laya Heights"
"12c65b39-13ca-4d0c-9b86-2be591edb051","Layla Residences"
"99fd1355-f4ae-4cff-bd3c-1e77e381053b","Lazord by Lapis Phases 1 and 2"
"c780d2ab-7431-46e6-809f-927452a73dbc","Leaf Tower"
"025070f6-875e-418e-9c52-5ae118e10649","Le Blanc"
"8dd28a32-2f2f-4ea7-b68f-603872c007f5","Le Château"
"5c75dde9-74e4-4cc3-9350-0e9841eab832","Legado by Prescott"
"7ce6114e-72f0-407d-9160-b929221b3866","Levanto by ORO24"
"e70f9872-4f11-4992-aeb8-ee08902b2f57","Lexington"
"ae16156b-ed24-49d4-a1eb-b47910d04460","Lia by Avenew Development"
"f68f518e-3b59-4018-a5b7-c6c58010a066","Lilac Park"
"aee2b76a-bd46-4d85-85b7-270aec4425d4","Lilia at The Valley"
"e855763d-d209-4c01-a9be-0c3ffcb9ab44","Lilian Residences"
"11a2c891-6e5a-478a-bb5d-aecb49f941dc","Lilium Tower"
"bd3f8a0c-930c-4f53-bfde-c771dd59274c","Lime Gardens"
"56a30668-4b64-447d-8935-6fa9b310a617","Linden Residences"
"ee0be6af-53c3-4515-b886-5f5c70030e49","Linea by Holm"
"1385cd20-85ca-400f-9d7c-f4680fc14072","Liora"
"e80b1129-731e-49b7-8760-441d82a178a6","Liva"
"61ac31eb-c474-4c0a-a123-118c10c995a4","Livel Residenza"
"d17642ed-5b6d-471f-85f3-6b5acf7555cd","Living Legends Phase 5"
"18e73523-9e2a-4245-bd16-b1aced8dda15","LIV Lux"
"47b3a7a2-31d0-4857-9984-cb20d9ce585f","LIV Marina"
"5fcd50e2-03a4-4d28-b4ec-3334752b0fa9","LIV Maritime"
"77019c09-f466-44ec-ae08-ca10e9a70e02","LIV Oceanside"
"fc00c0d7-5ca2-4491-9dfc-39b83c0268a2","LIV Residence"
"9a52ecd7-a3ce-4c41-bd46-5a59d455d1f2","LIV Waterside"
"7210d33e-4333-43dc-859d-0c86de79ae9a","Louvre Abu Dhabi Residences"
"9ed79e27-df11-4685-b832-1f722b46fb0f","Lua Residences"
"97cb82b5-0a30-4ae3-8366-6d0f82e69812","Luce"
"e03d1109-9d7e-4360-a824-553cd1362c94","Lucky Oasis Residence"
"1b539606-8d0e-4b7b-a4e7-a1373169f0ad","Lucky Royale Residence"
"7d01fc36-9801-407f-8967-98e4afbca032","LUM1NAR"
"2b3e0635-5299-4fcd-87fd-7e260d5763ce","Luma21"
"560ec15d-ddf6-41b3-8e5d-fcbd63b13897","Luma22"
"154d248d-e175-4245-822d-1c15eec7ba55","Luma Park Views"
"3f5542ba-f90a-4b7d-9503-282dbcb2d191","Lume Residences"
"0435d07f-d811-4461-a88f-8b761500a180","Lumiere Heights"
"d2ce40fd-d221-40ca-8acb-b47f8453df1c","Lumina Vista"
"2c25934c-0063-4154-9017-7e1cfb249ac2","Luxor Tower"
"fed35d36-5f0a-40b9-a381-2a4ab31278de","Luxury Canal Residences"
"a9eb9e1d-cb4d-476b-946e-7b269f7ec322","Luzora Residence"
"b5b6eae6-1525-4972-98c6-981c464b9dcc","Lyvia By Palace"
"db24d8ba-3ac1-47a0-9a04-2ef591e9255e","MAAK Residence"
"34482e15-ec68-4a4d-ac5d-b5dba797bd34","Maas Azur Residence"
"aec50101-4656-45cc-94d5-9a160b1c71a9","Mackerel Tower"
"6195b66f-4866-4e1c-95dd-65585defcade","MAG 22 "
"6c5b53f1-bd0a-4848-8748-e31b52dfe38b","MAG 330"
"384f3464-db9b-495b-ba61-99c9838f85f8","MAG 777"
"fda4f391-082a-4c9b-b556-7a18f873109a","Mag City Residential"
"74f25045-e39b-4608-b516-6a9fd468fc26","Mag City Townhouses"
"a6223011-c44d-4dd5-9c56-4c1da0e314b2","Maha Townhouses"
"8b1236e8-444e-4736-ad4c-2e67c757ba8b","Maha Villas"
"13112d70-b8ab-412e-807d-6b3964fb3fe0","Maimoon Gardens"
"b06c8367-2256-4f4d-b4cc-dcb1d35d3193","Maison Elysee"
"eafbded0-fc7c-4c80-9cb7-462dd7b1eaf9","Maison Elysee III"
"27370dd0-5406-491f-b747-a150d0fee0c0","Majestique Residence 1"
"9237ca4d-ea71-4ebd-a31c-e9b187747dc7","Mallside Residence"
"391e2dd7-4aff-4804-a3fe-837283ad24e6","Mama Residences"
"f0a3408f-4677-4dd3-9d84-19aa10c22cec","Mamsha Gardens"
"ca152fef-270f-4f9b-9f0b-fd5e0450ed99","Manam Pearl"
"8d5cdb0e-99c0-4ec0-b9fb-13f51d2588eb","Manam Prime"
"722cb58e-0459-46d1-a8b5-a55e71be31e8","Manarat Living 2"
"0f3e09e9-ef5c-42f4-a89f-bc99dd6c0f8c","Manarat Living 3"
"7559bb13-cee7-47e0-8160-5bc532116f43","Manazel Al Khor"
"c7f49e48-22ee-4556-bad8-273ac9f16ffd","Manchester City Yas Residences by Ohana"
"9cb5b124-f0e9-41cc-b4de-b4d25680a342","Mandarin Oriental Residences"
"41908d0e-1e5e-4eae-b106-585f57f3119f","Mangrove"
"60a95cc4-f7e3-467a-a241-227abd6278b6","Mangrove Village"
"b489943e-ffda-4c82-b44e-88523e411ff8","Mansio The8"
"e7c53481-f6e1-461a-95b4-4befb802f19b","Mansory Residences by Amaal"
"ebd92826-aca8-44e6-b25e-41a0c687d44e","Manta Bay"
"96675c9b-6681-4c8f-a69b-f2443c0854b0","Maravea Residences"
"9c13a156-56c0-44db-9222-242668cb1c19","Maravelle Residences"
"732294ae-bd6b-4355-9e8e-67a0b24d94a1","Marbella Villas"
"ae18f231-26e6-4d01-96aa-8900a9215280","Mar Casa"
"8a7718c9-3361-4461-ab63-457b7419c653","Marea Residences"
"5eb3ac5b-7f26-458b-b600-174b610d03d9","Mareva 1 and 2 The Oasis"
"8bf28f8b-a24c-464a-82fa-4e781a01713c","Mariane Tower"
"170b471f-03a1-47fc-9190-e5b6bbba029a","Marina Arcade Tower"
"929c6948-b35c-41ec-993f-06d3c60998c8","Marina Cove"
"b6d874c5-e08c-45f7-87fb-17f0c2c9bce0","Marina Living"
"9b905231-4eeb-48c1-9c2e-994d5d9e5b89","Marina Place"
"0d0a20c2-de13-484b-9e1f-d1e1e65b9096","Marina Shores"
"c4342dba-e257-4c66-9afa-c4704ab3ea2a","Marina Star"
"7ede4f78-6522-4874-be45-9b672f5210b4","Marina Views"
"e02d46fc-fdcc-4a90-b019-5bac84e37d5d","Marlin 2"
"d32b038a-a0cc-4161-b825-c2ee216ae524","Marlin Reportage"
"73899fe4-6701-4af7-8487-879bf5e2c61a","Marquis Elegance"
"68ec97a1-822b-4202-bd57-09cf4f81d4b2","Marquise Square"
"6eb8638c-8f5b-4141-84c1-0855a5eadac3","Marquis Galleria"
"befd00d7-65a5-4c2a-827f-7a7df5c1c600","Marquis Horizon"
"827f0e6f-e12e-478f-b3d8-20b30dc6cf83","Marquis Insignia"
"14e6d062-daa7-4163-85d1-8b004cd80b69","Marquis One"
"bd38ffdf-6971-4ed6-ba88-0e94028498d3","Marquis Signature"
"42f35a30-57d9-47e2-b482-18196dc74308","Marquis Vista"
"cd6a60be-8652-49b8-947c-59e07e5ca3a5","Marriott"
"eccb9369-8bca-4f86-9fae-a9b0f001be71","Marriott Residences"
"b643c8ee-467c-4824-b278-1bdbddfeda3a","Marriott Residences by Dar Global"
"2e0bf34f-fc27-4d66-bec2-1e232f9adca8","Marriott Residences JLT"
"9252ef4b-0d2c-4338-9698-9fee2680bfa9","Marriott Residences JVC"
"50cd37cd-dee0-4540-872d-a2f0818801c0","Marriott Residences Sheikh Zayed Road"
"c3da9494-b07b-4954-b46e-4e4b845dc65f","Maryam Gate Residences"
"0f7ec941-40ea-40c9-8fe1-3e7b8b239477","Masaar 2 Anber"
"31913ad5-71ae-4b24-9410-6bde684f1cc0","Masaar 2 Coral"
"95705e93-e560-4dd7-a811-f3b8545dbf0d","Masaar 2 Melia"
"5d8d616f-5e48-4681-93d9-d8459d7c770e","Masaar 2 Narenj"
"41837d3b-de49-4993-be88-0d29242e595c","Masaar 3 Phases 1 and 2"
"3d53ff7f-d6c9-4cf6-bcff-298462eaa832","Masaar 3 Sedra"
"09e56c8e-0d4c-4cc0-aba9-d8296ccdbd59","Masaar Azalea"
"7a46d09d-a793-44e4-a7b3-7384f542b1d2","Masaar Robinia"
"c2fefa62-1e50-4bbd-8e09-6cc94275a525","Masaar Sarai"
"4ca0d1f1-d91e-4bb7-a60c-cc85f3958107","Masaar Saro"
"87d19aa9-8f42-4cee-990e-0e00a6a72b9e","Masa Residence"
"7ba244a4-1fd1-4abe-bed6-a861e8cd8e13","Mas Barsha Residency"
"2ea27824-4d60-4a73-b838-6d4833765aa9","Mass Residences"
"241cb4dc-7880-43ba-8c13-c17c7ca61a5f","Mas Tower"
"73093db9-318e-450a-9608-1761f772016e","May"
"56f2bf87-b770-49df-9723-cec70a858526","Maya 5"
"2d0fabe9-8a52-4834-a612-97ebb39a0148","Mayas Geneva"
"2dca359c-6c32-43a1-b007-ecf66cd016ec","Maybach 6"
"9ddf094a-b474-4754-9e75-4de835535329","Maybach Ultimate Luxury"
"b88d0a38-823f-45ff-b9dd-2834aff029f1","Mayfair Gardens"
"01a46a46-2b7d-4a1b-94b5-d74d8842ce28","Mayfair Meridian"
"31c728ec-3d1e-4260-9188-f375caa80c84","Mayfair Residence"
"b2932019-c2eb-43a3-886e-4b25a66de25a","Mayfair Vista"
"ebcc0271-326f-445f-b759-37efd44e71fb","Mayyas at The Bay"
"6d00490f-2cc0-42e7-9f5f-2b91d61007bb","MBL Royal"
"648efe04-f84b-48f4-aed4-2d464ada9cab","MBL Signature"
"7a1372d7-293b-45ae-9f48-14af028760d7","Me Do Re"
"435b1c12-e0ef-4d97-a74b-b0c6054f6149","Me Do Re 2"
"f69e1a43-216f-4b67-aab9-718d72b4a5c3","Meera Tower"
"ed7d0ce9-53d0-4fb2-8454-809044a1b6bd","Mercedes-Benz Places by Binghatti"
"2e7fb231-88c1-4c7b-b112-6a9bd856dd79","Mercer House"
"f79b82fa-3319-492b-b4cf-0f9dc5864706","Meriden Beach Residences"
"8cc22ac1-22d1-4174-9fda-0f29d4ed0828","Mesk Residences Maryam Island"
"64c9f9e3-bf19-4abc-bf5d-3430a67a01a5","Mews Mansions"
"ec1f8374-e71c-43be-8118-09452c3ff07a","Miami"
"43a1137e-4d6a-4a08-87cf-14e91ba7b78d","Miami II"
"aa23301c-e140-4412-9580-46241ab63e18","Mi Casa"
"401f7b59-d4b4-4c23-b2bc-7aec74b5321e","Midtown Mesk"
"add13796-0d3c-401d-82e3-41cbfa36e408","Midtown Noor"
"8af12da0-8f42-4cb2-980a-3803e7c74964","Milos"
"0d7e340e-6307-4c1f-b439-d04d0b42b5e4","Minati Homes 1"
"50d9e515-35c6-487f-bb2d-90c662b6b7d8","Miorah by Zoya"
"e3b36dc5-1925-4aa6-a961-1e30ab5323c9","Mirage The Oasis"
"f0a55e8e-20d7-4c67-aa77-284caf6306db","Miraggio Phases 1 and 2"
"781dde94-cb0d-46a1-bfa4-33edfad1ba13","Mira Oasis"
"6dc4c243-6b77-4a82-95e5-70b48db1d215","Mirasol II"
"ab7cfcda-823d-4308-9a18-af5f719a572f","Mirasol Mina"
"67e90e6b-10e7-4bb4-b4fb-fdd667989e26","Mira Villas by Bentley Home"
"d93338fd-aabb-443d-aec1-3f2d57010730","Mirdad"
"44239fbf-654f-4e61-9c3c-044f9e7836c4","MJL Al Jazi"
"369a19b7-8840-4376-a404-f57effcc09d4","MJL Elara"
"40924916-ab22-4be1-9c85-804b4f273e5c","MJL Jadeel"
"b92f50b9-7289-49a6-b0d6-fda2ae006f65","MJL Jomana"
"c48a66b8-b222-4196-9e1c-0814928ebc05","MJL Lamaa"
"28f6bc38-aec7-4685-b803-88ee63a52645","MJL Lamtara"
"04f5e4c1-a128-428f-b6de-b68dcf4b087d","Monaco Mansions"
"6aa34e3d-55a8-4298-b131-e7e8b2033cd2","Mondrian"
"c79d5f7b-ba50-4958-b87d-b5020ec96814","Montiva by Vida"
"a86dc406-6d59-4044-a5f3-7d9404096f0c","Mont Rose"
"594bbbb3-0414-4258-bf6d-17afc3364c51","Moonsa Residence"
"e041e4bb-4a66-4315-b825-4bc9bdc361f7","Moonsa Residences 2"
"6c5db292-6d68-4938-9560-e19d8a3f2646","Moonstone Interiors by Missoni"
"c5ae8184-71d6-40a6-a197-e3a16489ec00","Mudon Al Ranim 1"
"a1c3daf9-58a6-4741-bdf7-6eee9f1f7ab2","Mudon Al Ranim 5"
"d46b66f5-d3bd-4bc8-a1f5-11d8b7a3607a","Mudon Al Ranim 7, 8"
"d160f194-0962-432a-9642-af3ee51c11eb","Mudon Views"
"62c65229-a2c9-4461-ad44-cde532284f83","Muheira Maysan"
"46902d1d-826b-4d3d-8594-6919279514da","Muraba Residences"
"bc1f1a93-51af-4564-846f-7f42452b8614","Muraba Veil"
"88db91c8-5a6b-4d06-bfd6-c757a9ccfa24","Murjan Al Saadiyat"
"98d6498f-3142-4cf1-bf30-cd7ad31a2414","Mushrif Village"
"59fd0936-8894-4318-a111-0b0597a65a58","Myrtle Central Park"
"db4571c2-9c4c-4f82-bfa1-49d5b1705943","Nad Al Sheba Garden Phase 4"
"713cd386-c921-4b80-89c1-6739566d43ac","Nad Al Sheba Garden Phase 5, 6"
"6cb87ffc-cc96-48d6-87d8-65ea317cbf4a","Nad Al Sheba Gardens"
"0d8fcdcd-3928-40ed-9788-4870bc74803d","Nad Al Sheba Gardens 10"
"c81bef96-c981-491d-98b1-d0e77aff6d10","Nad Al Sheba Gardens Phase 11"
"4b228b58-ba70-4bff-9e67-7f7c6a98f0c9","Nad Al Sheba Gardens Phase 7"
"02c4a5d6-d739-4113-a6c3-c3cebcfaec9d","Nad Al Sheba Gardens Phase 8"
"b4de4bbd-2496-41f0-a829-6b1963533013","Nad Al Sheba Gardens Phase 9"
"22415b8d-5ad2-44ba-a188-ca20006cdda3","Nadine Residences"
"3b0d7d4c-1f23-4432-a802-3634ce414bde","NAS 3 "
"64c103ea-d7a1-4396-9db4-27ba4d6d437a","Nasaq Apartments"
"68f937ff-823b-4073-b0db-30f7c3785886","Nasayem Avenue"
"8b6766cd-35db-4254-b4cf-4e076afab7f4","Naseem Al Jurf"
"b194c85c-677e-4fdd-8747-f74bb1e2d8f0","Nasim Al Bahr Residences"
"dbd7df0e-b308-439b-a1b0-201cb4d37362","Nasim Lofts at Bay Residence"
"08cc8e3f-be4b-487f-852f-24bbaed9044b","Natura"
"a87907ac-8258-49f6-bc6f-318c4d578bd7","Natuzzi Harmoni"
"e97c9ad8-7954-43c8-aa18-d8d4d35cc187","Nautica Towers"
"d4d96ca2-98d1-49fe-83a2-6b6d709a8608","Nawayef East by Modon Properties"
"b3e75665-c261-4bac-ab5b-f2f60ef58e99","Nawayef Mansions by Modon Properties"
"487f2f58-6b4c-48af-ad89-526bd44fc590","Nawayef West by Modon Properties"
"0e8fe920-127c-422f-918b-8e6ee4e47829","Naya"
"4db32e73-0c78-4624-8cde-87c1bc3e3940","NB Collection"
"ba1580a2-5970-43b2-a07e-7c80eb12ce1d","Nesba 1 Aljada"
"82d47733-2f0f-42c5-8f23-eed963091903","Nesba 2 Aljada"
"4d51b2e4-07fa-43ba-9469-2b338bae5c77","Nesba 3"
"64485f18-ce6f-47bb-8ef9-b596bf3f142b","Neva"
"880b695a-3042-4f0f-a9aa-5f2ed74c056e","Nexara by 7th Key"
"ae1f4c88-230a-4387-8fec-202e592c9824","NEXT Coral"
"438e7c31-20d9-4440-b561-22f195e8bc8d","Nikki Beach Residences"
"2d6584e4-2b3c-4ab3-88ae-bd86a3185384","Nima"
"cb458818-31d0-490f-965c-b2241f3dbea4","Nineteen Riviera Lagoon"
"840e6d0a-1a76-41fb-a3b5-b85f7a3a2bea","Nirvana Residences 1"
"b4e96041-04bb-4576-8d13-a49809d0da74","Nobles Tower"
"a360fac9-9aa0-4f2c-b915-53197002bb57","Noore"
"a5fedf9c-343d-4f93-a56c-53e6b390e903","Norah Residence"
"ca0d0613-0387-49c0-be97-2f2ff43236de","North 43"
"fe8735fc-a40d-4e0e-ac46-bc485a8ae3f9","Nouran Living"
"07d60417-ab55-40cd-b205-e6cac6a9ebe0","Nourelle"
"240e0158-2ab5-4793-8bb1-adabc4b21be4","Nova Tower"
"94b4e749-6abe-47c2-92ba-cf3b8a91d810","Novotel Residences"
"c2290638-5a26-4982-b4ec-f4af2a62e3cb","Nuaimia Two Tower"
"51d8fd31-7c0f-4e08-9166-701919216500","Nura"
"3b999d6b-a671-43a6-824e-19c354a86f11","Nuvana By Wadan"
"aa92ca19-ef6a-497b-98e2-620113894099","Nuve by Zoya"
"2b18111a-2c80-41e2-972b-10a530df9090","Oakley Square Residences"
"71cfd12b-c90e-4592-bd04-25593a02f3fc","Oakwood Residency "
"ea008d3b-715e-4324-b493-8acbd2963337","Oak Yard"
"8195f8af-fca0-4998-918b-d78592681c87","Oasis Lofts"
"f18ee90f-09d4-4de9-ab34-2dba824d5001","Oasis Residences"
"eca1426c-0710-4abb-88b6-12c073a10cf1","Oasis Tower 3"
"7c5ce0ce-c4db-4ebe-a978-68ff46d6b765","Oasis Towers 1 and 2"
"d4c561e1-513e-4fec-bf1a-4606e6fd09e4","Oasis Two"
"5e790666-6108-4ea7-8be8-ff24740dae3a","Oasiz"
"8451fb18-017c-44ff-b7e7-afd822b9b12c","Oasiz 2"
"50b3896b-a0d4-4f81-96cf-d404ff4f6d19","Oceana"
"a780f4c8-a6ae-43ad-9275-2d54bde1da58","Ocean Cove"
"f64cdbac-71a1-489e-bc72-088208baa2dc","Ocean Crest"
"0d2e75ca-9a09-45c7-8398-12ff829f985e","Oceano"
"f901afc7-a4dc-4d46-b3ea-371a2e71f4ff","Ocean Pearl 1 and 2"
"dc668987-69e1-4d1d-b9d8-f65586ac7cba","Ocean Point"
"112332ea-03f4-4c57-a936-3cb8112706e9","Ocean Star"
"f83897ed-8974-44a6-8212-df14e94b5f6a","Ocean Tower"
"9a6a00f8-f082-4923-ba4b-776d970e2c16","Ocean Views"
"96c14251-edda-4a67-8e64-322c727bae1c","Oceanz"
"a128df56-0d47-4f52-88b3-7a243d0c13cf","Octa Isle Interiors by Missoni"
"f3bdb6d5-b6dc-494d-8928-9cec936b333e","Odessa"
"44361c3b-0a03-411f-bd4a-bc88e0a3aac5","Ohana By The Sea Villas"
"9f7ba73a-0fb5-4832-b213-1b8b9ca42127","Olaia Residences"
"788b8f9f-9a33-4041-880f-62364539beeb","Ola Residence"
"f9fb86a0-651c-4d6f-affa-9b03d4b5734a","Olbia"
"fdd832cd-11d2-4a26-832b-502eef93ab2b","Olfah"
"c7159d5d-12ed-4b76-bba0-abcfa46af1b4","Olivia Gardens"
"66f816a5-815e-4839-b4cb-0602ef0b7ea6","Olivia Residences"
"b20205ef-b394-44f4-a6c7-d8c8579c03c7","Onda by Kasco"
"647b0f98-891b-4fd9-9ae6-728ed0110b4b","One 678 Residences"
"30d76040-c0c1-464f-8867-ff756ed4613c","One Beverly"
"d037cf9c-a6cf-49f9-a6f5-049a5d565f03","One by Binghatti"
"ca632638-98db-46ed-b2fc-031e83b75b40","One by Nine"
"b8610b47-a473-4b07-ac3b-86d31e0a1a6f","One By Preston"
"48c56e5e-6e44-4e06-8bf5-c8cc0d32ff10","One Canal Residences"
"6ac4428b-b45a-4875-9316-4b1bc11ac1a9","One Central"
"203924db-f721-4d0d-97f9-e41c6a2e61cf","One Crescent Palm"
"7c564a99-fa90-454a-8cfe-4c12a0d33a9d","One Park Central"
"5ce7ff66-f170-454a-b53f-a6cef726ca73","One Park Square"
"74fec230-8f53-4fd6-938e-d37de00c1105","One Reem Island"
"07566285-a048-4455-9b2e-48a1ee2dfa5b","One Residence"
"e7597d8b-cb5b-42c8-8193-53052b7b32bc","One Residence Al Reem Island"
"48e757ab-1e5a-4a0d-92aa-3328503054ee","One River Point"
"65a4ed18-947f-4b12-848d-680f7db31171","One Sky Park"
"c550d35a-97e1-49a9-9b9a-b670bb8fda35","One Za’abeel Residences"
"feb5bf9f-cfba-4b4f-a71b-d0e4f80bbffb","Opal by Crystal"
"3ab891a6-3162-425b-abb0-3796b8fcc7f5","Opal Gardens "
"06ec784c-23b5-4c97-b1a9-af6f37090bb7","Opalz"
"800224da-d206-40d0-b2c2-9634515fc184","Opera Grand"
"bc046c7c-56a0-4ff8-b2bd-9db8ae324a70","Opus By Zaha Hadid"
"c6ac9fd0-0e2f-4f45-a5d4-40e030133aef","Ora Residences"
"3604a597-b074-4bd7-ad81-12318f2e554a","Orchid Towers Phase 1"
"bcef1a4d-8b8c-424f-9cd6-ae21c12a86df","Oria"
"0c10b1a7-ba2b-4b40-afee-e4cb4431654a","Orise"
"74b01807-b116-493c-8edd-95895bac797b","Orla Dorchester Collection"
"993ef971-e138-40e4-ac91-2ef8abc0e177","Orla Infinity Dorchester Collection"
"f72bb812-dbfa-4485-bb8d-7988764b50e4","Orra The Embankment"
"9ac9f1bb-8717-45c7-9757-527f6a200715","Orvessa Residences"
"3d40b255-7b32-47d6-9252-ceda85fbcace","O Ten"
"f18bb520-f2ce-4294-b3c4-96febccaa880","Oud Residences"
"5c4c51bc-0c8d-4453-bcef-b2ae23d7f5a7","Ovelle The Valley"
"d5e1dac2-b779-4cd9-9b83-56b09fc595ec","Oxford 10"
"0ac6f54f-fd31-4d6a-81b0-45fd9471f1a7","Oxford Gardens"
"ae2d3cad-fd1d-4f61-b238-cb4eac5364fa","Oxford Terraces 2"
"31b8bec4-1d66-48f3-8b5c-802abb70902d","Oystra"
"05a319ea-b28a-4839-92f1-961611f2ef65","Ozone 1"
"458b06e4-9e06-4291-9521-8bc006de6c3e","Palace Residences Al Mamsha"
"4c4e0528-c752-40c1-ba7a-2a7c3864b688","Palace Residences Creek Blue"
"54be7c45-3409-4af6-844b-1591ca2a0a72","Palace Residences Dubai Hills Estate"
"6f5db663-79e0-43ce-9718-ab357680597a","Palace Residences Hillside"
"cf02a222-3c70-454d-92d8-75a7495d7c0d","Palace Residences North"
"a9e6942c-8f9a-47e7-bb57-db59c7a3bc19","Palatium Residence"
"b2dbc9de-d147-42e2-94e9-24ebf95dc98e","Palazzo Tissoli"
"59a7c5da-e51c-47bc-90a7-057e20167df1","Palm Beach Tower 3"
"70180ba6-a781-49d4-953b-878e3b642559","Palm Central Private Residences"
"cb259af4-125e-4c00-85d5-89bb492fcdf8","Palm Jebel Ali Villas"
"e3ae6197-9d73-427c-afc7-1b43d43b2194","Pantheon Elysee"
"62ade956-5ff7-4e70-89b8-5e0f30f9f07c","Pantheon Elysee Heights"
"5f18c7ca-d17d-423c-9f15-819e8a2d3be5","Pantheon Elysee II"
"f4955872-7b69-49d4-b28c-8611df539398","Pantheon Elysee III"
"f56a36c1-be0d-4545-97c6-1f322e38697e","Paradise Hills"
"911d368c-9fbc-4d75-9846-43b9d6adcbe5","Paradise View 1"
"c3099015-8127-437b-be9f-932bed322ce5","Paradise View II"
"e6df7d52-eb81-4c96-93e8-140df0151e2e","Paramount Tower Hotel And Residences"
"f589510e-0b5d-49ac-827b-bde2308a6de7","Park Avenue 2"
"2b3f4ca0-adf2-446b-9915-1dad14705044","Park Avenue 3"
"f9218a1b-ba17-4b29-bc36-91f35eb28c5e","Park Beach Residence"
"7f90279b-b082-4262-936f-b0419f04d158","Park Beach Residence II"
"89eda22f-a861-4c11-a1ff-e94117816ea1","Park Boulevard"
"6ff85566-5307-40fb-a9f8-d6deaf45c7bc","Park Field"
"def4f3af-88cf-47d6-b53f-39023ee5486f","Park Five"
"7f8b877c-d229-42cb-9ec6-199cdd8adb58","Park Gate"
"e13586e6-8de1-4765-ab34-66101c886793","Parkgreen Residences"
"37d77b64-6880-4f05-a631-946eaab3eb9b","Park Heights"
"125913c7-0403-4522-b1f1-30af86e2ec2f","Park Horizon"
"b98bd226-b177-405e-af55-f90f3b014610","Parkland"
"18933abf-0533-48ea-bc6a-9bbc2e40d607","Park Lane"
"703f636c-c723-4bcb-9c0a-b3f1044e2ea2","Park Lane 2 by Heilbronn"
"9a8c776e-5558-420e-832d-d98df9ab7b83","Park Lane by Heilbronn"
"b91c369a-870d-498a-9a94-1f5e8806743e","Park Point"
"2f1a5f4a-4e5d-4647-9ba1-6496b2749528","Parkside Boulevard"
"91c9f5b4-0c2d-46eb-9dec-a7b7627b174b","Parkside Hills "
"47ebe1dd-73ed-43a0-89f3-74a592362f03","Parkside Views"
"a75e1084-510d-48c6-ac00-5c1e18d4da02","Parkway by Prestige One"
"0498f75a-1bcb-4b1a-a835-9fd060cd4a73","Parkwood Emaar"
"dd9c872e-1fe6-4176-a084-549664225b90","Parkwood Residences"
"d42ff1f6-47a2-448d-b1a4-b51b8aee5603","Passo by Beyond"
"00c21336-1d3d-43e6-9117-ec12e0e4391f","Peace Avenue"
"2f292994-1f81-4680-9a10-a2af498ac8fb","Peace Lagoons"
"67d08480-b748-4675-91f5-ece0c888d077","Peace Lagoons 2"
"5f8e0549-72b5-458a-8022-4529d9949568","Pearl House"
"def730e9-95f7-49f3-b3b7-2d60c4303274","Pearl House II"
"5816f0c7-062d-40ca-97de-b7d8fc1d33de","Pearl House III"
"b686c119-8870-4a73-bad2-2a3232f2ae04","Pearl House IV"
"2cdb13a9-a41e-4bcd-9438-fef557465390","Pearlside Marina Residences"
"f975db03-61ab-4f7c-bdae-2ac0336869d8","Pearlz"
"f8189d9b-682b-4fb8-a76a-9a029b9acbc7","Pelagia"
"049c7ddd-ea1b-4cdc-a02c-a046aa1105b1","Pelagos by IGO"
"f61d062c-143f-4e0c-bf58-79c1203c289b","Peninsula Four - The Plaza"
"cba04412-8fe9-40bc-b33d-96eeff51cb78","Peninsula Jumeirah living Business Bay"
"4389568d-2bee-45aa-abba-aba15b8f6b8a","Perla 1 at the Bay"
"ad5afb2f-9a93-45d4-a272-d8a376f93db3","Perla 3 "
"c9ed4a7a-4c34-4367-9f66-4ef85209c59a","Petalz"
"13ab08b8-c1be-4e00-b1af-6e88daecc6b4","PG Maison"
"8c5c1369-53ab-4744-b5b8-e71f8ad622ae","PG One"
"994421df-d75c-4b20-8085-9fd7cd5ed1d8","Pier Point"
"143db426-9551-4432-803c-c02678e9bfcd","Pierside Marina Residences"
"3c6c47df-d768-43d3-aca4-c1a91e252446","Plagette 32"
"a340636d-a556-4a51-91c7-d7c6983fbd80","Playa Del Sol"
"42e1defe-1ec7-4f86-9424-064f74fe9045","Playa Viva"
"9fcb63cf-b398-47e1-a260-764d7ee2997c","Plaza Reportage"
"97da882d-698d-4722-b063-771cc6d1e722","Porto Playa"
"c8974334-935c-499a-a64a-f6ac4082b057","Porto View"
"c4f242c2-1e6c-4f46-af05-c540cb43d0a2","Portside Square"
"9f0bc42d-3342-4329-b70c-20e396c8ce50","Prime Residency 3"
"d5921e6a-b2ce-4777-893e-24e6e0581c4c","Primero Residences"
"6d7c39ca-8a77-4157-8ed8-c3a14d5d1192","Prime View in Meydan"
"e7706672-b330-4e1b-9ac7-a1ee78f76a51","Pristine Beach Residences"
"53b989f0-7e72-441f-8f3f-8aac5f0adcf9","Privé Residence"
"35484c1f-2ae4-4158-b7ce-43a2e338a9fd","Project Maybach"
"3167b1a3-0829-4a3a-8784-e539be9ab9b4","Provenza Residences"
"38d104b0-fdce-4fcc-be09-64c019199bad","Q Gardens Aliya"
"846ea863-aa0d-4421-a7a7-0785df0a8617","Q Gardens Boutique Residences"
"75441f65-fb20-46b8-81e6-3bcfe52d8f3f","Q Gardens Loft"
"36342bc9-89c9-4e43-a698-32d8fd633375","Q Gardens Loft 2"
"8d7d3558-8c70-46aa-a0e5-10954f8e81e3","Quattro Del Mar"
"cbab2f19-963c-44d5-8989-f2d272ad0672","RA1N"
"7d57a9c7-5aee-41b0-868d-f55ac1330cf2","Rabdan Gardens"
"df019834-d418-4d98-b97b-f532cf1417f8","Rabdan Gates"
"afb18557-7adc-437f-b883-05fa5fc296b7","Radiant Atrium"
"3c3f0abe-6859-4869-a847-0c57fef35a19","Radiant Boulevard"
"3bd3da9c-e45c-41c4-8f81-8cc39138c354","Radiant Elite Tower"
"d0f58a4c-3f07-4e27-a40b-efb3777a0e57","Radiant Garden Towers"
"201dc8cb-30fb-4d14-9b75-752b72786e56","Radiant Heights"
"52372ba5-0f7d-4bf6-9abe-89ca5c2eb9f2","Radiant Marina Towers"
"337101c8-e321-4c8b-b075-9716e1c9b9ec","Radiant Viewz"
"cae5f3c9-0198-4872-b0c6-166764c97502","Radiant Waves"
"a7e2d445-995c-4d32-9d7d-d2df75b3c9c8","Radisson Blu Hotel & Residences"
"7c43188f-e3bf-4697-a92d-96f35712a75b","Radisson Residences"
"027e48f1-fa6c-4d13-819b-0a6df0f6e8c1","Raffles The Palm Dubai"
"d7deffa6-c953-4546-b0b9-6a062a41111b","Ramada Residences by Wyndham"
"8bbde1a2-061e-4307-a973-2c09318090a8","Ramhan Island Villas"
"f0b71ecf-c6fa-47f4-9dcf-a40c67c8983f","Ramhan Island Villas Phase 2 and 3"
"2406723f-29c3-4017-9a7b-3fe95463622b","Red Square"
"3015dffb-9c60-430e-83e9-a5bd8b939dc3","Reef 1000"
"3793bd3b-d7bd-4d19-84a6-b77a12f9b60c","REEF 996"
"1f9efe85-25c9-49ea-96e4-306bb390cefb","Reef 997"
"da361a74-7726-4731-a657-3bcb8a3a46b6","Reef 998"
"cfe5ce49-02e7-44cb-aaf4-efff2ae29d73","Reef 999"
"311cd388-8fa1-4f72-bd32-2b96fd32dd61","Reeman Living"
"4052f5c2-c19c-44d6-b50f-fa70f8f65678","Reem by Vision"
"666ce2d1-54f9-44ad-8371-8fbaeb8e396e","Reem Eleven"
"e98da3b3-76b0-4e7b-93f3-0797b5553df9","Reem Five"
"9ff595ea-fd70-4ee6-96a7-df74b6603747","Reem Hills Apartments Phase 2"
"af05c219-8a99-4072-b3a6-4c7afcfffdf5","Reem Hills Villas"
"eebc8b71-9ff5-40ea-868d-41637dd833d1","Reem Hills Villas Phase 2"
"92b5fd88-e25f-487f-a01c-1870dc187044","Reem Nine"
"1fa30660-d910-4fb7-b838-f028092f012f","Regal Crest"
"adf16f8b-f5de-4f1d-be7a-e5390a3c88cb","Regent Residences"
"a185d1ad-f9f3-463d-8248-4bb660b8756b","Rehan"
"76576fc7-f40d-44e3-b6ed-b46a8ba75d86","Remraam"
"1b238c0e-6ad8-48fe-a555-3703a790fa7c","Renad Tower"
"4698c095-0ec1-4f2b-ac51-52f75c9f685b","Reportage Hills"
"e0b6ec67-2a33-4cda-85c4-42b4877762e5","Reportage Tower"
"be631dcc-b121-4d65-87b7-265570f50135","Reportage Village"
"ea71f8ef-f663-4ded-a4d4-727d5dfed218","Reportage Village Khalifa City"
"00ef5cee-b6ba-4fe7-8b33-e4c73dfd07ad","Residence 110"
"d3d6cc65-bc93-414a-b6f7-d4515e5a4613","Residences Du Port Autograph Collection"
"372e411a-c6c4-4bf1-88db-420628c65254","Rijas Majan"
"069d3770-7b39-440b-a943-b8d5be1621f0","Rimal Residences Maryam Island"
"76be2105-117d-4652-95ff-60edc18af3b8","Rise by Athlon"
"5043bd0e-9f26-4173-84c5-1539d545b6d3","Rise by Blanco Thornton"
"06f8f48a-923a-46ce-a87f-c66e4a08ad34","Rise Residences"
"5b2d4f8d-4eea-4e6f-a73f-4c4ec3bca5a5","Rivage"
"70f0753f-42a4-4b13-b02b-9f80ee971011","RIVANA"
"a34b1cd5-b981-47f0-9ecc-5a29a76c9150","Riva Residence"
"953bf3b8-4a3c-4a1d-a819-b802ec73f27f","Rivera The Valley"
"244daf6f-1f21-4393-a51c-8a41bfd357d0","Riverside by Damac"
"1a8b44ab-6351-4c65-b1ed-3774251ae9e3","Riverton House"
"5744aeb0-5e82-4f65-94d0-df6b3e475cbd","Riviera 10"
"1608a8f8-c559-425f-b45a-279a7f17ea2f","Riviera 11"
"e7fd5b94-5c17-4fab-a78a-367cae054f70","Riviera 13"
"af91c6c2-ae8d-49f5-8a52-0df7642e95a3","Riviera 27"
"0bbe7807-e112-4c2a-9519-32606ad53e32","Riviera 28"
"c97e55da-fdd1-46e2-ba72-0c8a0bd8687d","Riviera 30"
"35063ed0-84f3-46c3-820e-69167a66f8b1","Riviera 31"
"7157fc8d-8d1e-450b-9873-92737e067699","Riviera 32"
"817fffc5-3856-48b9-a935-4ce7d9c8ea83","Riviera 33"
"44adcddc-dc5c-44fe-86f9-681f5174cc15","Riviera 56"
"010c3411-e4ea-40bd-b4de-ad8ed3274d47","Riviera 59"
"ff064026-b9b6-416e-9d5d-7c822f489f7c","Riviera 60"
"584067b6-a1fb-4d05-a402-0a775623e6a9","Riviera 61"
"4f5614e9-098e-42ea-9888-f81d79d32718","Riviera 63"
"9dc41b7b-5c9d-461e-a159-1a4b12113823","Riviera 65"
"4b28433a-75d8-4002-abb5-ba87e5a4e2cd","Riviera 67"
"3592af1a-4ceb-44ec-8f5d-8a6162e12d80","Riviera 8"
"7c937947-c7ea-4127-b6e7-f143748e92a4","Riviera Azure"
"5fdecfa5-6a8a-47c6-9896-e14300c092c3","Riviera Beach Front"
"a194bd99-4eb1-4366-90d2-dc122add3949","Riviera Chalet"
"4bbe06a7-12fd-4547-bf1f-3b5c3c97426c","Riviera Lodge"
"355449a4-e894-48f4-84dc-85e7acc91bdc","Riviera Residence"
"1f5d3c01-9c5e-493b-8ed2-9d368967ba51","Riviera Rêve"
"c9ee2019-0c87-42eb-b867-a82334beef72","Rivo"
"3dd1d527-27b1-41aa-b9b4-2cb634e42ea1","Riwa"
"d9a7fa68-2ecf-4efd-a447-cca145271e02","Rixos Hotel and Residences Phase 1"
"3f1b0998-ea61-40d3-b34b-c64fb6aa9028","Rixos Hotel and Residences Phase 2"
"7a4d1e37-8ae2-4d2c-99ad-e166e69caf4c","Rixos Hotel and Residences Phase 3"
"337b7607-1969-483f-987e-ecb4013f10cd","Rixos Residences"
"6574610d-3011-4b14-b9ba-77a3721fcd4b","Roma Residences"
"adc18a01-fd21-4942-8d28-c1d8f347e27e","Rome by Samana Developers"
"990b19f3-e82a-4220-97dd-3b6c1d290672","Rosalia Residences"
"5b447a3b-922d-43d8-a27e-efa80e986003","Rose Gardens 1"
"f5745e0e-560f-4852-9297-41a81f7c8ea3","Rose Gardens 2"
"36b0a3a6-8e48-4efd-a3d3-f0ba770a8f75","Rosehill"
"205b6ddd-d395-4b4e-83b2-fc8bb7f66093","Rosemont Residences"
"f7290414-e676-4b33-ad9d-f7450a05837d","Rosewell"
"eaf63d47-12ca-4a1b-a82e-c9c044f184b9","Rosso Bay Residences"
"417c49bb-ba01-49cd-9d96-e953f9b5f88d","Rotana Residences North Tower"
"29a6c8d6-36dc-415b-a2cd-8a7a4262489b","Rotana Residences South Tower"
"7f147d38-da52-4940-9525-aaa39cc4969c","Rove Home Aljada"
"537b90ef-d699-404c-8b78-b0d2a87c9194","Rove Home Downtown"
"781bb7e1-77c5-4fe3-8bd1-85f23ba9bc7b","Rove Home Dubai Marina"
"07533728-b544-4c92-afe2-7e8cab363409","Rove Home Marasi Drive"
"ad4f7141-5237-4d57-af10-ba6090e9f4d9","Rove Home Meydan Horizon"
"2548334d-0721-46e0-8301-e9b041b3cfaa","Royal Bay"
"f2edb7d3-aa83-4be4-bea4-574155e3adce","Royal Park"
"59f1e97d-3ef4-4efb-974d-a630e72d2087","Royal Regency"
"a20faccd-4060-4c72-9fa8-1423a412427c","Royal Regency Suites"
"a9d6561d-587e-4540-92d7-320d9305914e","Royal Yacht Club Residence"
"7b2d9c6f-eda2-4e6d-b511-f389e5d0ebd0","RR Residence"
"a04f3e5a-68eb-4859-a7ca-941fba7d9d9c","Rukan Maison"
"07b0ad9d-aa58-4543-9103-2a58bc6fe93c","Rukan Residences"
"71309417-ba57-43c8-87d4-2c74a478266c","Ryze Residences by AUM Development"
"71825bf1-1cab-4498-9c46-82e346482f94","S1LVA Park"
"39c617a3-a6a9-4426-805e-333adc3f142a","Saadiyat Lagoons"
"f378986f-cf3d-40d5-87df-1d3be2fabf31","Saas Heights"
"60500f50-5890-412c-b17b-8d3ca19dac16","Saas Hills"
"f555a81f-d88f-4a5a-b35d-a8c446afa083","Saddlewood Park"
"69408f38-0efd-4a78-a4c8-0de3ed54dc15","Safa 1"
"34a92d02-0282-456b-b386-3115dc33bbdf","Safa One de Grisogono"
"ae570aaf-23c1-4c76-acf8-de74426a49fb","Safa Parkview"
"aa8b9617-6e33-45d3-b66b-83b069a8f7e9","Safa Two de Grisogono"
"b5c48e8d-f81f-4dcb-9390-bbf5318da13d","Sakura Gardens"
"3cc5d858-67b8-4956-96aa-27e332d8a0cf","Salva"
"ecd36bce-4933-4584-ba3d-b99027b40e89","Samana Avenue"
"e093ff54-00ac-4a88-8e98-7ba74760ff34","Samana Barari Heights"
"58ff4a53-2343-4c47-8e21-9f88e576f81c","Samana Barari Lagoons"
"24129391-8b6e-4099-9376-925ab251a80e","Samana Barari Views"
"2b002a6f-89d1-4526-acc3-0128f8d4ea9d","Samana Barari Views 2"
"283b7b49-f585-4f4c-be02-564cbcf8d219","Samana Boulevard Heights"
"cfa90e50-d835-4060-9de4-700619321c9a","Samana California"
"2643422d-9f59-46e0-bf5c-dba1428449da","Samana California Phase 2"
"bddc32f3-6fcd-4bb7-aa81-f55bf526431d","Samana Golf Views"
"50b4de01-0a19-43ae-8fcb-c2406503a72d","Samana Hills South"
"72f782ad-2539-4b68-9f67-c86ffcb69176","Samana Hills South 2"
"28df47ef-42e7-4644-b738-094e82c4995d","Samana Hills South 3"
"ab60375f-a69e-474e-8ca2-2a679f448d58","Samana Ibiza"
"62cd26e4-6c68-4bb7-8815-80bf6ba8625e","Samana Imperial Garden"
"f5964a48-a74e-44bc-8a82-db1c50c0f1b5","Samana Lake Views"
"7a9e0302-4359-4327-8437-a3aaa382a8a6","Samana Lake Views 2"
"bc488db2-be4c-45e2-aafe-af4cd851ea57","Samana Manhattan"
"4cdeac81-8c2c-43d5-850f-8ce4b3331770","Samana Manhattan 2"
"baf8f4b0-8113-4fb3-a13a-113df6778a85","Samana Mykonos"
"a1cf30e4-5a9c-4254-b9a8-1e7e75bdd364","Samana Mykonos Signature"
"092e0f88-ee29-4dd2-8455-3f9a6d1b6024","Samana Ocean Bay"
"0facd043-709d-4f15-a6b3-3332b2197f36","Samana Park Meadows"
"4854e29e-2a76-45ba-9476-4acf7bee4588","Samana Parkville"
"3ba3ee60-fb62-4a61-8058-f57da6d71eaf","Samana Portofino"
"0f05f2be-6432-46af-b3fd-05864d45c7ef","Samana Resorts"
"e18d708a-84ea-4a2c-bb1d-75dfd5ee0ede","Samana Santorini"
"cf92c942-43e1-41a2-9ac8-7066ed34d50f","Samana Skyros"
"17ada863-42ab-40fc-bda8-aecb0428c972","Samana Sky Views"
"fc897319-c935-4dc1-bdd7-66caf231ded5","Samana Waves Phase II"
"630e2292-35f3-4090-be3b-1ad349db81d4","Sama Yas"
"c1a3d3c7-50f6-4a6d-90d1-76ce91ffd05f","Sanctuary"
"bb4e6331-6164-4fed-802a-a1c36d1637d0","Santorini Residences by Loutraki"
"c0f85802-a89d-4239-a40b-edf9f649cad1","Sapphire 32"
"7f2707a6-a739-4d61-88a8-d8dc808d5041","Saray Prime Residence"
"949e843d-04de-4d38-b373-54060d4b3853","Saria"
"d743bd4a-e739-49ab-aed4-d21da08396f3","Savanna"
"49a114f6-af12-419a-8e45-4f16327342f7","Savannah"
"194b3c93-9891-474c-8308-b19eff6953ab","Sea Glints Mansions"
"9a65c678-ef1c-4f99-b4d2-d489c5858490","Sea La Vie"
"e8fc7093-281d-4a79-9c7c-a95c374b24af","Sea Legend Tower One"
"d2e74010-6e3e-4376-bc6c-191212c4d393","Sealine Residence"
"5f4a37eb-ebc0-4a28-885d-502acae7b212","Seamont Autograph Collection Residences"
"9bc618b9-1638-4c5a-beb4-90787772d05b","Seapoint"
"18aaf387-d046-4cd2-bfde-91ce3bb5460a","Searenity "
"e7c63a0c-97a4-4f9f-b560-809075c5de54","Seaside by Prestige One"
"07b0be38-b368-49ba-bc59-b70bb43262ad","Sea View Residence"
"093df8a7-55cc-49ac-b772-2b7a5a88562e","Selina Bay"
"3223c7de-6c74-481c-abc6-2b2f3657489a","Selora Residences"
"47323ff5-5231-4106-a601-27f6310d87a2","Selvara"
"04436ae4-40f8-4ca2-a4ec-f1332707e522","Selvara 3"
"54b072c1-bdcf-4d74-b41b-0c2c404363b6","Selvara 4"
"dd2a6005-0ae5-4df9-b088-9d5807e882fe","Senses on the Fields"
"b976ea49-acd2-4377-9f7e-65438d3558b8","Sensi"
"79609571-5eb4-4aa6-9ed6-b4c6e4a76696","Sensia"
"fad4645e-660b-4786-8af5-70a16b63b9f1","Sequoia"
"cc329f18-a3b2-4f00-a634-7504fa17f755","Sera 2"
"93e707e8-5717-4c68-a665-4f4f342272b2","Seraph By Wadan"
"8434b4db-c535-43a4-9888-f8d4e65a917d","Serene Gardens"
"6954a90f-5aaf-4cf7-b5bd-9837d2313ee6","Serene Gardens II"
"d8e21127-c415-45d4-9d94-efc5a390f953","Serenia District East Residences"
"844962da-8822-487e-8012-16ec7e9a6cc1","Serenia District West Residence"
"3bd10d14-ae0e-4b58-abd1-739a08b5ca76","Serenia Living"
"89d63da2-f861-45a0-9264-79e668cb6a62","Serenity Lakes 2"
"01eef454-cb8a-4c6a-a3c3-f1c7a35ce4ac","Serenity Lakes 5"
"c5bf84e4-9ca4-4e6d-8441-420302209739","Serenity Mansions"
"f82aff24-aa36-4638-86e1-321f8b4a5b6c","Sereno Residences"
"b813dea6-dad7-4f10-bfad-5480dcb2bbe5","Serenz"
"23277d9f-de6e-465c-9b43-d45dc45ffff5","Serro"
"e2081dea-b34d-4c4e-ad07-7cb412ab1f19","Serro 2"
"0d045fce-4335-4c15-b569-e52612c73197","Seslia Tower"
"2b5dd849-aab8-4784-8a8d-d11c3e4c9f0f","Seven Palm"
"433b2435-971a-4646-92f1-38a8a6d09467","Shamsa"
"f373dd80-66c3-43d6-aa89-8c39a7e24088","Sha Residence Emirates"
"ed6435c3-7d33-44b5-86f7-94c10aac0ca6","Sharjah Sustainable City"
"f438aa45-2e66-4e8d-964c-845f0c6483ec","Shoreline"
"92162077-5dea-4b9c-9a05-f2fe96e46842","Sidr Residences"
"1a71dec8-62f9-4c8f-8c33-d6048ecff2bd","Sierra by Iman"
"e38d9a2f-68db-4ba5-b941-7e8c271b723f","Signature Mansions"
"1fdb97b4-4ea8-4055-be12-6d0adef1936f","Sila"
"06457c17-8192-40f6-806c-4785331fd8a1","Silena Residences"
"804ff6c2-abce-4956-bf32-c0da70b72278","Silk Leaf 4"
"d64c03ce-0cab-44d9-abf3-824d8c4ca35f","Silva Dubai Creek Harbour"
"62e01fbc-63d9-493e-8626-2992f5766743","Six Senses"
"a38940ee-f2fc-4294-9858-0cd3f0fa7f60","Six Senses Residence"
"0eff7bce-69b3-40a9-95e0-003a2011378d","Skai Mina"
"efa584c9-c22b-4e67-b112-1d5d6211d4c3","Sky Gardens"
"676c73f9-b221-484c-bb3f-ff168596c2f1","Sky Gardens Tower"
"dfba9d7a-3eb8-49f2-904e-9162e910bbb3","SkyGate Tower"
"db296b40-7c9e-4037-9046-48795276a8cb","Sky Hills Astra"
"a25aaf98-db1d-49a4-a435-82fcccff8c09","Sky Hills Residence"
"ce0169b5-8a9c-49e4-b175-661c7e8ac511","Sky Hills Residence 2"
"2ded3622-3c72-4f26-93e3-3e023e088fa6","Sky Hills Residence 3"
"1e400607-4855-48cf-894a-48dea56dba54","Sky Line by Peace Homes"
"47fe2763-d062-4dd1-a3ad-953020f1ee4b","Sky Living"
"d6b0e4fa-48e6-480a-92ee-79b4af39c00e","Sky Residences "
"1ae64bab-56da-4f57-af52-f8d056c8ebdc","Skyscape"
"41c864e1-6dc9-4194-8f8e-2e89122077f3","Sky Suites"
"d6ab92e5-3d1a-443a-9af1-de39821d54a8","Sky Vista"
"14c25412-91ec-4400-b4f8-11e65365839b","Skyvue Altier"
"e4ee4428-f550-4449-9e08-bfe3366b72c6","Skyvue Solair"
"6c69f2c8-3900-4c6f-9145-29b46772dd8d","Skyvue Spectra"
"9e0032a7-891d-449f-a2bb-f79f880368b8","Skyvue Stellar"
"a021fb9c-ea95-4ded-9ece-06c6996ffbd0","SLS Dubai Hotels and Residences"
"08b093da-c425-4af2-923d-362ce2ffd072","SLS Residences at Palm Jumeriah"
"d78ea817-4813-4778-8538-4914cab54a73","Sobha Aquamont"
"2e68c4c1-9289-4f08-8d11-f2e8c5feb7eb","Sobha Estates"
"e94fc60c-6738-4141-b234-faad63f9589a","Sobha One"
"3dec485f-8b0c-453f-8037-f3b07d712579","Sobha Orbis"
"1bcc38c8-efd0-492b-8403-2adeb8a14349","Sobha Reserve"
"f2a6e076-2b0d-433a-9415-4feb4e26a3d9","Sobha Seahaven"
"edf3eb17-cf45-44e5-ae80-5bada7bcb7f1","Sobha Siniya Island Villas Phases 1 and 2"
"c40bc8d6-c225-4a16-85c5-f134fe230090","Sobha Skyparks"
"5b87ac64-2515-4159-8764-03e983636677","Sobha Solis"
"35e56541-c666-4a70-b298-69854f9b39d5","Sobha Verde"
"5b6f5096-30e2-4c16-8731-7ee401b0844d","Society House"
"0e337192-cabc-4000-9d8b-d7032321c897","Socio Towers"
"472b6f82-8c50-485b-8141-01315f7ff5d5","Sofitel Residences"
"c1abc3f9-e851-4ea2-9cd2-f8df97194ccd","Sokoon 4"
"7c867929-0583-4cb2-a7b5-efb8aaede1a5","Sokoon 5"
"248f520d-4b03-49e7-a66c-a7c3c7e39d28","Solanki One"
"f8cc3e07-6b47-40db-8fc7-41174ded42bd","Sola Residences"
"89d6bdc0-0ef8-43f8-ab20-0e7d2891c187","Solaya"
"528e6603-d9b4-4726-9555-64d92a187d0e","SOL Bay "
"4b820c07-f0be-49fa-a186-153e36fa8e5f","Solea by Taraf Holding"
"1de16724-fa85-4f08-bde3-2a0c47a60b0e","Solera Downtown Mina"
"335b7da3-af09-4f94-b455-ed2b14e5daa0","Soléva Beach Residences"
"8e7e9238-c9c9-4b12-bad2-2987c8e4f591","Sol Levante"
"0c745432-2852-4112-a20d-dd683851d9b2","Sol Luxe"
"cb342360-1c17-4c9e-a0ba-6e21c819f3b7","Sol Park"
"616e456c-9aa8-4100-b389-f28b22bae3bd","Sonate Residences"
"79006e72-4fb4-425f-ae73-c5715bf4b406","Soto Grande"
"aea2369f-e3e1-48ee-8684-f17359186b88","Soul by Vision"
"ec3b15dc-3f6b-4d93-a180-e268bd898164","Soulever by Beyond"
"368f590d-b1f4-4f23-be63-247d46f9f5a9","South Bay"
"69f49618-5d15-4e39-a4c6-e5919a42ee44","South Living"
"3e44667e-48a1-440c-b39a-f70ebffd5965","South Square Tower S1"
"01f5d3a8-5f1e-42c9-9b51-df7ff1953496","Sparklz"
"f5437463-0d53-478f-a583-59d03dac1686","Sports Tower"
"73385c7d-f7d4-4bd7-9e37-8b690f2f7271","Sports View 2"
"8f2b33dd-924a-4a03-8d3b-7e97617589ec","Sportz"
"97c9990e-960d-40b2-86ff-8cdeda97c01b","SquareX One"
"b9133949-596f-44f3-bfd0-6e3616c65ffa","SquareX Residence"
"42569af2-0698-4689-8717-290e6c4508be","Stamn Nautis Residences"
"b87c9ca3-46b1-4991-bef5-da0dbf735fdb","Stamn One"
"ecae0eed-f39c-4330-b400-e131c81035b2","Stamn Yuni"
"f0727e0c-f67a-4904-9705-7852696446f4","Starlight Park"
"76b24f1b-f148-4c0e-885b-a0081b70d0c7","Starline Beach Residences"
"9374dc68-78d3-410f-becd-936cb9d3baa7","Stax"
"3c7b42cc-b53e-4169-85f6-feba3104f7b1","Stellar Axis"
"68f3f8b7-7cc8-4c3e-b4d8-eb61359b3e0f","Stellar by Elie Saab"
"c42bfb02-d399-447e-b987-6f61626ebd79","Stonehenge 1"
"2b5b2110-a2de-4707-86ff-c690c7b62a60","Stonehenge II"
"5a1dd117-f5b4-4581-a8e7-4db1b2c7bbff","S-tower"
"05358240-c56c-44ed-8366-e75141db3326","St. Regis The Residences"
"63a4a4e8-59ba-4167-b553-129e7d1d9055","Suburbia"
"cfcc1df9-9ec1-4536-83e4-a8e9ff37c8fe","Sukoon by Sanzen"
"e13e3eba-404e-4376-85b7-118b115242b2","Sun City"
"cf056e0e-9b03-4047-b00e-f2e7d27dd47e","Sun Island Villas"
"e50ad4ad-15aa-4425-9fbf-d1bfc24fe9d2","Sunridge"
"dc65b149-5fe5-46d9-b199-f0fa5d536b06","Sunrise Bay"
"f895522e-da29-48af-8926-3d96dec47837","Sunrise Haven"
"3634c9f9-d62a-405b-9172-cc70665dc56b","Sunrise Living Villas"
"7de43ba6-2d67-4ea8-9a67-9465798fbe0c","Sunset Bay 2"
"606e357f-f83b-4b22-bb47-67fc6ab20384","Sunset Bay 3"
"ae4fcbcb-45b7-4060-b867-44b91e0b827b","Sunset Bay 4"
"02d84662-1cad-45bb-a171-8a51fe38c8ba","Sunset Bay 5"
"975b84b4-cd9f-40b3-a91e-e312b8e2bd12","Sunset Bay Grand"
"faef91d7-f545-49bf-ae3b-821cec0d7ec5","Sunset Bay One"
"8ed652c5-28b1-4f7f-8e1f-f331857fb9a6","Sunset Grove Homes"
"d3b5cd83-6b6a-48b5-8ccb-d35e921c2cde","Sunstone"
"1ec781e5-2066-4ab2-bf52-9154dcddcbf2","Sunvale"
"23ef54e3-582c-49a0-93a2-7dbd86f62887","Supreme Residence"
"f86b3b05-796b-4e4c-abd9-eb39ea46c5e2","Symbolic Alpha"
"b51de8a1-eb66-474f-8eec-d684fba459ab","Symbolic Altus"
"dc02e58f-b4b8-4ba9-813b-505c685fe62a","Symbolic Aura"
"43421671-78ab-4ced-ae09-7517550f9619","Symbolic Zen Residences"
"3542bf18-72e1-4264-b60e-d7af8ab77804","Symphony on the Рark"
"b868041a-2e0e-4098-b5c6-8328e2e7d260","Tabeer 1"
"b08ed073-ddc7-4ff1-a5a6-8594261b1702","Taiyo Residences"
"695cc66f-b762-46de-aab4-6a21be937f8d","Taj Wellington Mews"
"7cdeb231-a25e-4a15-b787-ba08d04a8323","Takaya"
"9f058e7c-1f75-4cac-8f69-f6e99c235b66","Talea"
"5bb3817d-c5b8-45ca-88c9-b42f672e5f71","Talia Residences"
"8ca003e3-adad-4df6-86ca-23806242381c","Taormina Village"
"0673c122-a90b-46df-9db3-e91b17d40eec","Taraf Karl Lagerfeld Villas"
"90424717-2d87-4828-9e4a-1727fcafb01b","Tara Park"
"b2d4d444-2aa0-4382-99cc-0728e4d3d532","Tavora Residences"
"bedf2dbb-98f7-4ed3-8e81-378ce067a4eb","Tenora"
"5d92ae88-a654-4f72-8c9d-fc17857f11e4","Terraces Marasi Drive"
"75d0ff7d-0e53-4408-a6ea-afa0fda8cc05","Terra Gardens"
"af95f882-0e75-4f2e-b525-7aa58d215c40","Terra Golf Collection"
"4d172540-a1ca-4eaa-82f5-e5ce2d714ed1","Terra Golf Collection Phase 2"
"1ceddc18-4cfb-4bff-9f36-6553b7cdb448","Terra Heights"
"8ad09ef3-8a1f-48c0-8303-11818fadc4a4","Terra Tower"
"6a4d62af-d245-457b-ba25-1e3453069f04","Terra Woods"
"a2b357f3-7bd3-4872-aa8b-1b132b212d61","Terrazzo Residences"
"d0fa1866-5f86-45f3-9b46-a68e581206ab","Terva Homes"
"8dc4d406-3195-4bef-89da-61506e4bf2df","TETR1S Tower"
"5138876b-187a-4cc4-ac44-936d7dbe9154","The 100"
"d27e4ed7-a5f0-4484-a128-3867418aab40","The 971 Villas"
"df53992e-1407-4080-9825-a404197dd96e","The Acres"
"85342861-676a-4761-9d50-61b2a47ca842","The Alba Residences by Omniyat"
"39165400-3d45-4ab3-94c2-cce4b688eabe","The Arthouse"
"92f92170-7d95-43a5-8722-dfe433aa2c2b","The Astera by Aston Martin"
"eebca846-9432-4a49-80ed-9a39cb3acc03","The Atria"
"4851fbaa-6713-48f7-bcc5-5db094ecdfb4","The Autograph i Series Residence"
"5b6c87d9-158f-40d1-9f46-82e904d1a6ec","The Autograph Residences"
"a700d432-a94f-4413-a339-5306744dac49","The Baltimore"
"944d6331-a6ae-404b-acb3-11abab061c5e","The Bay Residence"
"5c2a909b-47cc-4a91-8b65-dc497f9254c6","The Bay Residence 2"
"8a88ef14-25da-4430-af67-f764aad4c97c","The Beach House"
"d5024da3-b134-47b2-8f14-1151a3739d1c","The Beach House Fahid"
"045aec5b-7e53-43e4-80ba-282dc96a21e1","The Beach Residence"
"50786f97-f48d-40f5-9525-a9458787bf6a","The Beach Vista"
"f8d4296b-1e56-40a4-9125-70e8c00a14cc","The Berkeley Residences"
"8d233310-ec57-4443-9d71-5c6c6e6f282c","The Biltmore Residences Sufouh"
"835c91eb-949e-4875-b07b-e222da613455","The Blue Beach Residence"
"73f0c19e-b549-4397-8f5f-96e79d41de69","The Boulevard"
"a38ba295-57a7-4863-b774-24897994fbb5","The Bristol"
"4026fe48-6b6f-4238-a9aa-f9153fba963d","The Brooks at Sobha Sanctuary"
"db3b473a-d35a-4e56-8e1f-5c7917c7b465","The Caden by Prescott"
"7f216150-62e4-4650-ab8e-1c170a0af2c4","The Central Downtown"
"4ed87eb4-5395-4568-ac46-62912e9be72d","The Chedi Private Residences"
"52bb94ab-ec1c-40c2-a3b6-167b97141956","The Collection at Taiyo"
"c3ab5986-b2e5-4bb7-b2e0-9c35b9897d61","The Collective"
"3e2c6bb4-371d-41bc-8f98-3659bee7a313","The Community JVT"
"161c4df0-3be3-4abb-a8ab-cc6d9e130e15","The Community Motor City"
"7452f2d7-0806-49f1-8949-17540bdc1085","The Community Sports Arena"
"465f6c6c-8196-4b81-95ef-f7a66764d8ad","The Corner"
"544a6b30-0c18-4a4c-9b87-9e276f273876","The Cove II"
"9e4710c7-9976-4dbe-8c5b-bfdd78b5e01d","The Cove Rotana Resort"
"621d74a8-02e1-4a5a-a420-1b74f29f7bc9","The Crest"
"ee488b7f-676e-4ea1-ba56-1fadcc8a2658","The Crestmark"
"fa8193f6-551d-4e4d-b8ae-97c4142103ad","The Cube Residences"
"2be6df29-abec-4fe8-9a06-cf9bee9388d5","The Diplomat Residences"
"d7449bd4-133f-4e47-b8b3-ff88c805069d","The District"
"d96feffa-527c-4c11-9a97-0f90f3039c6b","The Eden at Sobha Central"
"01b6eb35-ac69-4122-b408-e6115224122a","The Edge"
"c9040c87-b407-4364-a437-35e736462da6","The Edit at d3"
"ca6ecb82-b62d-4afc-bf8e-680ea37cee84","The Eighty Three"
"ae2d890d-ae5c-476a-926a-4d7c0a0672f2","The Element at Sobha One"
"a9ae32d2-2cc8-4181-b60b-0ab0c2c4abfa","The Elysian"
"d8eb516e-2731-412e-8c08-24d44e807adb","The Farmhouses"
"fd9aa9e1-0afe-4ebf-8602-77ad2c242341","The Fifth"
"6baeef5d-f82b-47cd-9977-8a671e61a854","The Gate 3 and 4"
"fe1ae444-216b-4ac9-834c-d36762e36b7c","The Gate 5"
"dbabdb33-67c3-4456-ab2a-3246c4f25479","The Golf Residence"
"8b6b9770-6232-46fc-8ff2-2e6f791af80c","The Great Escape 2"
"e3f540de-2337-4fa3-b41c-95cd320ea6a6","The Grove"
"cffb530d-11a3-4cc1-bd4d-8ee61fe53e35","The Grove at Sobha Sanctuary"
"7ada05c4-1db3-4f2f-9a8a-d38c01034034","The Hamilton"
"2418988c-8289-4cd9-a0e2-902bc1e55daa","The Haven"
"b80f96f8-5784-445c-a5f0-6a756867777a","The Haven 2"
"733cfc17-053c-4e45-8491-51f919c26621","The Haven 3"
"0c2797f4-9938-4c93-a419-38d8df23c854","The Heart of Europe - Côte d’Azur Monaco"
"85b66956-c065-4b0d-b90e-342775a73ba5","The Heart of Europe - Germany Island"
"a247a271-6416-41bf-910b-b9a9fd7c6382","The Heart of Europe - Honeymoon Island and The Floating Seahorse"
"26a69e0b-5ccf-4cb7-aeb2-7d37b8f5f22b","The Heart of Europe - Marbella Resort Hotel, Vignette Collection"
"dd77b6b6-7e1c-45bf-a938-f2a3b60238fa","The Heart of Europe - Sweden Island"
"de9036e7-91b6-4b65-a566-12aa196b45dc","The Highbury"
"cd69e8c9-bd0b-43c0-83f0-aa0f7f4543f6","The Highgrove"
"5455d245-185b-4880-9955-afe14100ade2","The Hillgate"
"e80a94f1-d020-4520-aa95-01c4c5892abd","The Horizon at Sobha Central"
"ffb7e629-c439-41f3-90db-a7d011255aa6","The Icon Tower"
"262fe82f-38ce-4399-926c-cc5c52268058","The Lakeshore"
"28e6084e-379e-414d-8141-a2de12788d4f","The LANA Residences"
"8a374509-2d20-437e-82f1-68bb44bd2b37","The Meriva Collection"
"b7759e38-49ad-4a7e-ac39-fa95bb0c2630","The Mirage at Sobha Central"
"099ee226-6391-4e60-9541-db5b41d3dacb","The Mural"
"f977af13-fa6e-4046-9b8f-9a53ef633391","The Oasis Address"
"96371956-7a49-4d1f-bcda-9a530ff91142","The Oasis Palmiera"
"a22bc688-901a-4e7f-8118-bf85066151c9","The Oasis - Palmiera Collective"
"97b4bd88-b4d7-48bc-8698-1008402e5507","The Orchard Place"
"d5398b95-72d7-4ac9-a709-a36e64189e9a","The Pad by Omniyat"
"c9fec8f5-0cb8-40c2-840a-e532d68add98","The Palace Villas Ostra"
"a1d71f92-e1da-4545-b78e-cd91cb444ef4","The Palm Tower"
"2b6d8cc0-6c20-40b7-85dc-5a9e286352d6","The Paragon by IGO"
"42f7e608-226e-4d2c-8fef-77b614e18d73","The Pier Residences"
"41922311-6e5e-45a9-92c1-a18af2ab4eb2","The Pinnacle at Sobha Central"
"92512acb-b2b2-4728-9b4c-0c5e89550496","The Portman"
"26e9b719-1b52-461c-8d41-95ef2852ab78","The Quayside"
"aee470de-35e7-4d3e-961a-f7970838574c","The Regent Residences"
"d89d5b68-6150-4d41-9995-ee6b59f67600","The Residence"
"6c6e12a9-40f9-4832-8405-54f4af743f57","The Residence by Prestige One"
"27de32c5-8aea-4b0e-a11d-832c95cc2b17","The Residences at Sheraton Al Marjan Island Resort"
"1374d1bc-3f00-43de-a564-92ab35d5e792","The Residences at The Dubai Beach EDITION"
"4ac7c6a6-4b56-48ac-9b32-3142232cd0f4","The Residences DIFC Zabeel District"
"f10ff30b-64ed-4e2c-9afe-6a662191b694","The Ritz Carlton Al Wadi Desert Resort"
"bcb514fe-b9ac-4c3e-9830-2189cb8fa34d","The Ritz-Carlton Residences"
"aecf89d9-da41-4f4d-93a5-a62c9b9f7917","The Row Saadiyat"
"1a88a19b-afc0-4594-9019-d38ea7eb54f5","The Royal Breeze Residences"
"92c39ace-633a-4abd-812a-e306db4537cf","The Royal Yacht"
"588103a1-34a2-4b27-9384-4beeacf6e437","The Sanctuary"
"d4e2a6d3-ed46-4879-a7a0-373922d753c7","The S at Sobha Hartland II"
"43bdf2ca-1dcd-466f-9f8a-af1b9088556c","The Serene at Sobha Central"
"32bcb1f7-5f40-46f8-907a-91d71de6d86f","The Source"
"2562dfc5-8fff-4661-928d-f54152539ed0","The Source II"
"4b0fd9b0-2ff7-4ec5-949c-9c5b25751f2b","The Spark By Esnaad"
"8a4ffae0-f0da-431e-be61-9ddf9c701943","The Sterling"
"7efdef68-252a-4919-a374-ccf752efacb1","The Strand Lunara"
"2c17d1ce-fb90-4c5b-ac48-796bfce62142","The St. Regis Residences"
"faf5124d-f97b-459c-88f7-b7b3b583604b","The Symphony by Imtiaz"
"26ec5f7e-ec3d-4990-bf4f-4efca887b586","The Tides"
"3eb99d6c-11ea-4e52-a841-f17e808a8a39","The Tranquil at Sobha Central"
"f29bcfc8-a7cd-40ee-bea9-4312bb461d95","The Unexpected Al Marjan Island Hotel and Residence"
"f363ad7c-1adf-40ec-9fe1-3ef014389897","The View Island"
"ddb05f74-7018-4bd0-a0cb-608272bba94c","The Watercrest"
"d90d8439-53e2-41f3-94a0-61eacec988bc","The Waterway"
"d00ab949-3acb-4c1c-afd3-43393946f6d1","The Waves Business Bay"
"48391d63-d29a-457a-a457-342acdb6d907","The Weave – Al Ghurair"
"49da940f-f942-462a-96b5-2425abd114e4","The Wilds"
"e365f54e-5de0-427d-97c2-d49b28770665","The Wilds Residences"
"68d09d54-2897-4c02-8f87-e3a493dd6cd1","The Willows Residences"
"61e247eb-6e82-4427-8399-0f0234c90d40","The W Residences"
"54931bca-a78f-4be6-bb76-f14e1a1d2f82","Thyme Central Park"
"00d76b49-e5c8-45cd-8d5b-3628e352d9b8","Tiger Sky Tower"
"aa518c0d-1021-4447-aea4-fa143e1fcb31","Timber Terrace"
"1a129662-68a2-4826-a66e-23f162feecfb","Time 2"
"86e475be-9174-43ff-b3ac-c12d5eedda40","Timez"
"cf061e28-50bc-4a66-a4cc-e2bd04265785","Tiraz Apartments"
"c3e4ded3-5d5b-4f1e-9f61-68f67254a3d1","Tomorrow 166"
"9be01174-4fae-400e-8af6-6c2f632c68d7","Tonino Lamborghini Residences"
"aca7cc4e-2faf-4458-b459-7aa57beb3ed3","Tonino Lamborghini Residences by BNW Developments"
"afeaea36-0119-438e-b50b-3c6c8fd1b972","Topaz Residences"
"13c27b31-98c7-4516-84e2-1c6f2ef89c0f","Trafford Residences"
"40927d3a-2c71-41be-be0f-ce6d06f95a00","Tranquil Beach Residences"
"c2b52282-977b-41eb-8544-32b276c292fa","Tranquil Wellness Tower"
"db63fe00-7bbc-41d1-9449-8f7c6497ae56","Treppan Living Privé"
"8a81f3aa-87d7-4bde-8946-32286836bc61","Treppan Serenique Residences"
"19a5777c-b4ef-4078-a340-a8d265016ef8","Treppan Tower"
"c90894af-f2a1-44b7-bb8f-4a58f58e9241","Tresora by Wadan"
"5786b370-e51b-4187-b6f0-9aec8451be9b","Trevino"
"a97ba2bf-b2a2-460f-b9cc-19c0fe4984a8","Tria"
"ba363038-379e-4b0a-be5b-13ff4b5c418d","Triana Residences"
"9beb2fb6-52d9-4a05-a2bd-28b6f1f6d0dd","Trillionaire Residences"
"6ba21ecf-f40b-4d1c-b081-ba655e441fca","Trillium Heights"
"7ecdb642-c10e-469f-9348-1e20a6adfb8e","Trinity"
"94126161-d694-4a35-a0b9-3e08c44fcd58","Trio Isle"
"7096942d-102c-40ae-899f-bb81b0ba2374","Trump International Hotel and Tower"
"cc405ffb-f620-4409-8045-11ee04b84b41","Trump International Resort"
"db227bac-657c-427c-81a3-e47f92b5a3be","Trussardi Residences"
"b278e7be-1bef-4c3d-bf19-7a3a8d2ab24d","Trussardi Residences Phase Two"
"63514196-f166-4580-b663-7dc00ce0f656","Tura Residence"
"c5313134-6512-4e64-b448-5ad4a7c3cb3f","Uniestate Millennium Tower"
"b1ba229f-8c2f-4c67-9589-789ed0cbcd92","Uniestate Prime Tower"
"a0a97374-8c0c-4430-8279-1aa7269d3743","Uno-Luxe"
"e54ff7a5-886d-434c-ad18-60c0431e3a2a","Upper House"
"901c899f-2e37-40fb-875b-0b1237fbfdea","UPSIDE Living"
"7cce8b9f-4607-4eb7-a32b-e1655ab5535c","Uptown Al Zahia"
"c4b967f1-2bb7-47eb-b672-19379c256768","Uptown Tower"
"ca0c6ac6-42c4-40bc-8478-2977cf82f948","Urbana"
"0d9b6434-5219-47e6-9101-28f5e1544434","Urban Horizon"
"91827ca9-2ef9-436e-a72f-193c5c3a447a","Urban Life"
"2bad4483-16fe-45a8-aff9-dbc70e9677a6","Urban Oasis by Missoni"
"35682bd7-23fd-433d-85c2-c8f80e6c1dde","V1STARA House"
"18b61659-db71-4c9f-8fc6-a1e92da09e6f","V1STARA House 2"
"153caf10-9a02-48fd-9b67-cc50909d23e9","V1TER"
"a8164ba1-cb55-46c7-be80-a49b242d1947","V1VID Tower"
"9dea7baa-0370-4304-be97-00b8a76762e5","V2 Tower"
"638394ec-58d6-4a87-b8e5-4d61a69ab614","Val by Kasco"
"dbffa3e8-8f55-4cd3-9a1a-78413826b04a","Valencia"
"2126ba8a-2f9a-4ea3-b693-fa75e1135a12","Valo"
"33bfb3df-d46c-4c1c-b02d-fbe1d62410db","Valores Residences"
"df385498-3fd1-4a9a-9b33-5e126ce6a9e9","Veda by AUM Development"
"4c52cb6d-f073-4236-81b7-7c76f7b61923","Vedaire Residences"
"4d7cd92f-8d33-4848-af80-c89f4bdd0794","Vega"
"a1d9d88f-ec10-4f2d-a63f-9b2562bd7bef","Vela Dorchester Collection"
"cd71c4a2-3242-4819-94e0-73cdab74853c","Vela Viento"
"83ff868f-9f65-4876-b9b4-2f886ce2b6d7","Velora 2"
"00586982-4cce-4a4f-a5cd-28b7d4ff2fb5"," Velora and Venera at The Valley"
"df437b28-a443-45c9-8123-032a673b2e34","Velor Penthouses"
"0eadd45a-cc91-4876-b04c-a4b90e41ba1f","Velos Residence"
"d8533e4d-09ba-4772-9cec-946994db02a7","Veona by Gutti"
"cda434cb-172e-436f-987b-fa11983f7c29","Verano by Prescott"
"99ef447b-8be8-4318-8091-6c188d0b25c0","Vera Residences"
"1a5903e8-60dc-4631-b117-30c259d58c05","VERDAN1A"
"0ab82f82-f247-49b9-b9ca-eae37fe1271f","VERDAN1A 2"
"05d812cf-5da4-4210-a4be-9dd715da8285","VERDAN1A 3"
"33079a48-b60a-4388-9d71-17e7b891ed83","VERDAN1A 4"
"73a8b856-9967-495b-b068-d5e87746ff17","VERDAN1A 5"
"acd8a7e2-b0d5-4d43-95ec-29dffc873f1b","Verdana Empire"
"96b3d825-732e-46d2-95b4-a349b9c53bca","Verdana II"
"26852900-a43e-4370-bda7-ad4b9de6442d","Verdana III"
"41e88a03-8fd1-4528-a220-cf15d20a1fe2","Verdana IV"
"849eba27-a559-4ba5-9bf6-cb71de47fce4","Verdana IX"
"d15b5c46-be7b-4abd-bb80-dc59ecbfbf54","Verdana Residence "
"ab437b08-74b1-4021-ad46-08bd3f7fd8bb","Verdana Residence 2"
"de5d4f83-be67-4cea-87c6-c3926a7fc7bb","Verdana V"
"bc17cb50-9d38-4fd8-ae11-22b1160f53a9","Verdana VI"
"63ed2b8c-4e89-48d7-a8f5-5ec56ab75b85","Verdana VIII"
"0aad68fa-c802-4b42-b62e-cf7b6042dbe8","Verdana X"
"36a1aac5-b9e4-4804-9d83-deccaa83d740","Verde by Vision"
"62d02e2a-7a25-4828-af47-9abbbe05d87c","Verdes by Haven"
"7c3fcc44-846c-42bc-855d-e1e7af7d6135","Verona"
"1dea5b9c-3949-459d-9e59-927929cb2abb","Verve City Walk"
"63c37e00-bc9d-4231-b84a-3bf5f281d294","Vestoria Bay"
"ff44eaf9-7ac1-403e-a249-ac967de07730","Vibe"
"d82d8289-9c26-44d2-bb79-5649f6408f50","Vida by Emaar"
"149da719-769a-44a3-86fc-72fd5ffed683","Vida Dubai Marina"
"9fabcfcb-b0d0-4ace-bad1-64a5fe706db9","Vida Residence Downtown"
"f2092406-c436-49ab-b36f-ed605eeda1ba","Vida Residences Club Point"
"6d9592c0-804d-4582-a762-e65a3d7a548f","Vida Residences Hillside"
"efce12d1-0ae7-4193-b5a8-331554271f5b","Vida Residences Saadiyat Island"
"143f9872-f67e-4b06-9b79-0082e11051cf","Viera Residences"
"8ece3627-ddd2-4519-b23e-716b0d89a875","Views VII by Golden Woods"
"2b5f01fa-51c3-4c83-9504-a062aa2386d9","Viewz"
"bfbf3cee-c0fd-485e-a72a-d24efd05a097","Villa Amaya"
"bc38f2fe-2738-4505-ae87-14caf73386f3","Villa Del Arte"
"95017ed3-fde4-48d6-a899-5ef836d9b531","Villa Del Brunello"
"b3f63d2b-c4d5-4812-babc-1513fe53f598","Villa Del Divos"
"1bc39ecb-4bc7-4607-83b3-dddf9d6d6680","Villa Del Gavi"
"618bd293-b9cb-426d-9848-5c2139658220","Villa Elaine"
"6069ad1d-f7b5-4472-bb3c-3bfdb44b73bf","Ville 11"
"8ac6bbe9-cd96-4b59-88f5-55b7b243b65e","Vincitore Aqua Flora"
"392625bd-343e-4bbf-88e8-6b4bdad58cd0","Vincitore Volare"
"0b0c58da-b742-4f1f-b7ed-b71ea261255b","Vincitore Wellness Estate"
"b66e8992-297f-4f0c-9d41-0d3a5902d17b","Vindera at The Valley"
"6c7e4315-80ce-471f-b580-3bc229a6ea97","Violet Tower"
"43737b5f-9fa8-4e83-ad45-1ad57937d5f9","Vision Iconic"
"ad2d0031-2fcc-467c-ba04-99e59925926e","Vista 3"
"93ce98c2-d43e-44e4-89cf-6c397554a125","Vista by Prestige One"
"2fbf85ef-c1a3-4134-beb8-499d133d3016","Vista by Vision"
"0ca34623-51ff-4dbc-979e-dc5f998886f9","Vista Del Mar"
"f0b1027a-cbbf-4c48-b45d-dd6a84d1292e","Vista Ridge"
"bfb2c7b6-f028-4144-aaa3-eacd28edf63f","Vita Grande"
"fb7dc108-c4cd-40f4-a323-5e5f946bab8a","Vitalia Palm Jumeirah Residences"
"b0272fdb-14d6-44e5-ae8a-904b83710ac0","Vitality Residence"
"ade2a52f-b8db-4adc-9afb-8f36ad19f3a6","Vivanti Residences by Meteora"
"d2809d97-cb90-4f94-b37c-5bbffbd5e245","Vivida Residences"
"96b9d301-edec-419c-b797-85c819b64cd4","VOI Residence"
"be306a7f-be49-4ac7-9e1f-8d7ff9f8ba55","Volga Tower"
"b0c1b856-d1ec-4a23-a982-b506b6efd6dd","Volna by Kasco"
"a5d63c8e-7ff6-4b5c-a640-557cf7fe2b51","Volta"
"1f7b002e-c862-4faa-9097-5f5696f6912e","Voxa Pantheon"
"1a90efaf-6332-40ce-a949-21fef4bd4ab5","V-Suites"
"dad6c17d-f0c0-4d20-b01b-6f3327a42c1c","V Tower"
"78106d1c-49d0-4ebf-9e78-60545467362b","Vue by Crystal Bay"
"68530dc9-a97a-40f9-b6b6-0191869d0ac8","Vue Dorée"
"0480fed2-bb7e-40cd-aae4-2c03e392ba8b","Vyb at Business Bay"
"9fe8ee99-6da0-409e-ace4-e8a6fe6ef737","W1NNER Tower"
"c06c21b3-65fd-4b55-a6d0-383f3413b6fb","Waada Dubai South"
"0df93a9e-f992-4032-94eb-418eb23af067","Wadi Hills"
"913c7875-3f69-4cb8-8fe8-6cab99afbbcf","Wadi Villas"
"888828b2-f869-42cc-ad76-c2487fa5dc34","Waldorf Astoria Residences"
"1b638ec8-75a6-45b9-a92c-b47ab9ebda50","Waldorf Astoria Residences Yas"
"61ade676-5bee-49d6-90f1-b0230eff56b9","Waref Residences"
"fe9dfe19-2a3f-4e05-a22e-7a036398b887","Warsan Village"
"0d748ba2-f1a5-40a4-9656-cb7e2c19e664","Waves Opulence"
"dd9d4c70-6a39-435b-a209-efe616709d45","Wedyan – The Canal"
"bf28052b-2c53-4242-a6a7-a301f055abbe","Wellington Grand Villas"
"a656fb9c-dd8b-4378-adbe-a6a87ee351db","Wellington Ocean"
"4c24bf59-99fb-45c7-8d82-e493c8d0e218","Wellington Ocean Walk"
"18648ae9-97fa-4c9b-b56f-11d5fcf02315","Westwood Grande 2"
"789d6173-5514-4e96-95c2-0e7679520305","Westwood Grande Residences"
"223fd9a6-c1e7-430c-be34-4c08cb427b57","Weybridge Gardens"
"f1d75788-f4c0-40d8-a262-253f9eb7f27a","Weybridge Gardens 2"
"d05b4786-43e2-4692-8961-508a7c28a854","Weybridge Gardens 3"
"dc51f21f-c9de-421d-a60b-09e7e8ec4f22","Weybridge Gardens 4"
"3836ae28-946e-4856-a452-6d09f14a5209","Weybridge Gardens 5"
"de03918b-e2e6-4591-908d-07fbf8910571","Whitecliffs Residences"
"a099a30c-9465-422b-8e22-483a7044bbf0","Whitestone Residences"
"e94a7418-e409-4398-8841-28cf5aba2ee6","W Hotels and Residences Al Marjan"
"714cb2f3-6c42-492e-b9be-cd725844e09c","Wilton Park Residences"
"e12d9c81-0161-4973-b511-6ae9bc08df9f","Windsor House"
"73a70d31-853b-4921-8164-afa2d679369f","Windsor House 2"
"34e18862-0d7f-452a-bebe-1edfb9ad259f","Woodland Crest"
"a95dbce6-aecc-40f0-8cbc-588a06e71dd4","Woodland Residences"
"a783b8d2-ce8e-4ffe-b4ef-ecd2ec7b0f2e","Woodland Terraces"
"e83c0bd6-f33b-4695-ad1d-87674d271d75","W Residences"
"e5cb2339-4807-4f04-b873-e9765a2424ac","W Residences by Taraf"
"4377c45d-7286-4071-bb42-f0edd207fa88","W The Residences by Arada"
"4fbdf1b0-f5bb-4b41-9f02-f09b9b1b2532","Wynwood by Imtiaz"
"e6344b26-fa19-42a5-850a-128c84cb871e","Wynwood Horizon"
"296a70c5-6936-4e70-92c4-eb811e242b4d","Xenia Residence"
"ac289012-0383-48ee-a957-286e0d7fefa5","Yachtside Marina Residences"
"bc3e1cb0-6da3-49a6-b10e-8c42f669c4ed","Yas Beach Residence"
"98a1447c-6c11-4ab7-a061-03c5a235542d","Yas Golf Collection"
"b6b57760-00e2-4a4e-836d-9243e5e00812","Yasmina Duet Villas"
"a54037dd-b68d-43b3-a5c0-aa66524be876","Yas Park Views"
"3d185550-7b61-49ac-a45a-414d9cbc05c3","Yas Riva"
"93b4e948-f578-4637-bf38-e6b57ba49250","Yigo 26"
"9a073d74-56e1-40e7-89bb-0c2fbbebb014","You and Co IMPZ"
"846cce37-3ec7-4934-956f-3d69547fdea6","Y Views at Bayn"
"9926f29d-56db-4b0c-84f0-922f09ddcaef","Zazen Gardens"
"f8c6b479-9b6e-4472-af73-cc15e2865d54","Zenith J1"
"22dec9de-712e-424e-9979-db27a0a94b0a","Zenith Residences"
"863c406d-dc61-42d7-9b29-b557d16c90f6","Zephyra Residences"
"748e5b0e-b6af-435f-8b77-805b4aeb30e5","Zuha Island"
"d8ce9f05-df63-4580-83ea-c86fa83da7e1","Zyra Hills"
"c5babb99-adad-436d-88b5-761f2f8a5ea8","Zyra Vista Residence"