id,cityId,cityName,countryId,countryName,nameEn,nameRu,nameAr,description_en_title,description_en_description,description_ru_title,description_ru_description,infrastructure_en_title,infrastructure_en_description,infrastructure_ru_title,infrastructure_ru_description,images
bf7c713e-66fa-4f51-9d3a-fbae1be3823c,191ac941-212a-4136-b305-e38d7e55aea5,"Dubai",4cb49e99-dc24-497d-97aa-6dde42025896,"United Arab Emirates"," Al Shamkha, Abu Dhabi"," Al Shamkha, Abu Dhabi"," Al Shamkha, Abu Dhabi","","","","","","","","",""
84e32c69-becf-41ec-acc1-119873c4390a,191ac941-212a-4136-b305-e38d7e55aea5,"Dubai",4cb49e99-dc24-497d-97aa-6dde42025896,"United Arab Emirates","Abu Dhabi","Abu Dhabi","Abu Dhabi","","","","","","","","",""
9dac06d6-708d-4542-87d0-87d6da12a583,191ac941-212a-4136-b305-e38d7e55aea5,"Dubai",4cb49e99-dc24-497d-97aa-6dde42025896,"United Arab Emirates","Ajmal Makan City - Sharjah Waterfront","Ajmal Makan City - Sharjah Waterfront","Ajmal Makan City - Sharjah Waterfront","","","","","","","","",""
e8b37d63-8ba3-4976-8ed9-7689bc5bdcfa,191ac941-212a-4136-b305-e38d7e55aea5,"Dubai",4cb49e99-dc24-497d-97aa-6dde42025896,"United Arab Emirates","Ajman","Ajman","Ajman","","","","","","","","",""
56c52a3e-837c-481c-8a04-c0e57213392a,191ac941-212a-4136-b305-e38d7e55aea5,"Dubai",4cb49e99-dc24-497d-97aa-6dde42025896,"United Arab Emirates","Al Arqoub, Ras Al Khaimah","Al Arqoub, Ras Al Khaimah","Al Arqoub, Ras Al Khaimah","","","","","","","","",""
a4602dd0-7577-4bb6-9d2f-d181732f07ac,191ac941-212a-4136-b305-e38d7e55aea5,"Dubai",4cb49e99-dc24-497d-97aa-6dde42025896,"United Arab Emirates","Al Barari","Al Barari","Al Barari","","Al Barari in Dubai is a lush, eco-friendly oasis that offers a serene escape from the city's hustle. Known for its verdant landscapes and sustainable living, this exclusive neighborhood features luxury villas, themed gardens, and beautiful waterways. With a focus on wellness and community, Al Barari provides residents and visitors a peaceful, nature-filled atmosphere. Its blend of tranquility, premium amenities, and proximity to central Dubai make it a coveted destination.  Al Barari offers convenient transport links for residents. While the area isn't directly served by a metro line, it's well-connected via major highways like Sheikh Mohammed Bin Zayed Road, making downtown Dubai and attractions like Burj Khalifa just a 25-minute drive away. Public buses and taxis are readily available, and Dubai International Airport is approximately a 30-minute drive, ensuring easy access to key destinations.","","Al Barari в Дубае — это пышный, экологически чистый оазис, который предлагает безмятежное укрытие от городской суеты. Этот район часто называют ботаническим раем, так как более 60% его территории занимают зеленые насаждения, что делает его одним из самых зеленых сообществ в регионе. Известный своими вердантными ландшафтами и концепцией устойчивого образа жизни, этот эксклюзивный район предлагает роскошные виллы, современные апартаменты (такие как «Seventh Heaven»), тематические сады и сеть красивых пресноводных ручьев и озер. Уделяя особое внимание здоровью и сообществу, Al Barari дарит жителям и посетителям спокойную атмосферу единения с природой, дополненную первоклассными удобствами, такими как спа-центр «Heart & Soul», знаменитый ресторан «The Farm» и современный фитнес-клуб. Уникальное сочетание абсолютного спокойствия, премиальных удобств и близости к центру Дубая делает это место желанным адресом для избранных. Несмотря на атмосферу уединения, Al Barari предлагает удобное транспортное сообщение для резидентов. Хотя район не обслуживается напрямую линией метро, его стратегическое расположение рядом с крупными автомагистралями, такими как Sheikh Mohammed Bin Zayed Road и Al Ain Road, обеспечивает отличную доступность. Благодаря этому центр Дубая, DIFC и такие достопримечательности, как Бурдж-Халифа, находятся всего в 20–25 минутах езды. Общественные автобусы курсируют по внешним границам района, а такси всегда доступны внутри сообщества. Кроме того, международный аэропорт Дубая расположен примерно в 30 минутах езды, что гарантирует легкий доступ к международным путешествиям.","Infrastructure","Nestled in Dubai, Al Barari is a verdant oasis with top-tier amenities. Residents enjoy the retail haven of The Well, boutique shopping, and gourmet experiences. Greenworks Nursery and The Farm restaurant are local highlights. Top-notch education is nearby at Dunecrest American School. Healthcare needs are met by Mediclinic Parkview Hospital. Enjoy lush botanical gardens, themed parks, and state-of-the-art fitness facilities, exemplifying luxury and serenity.","Infrastructure","Nestled in Dubai, Al Barari is a verdant oasis with top-tier amenities. Residents enjoy the retail haven of The Well, boutique shopping, and gourmet experiences. Greenworks Nursery and The Farm restaurant are local highlights. Top-notch education is nearby at Dunecrest American School. Healthcare needs are met by Mediclinic Parkview Hospital. Enjoy lush botanical gardens, themed parks, and state-of-the-art fitness facilities, exemplifying luxury and serenity.","{https://files.alnair.ae/uploads/2024/10/ef/06/ef0643a74cc6edca13849020b5980e28.jpg;https://files.alnair.ae/uploads/2024/10/27/05/2705f7ff3227c0e9f6fe00f94239a052.jpg;https://files.alnair.ae/uploads/2024/10/33/b2/33b25013df670a6e78192cf3ac331a0d.jpg;https://files.alnair.ae/uploads/2024/10/e8/13/e8134e36425b1421c5f718b4e7058251.jpg;https://files.alnair.ae/uploads/2024/10/93/56/9356a5b797c4f6f3d62b4858afb83553.jpg;https://files.alnair.ae/uploads/2024/10/fd/0c/fd0c15db6c6d6ec21adc4f55a4bf51d6.jpg;https://files.alnair.ae/uploads/2024/10/92/0d/920db67b0ba6e1baed560c03ed732bc4.jpg;https://files.alnair.ae/uploads/2024/10/14/01/14017f6c86f6ba3d1e64bcaaa4344958.jpg;https://files.alnair.ae/uploads/2024/10/7f/c6/7fc6d1e76e037521a799ed7a2effc463.jpg;https://files.alnair.ae/uploads/2024/10/84/bc/84bc3c5f366ef063c44d1e6b9089bdf6.jpg;https://files.alnair.ae/uploads/2024/10/06/53/065397a90087e1257cb2031e3beffc36.jpg;https://files.alnair.ae/uploads/2024/10/08/5b/085b8b0f466d30d48ab16f58dcf07869.jpg;https://files.alnair.ae/uploads/2024/10/30/24/3024ace77a4b5e5221e0d37b02846e8b.jpg;https://files.alnair.ae/uploads/2024/10/5e/69/5e6906cd32edd14a945d4cb295b2f349.jpg;https://files.alnair.ae/uploads/2024/10/fe/6d/fe6d785284e9d2caebf1efbea7a9942c.jpg}"
63cf4ec1-a4f6-47b5-874f-47ce680ef89e,191ac941-212a-4136-b305-e38d7e55aea5,"Dubai",4cb49e99-dc24-497d-97aa-6dde42025896,"United Arab Emirates","Al Barsha 1","Al Barsha 1","Al Barsha 1","","Al Barsha is a vibrant and diverse community in Dubai, known for its perfect blend of residential comfort and commercial convenience. With its spacious villas, modern apartments, and proximity to the iconic Mall of the Emirates, it offers an ideal living environment. The area boasts excellent schools, parks, and healthcare facilities, making it perfect for families. Its well-connected transport links and lively atmosphere attract both residents and visitors looking for a thriving urban lifestyle.  Al Barsha boasts excellent transportation links, making commuting a breeze. The nearby Mall of the Emirates metro station provides swift access to downtown Dubai and other key areas. Numerous bus routes and readily available taxis enhance convenience. Cycling paths promote eco-friendly travel. Major highways like Sheikh Zayed Road ensure quick connectivity. Dubai International Airport is just 30 minutes away, while the stunning Burj Khalifa is accessible in 20 minutes.","","Al Barsha — это живой и невероятно разнообразный район в Дубае, известный идеальным сочетанием жилого комфорта и коммерческого удобства. Район четко разделен на подзоны: от шумной городской атмосферы Al Barsha 1 до тихих и просторных вилл в Al Barsha 2 и 3. Благодаря сочетанию современных квартир и величественных частных домов, а также близости к культовому торговому центру Mall of the Emirates и крытому горнолыжному курорту Ski Dubai, здесь создана идеальная среда для жизни как экспатов, так и местных жителей. Район может похвастаться отличными международными школами, обширными парками, такими как Al Barsha Pond Park, и высококлассными медицинскими учреждениями, что делает его идеальным для семей. Отличное транспортное сообщение и оживленная атмосфера с множеством мультикультурных ресторанов привлекают тех, кто ищет активный городской образ жизни. Al Barsha обладает, пожалуй, одной из лучших транспортных развязок в городе, что делает поездки на работу легкими для профессионалов, работающих в Media City или Downtown. Близлежащие станции метро Mall of the Emirates и Mashreq обеспечивают быстрый доступ без пробок к ключевым районам эмирата. Район обслуживается многочисленными автобусными маршрутами, а такси доступны круглосуточно. Недавно проложенные велосипедные дорожки способствуют экологичным передвижениям по району. Находясь рядом с главными магистралями, такими как Sheikh Zayed Road и Al Khail Road, жители могут быстро добраться в любую точку Дубая. Международный аэропорт Дубая находится всего в 30 минутах езды, а потрясающая Бурдж-Халифа — в 20 минутах.","Infrastructure","Al Barsha is a vibrant community offering stellar amenities. Shop at the renowned Mall of the Emirates, a retail paradise with endless dining options. Education thrives with GEMS International School nearby. Health is prioritized at Al Zahra Hospital. Lush spaces like Al Barsha Park provide serene escapes. The area is dotted with local shops, sports facilities, and cultural spots like the Dubai Community Theatre & Arts Centre, making it perfect for dynamic living.","Infrastructure","Al Barsha is a vibrant community offering stellar amenities. Shop at the renowned Mall of the Emirates, a retail paradise with endless dining options. Education thrives with GEMS International School nearby. Health is prioritized at Al Zahra Hospital. Lush spaces like Al Barsha Park provide serene escapes. The area is dotted with local shops, sports facilities, and cultural spots like the Dubai Community Theatre & Arts Centre, making it perfect for dynamic living.","{https://files.alnair.ae/uploads/2024/10/4d/0d/4d0d6de30a5550b22769e96ca61708b5.jpg;https://files.alnair.ae/uploads/2024/10/fe/78/fe781b16d7ad1369ec9b638cc69c5692.png;https://files.alnair.ae/uploads/2024/10/fa/af/faafabac7bf61c44af16129d9041e011.jpg;https://files.alnair.ae/uploads/2024/10/86/0e/860e9459245b69408d0b0b99322cf26b.jpg;https://files.alnair.ae/uploads/2024/10/2b/c0/2bc04d5ccfa1652d12044e34e9d7ac61.jpg;https://files.alnair.ae/uploads/2024/10/15/11/151187b48a6b13b6a5ead9afeea32a2b.jpg;https://files.alnair.ae/uploads/2024/10/9b/d2/9bd2603f3d03a6eb9d20bbc430034d4a.jpg;https://files.alnair.ae/uploads/2024/10/af/b9/afb923d66b9e6c026831a40c19f41d48.jpg;https://files.alnair.ae/uploads/2024/10/91/07/9107d3c4a8d0336b04c50ebef5c5c77c.jpg;https://files.alnair.ae/uploads/2024/10/c4/8e/c48e7f1c928360c045bf534e6a69fcd5.jpg;https://files.alnair.ae/uploads/2024/10/b0/4a/b04adfa13df10cc1724e539ce0b037d7.jpg;https://files.alnair.ae/uploads/2024/10/2d/97/2d976c4a721e864a472c01a6d25a3689.jpg}"
1417606d-eaca-4302-87b7-91fec45b06eb,191ac941-212a-4136-b305-e38d7e55aea5,"Dubai",4cb49e99-dc24-497d-97aa-6dde42025896,"United Arab Emirates","Al Faqa, Abu Dhabi","Al Faqa, Abu Dhabi","Al Faqa, Abu Dhabi","","","","","","","","",""
ed6d2db7-2b5e-4f1d-a277-39e9768abec7,191ac941-212a-4136-b305-e38d7e55aea5,"Dubai",4cb49e99-dc24-497d-97aa-6dde42025896,"United Arab Emirates","Al Furjan","Al Furjan","Al Furjan","","Al Furjan is a vibrant residential community in Dubai, known for its family-friendly atmosphere and modern amenities. With lush green parks, spacious villas, and convenient access to shopping centers, it offers a perfect blend of tranquility and urban living. Its strategic location near major highways ensures easy connectivity.  Al Furjan boasts excellent transport links, with easy access to the Al Furjan Metro Station connecting you to key areas like Dubai Marina and Jebel Ali. Frequent buses and readily available taxis make commuting a breeze. Close to Sheikh Zayed Road, driving to Downtown Dubai or Burj Khalifa takes approximately 30 minutes, with Dubai International Airport about 40 minutes away.","","Al Furjan — это оживленное жилое сообщество в Дубае, отличающееся заметным влиянием североафриканской и исламской архитектуры, а также семейной атмосферой. Спроектированное для поощрения добрососедских отношений, сообщество включает сеть дорожек и пышных зеленых парков, которые связывают различные «деревни» внутри комплекса. Благодаря просторным виллам, таунхаусам и растущему числу жилых комплексов, а также удобному доступу к общественным центрам, таким как Al Furjan Pavilion, район предлагает идеальное сочетание спокойствия и городской жизни. Жители могут пользоваться бассейнами, спортивными площадками и торговыми точками, а стратегическое расположение рядом с крупными коммерческими районами, такими как свободная зона Джебель-Али, обеспечивает высокий спрос на жилье. Al Furjan может похвастаться отличным транспортным сообщением, которое было значительно улучшено благодаря расширению линии метро «Route 2020». Станция метро Al Furjan теперь напрямую связывает жителей с ключевыми районами, такими как Dubai Marina, площадка EXPO City и Джебель-Али, без необходимости использовать автомобиль. Для автомобилистов сообщество удобно расположено между Sheikh Zayed Road и Sheikh Mohammed Bin Zayed Road, что позволяет использовать несколько въездов и выездов, избегая пробок. Регулярные автобусы и легкодоступные такси делают поездки еще проще. Поездка до центра Дубая или Бурдж-Халифы занимает около 30 минут, до международного аэропорта Дубая — около 40 минут, а новый международный аэропорт Аль-Мактум находится еще ближе.","Infrastructure","Al Furjan in Dubai offers a vibrant infrastructure with the Al Furjan Pavilion, providing residents with a range of retail and dining options. Families benefit from proximity to gems like The Arbor School and Al Furjan Medical Centre for convenient healthcare. Enjoy lush green spaces at Al Furjan Parks, and stay active with sports facilities.","Infrastructure","Al Furjan in Dubai offers a vibrant infrastructure with the Al Furjan Pavilion, providing residents with a range of retail and dining options. Families benefit from proximity to gems like The Arbor School and Al Furjan Medical Centre for convenient healthcare. Enjoy lush green spaces at Al Furjan Parks, and stay active with sports facilities.","{https://files.alnair.ae/uploads/2024/10/46/e9/46e9a508c3a09361ba6626db64d4c41d.jpg;https://files.alnair.ae/uploads/2024/10/97/44/97448e9ce3a2f6d0797fd5e3b1e423fb.jpg;https://files.alnair.ae/uploads/2024/10/59/97/599748126c439d3fc5a6b20a225f6e2e.jpg;https://files.alnair.ae/uploads/2024/10/9e/36/9e36b4d079d0592a68101aff8cafde7b.jpg;https://files.alnair.ae/uploads/2024/10/f1/c4/f1c4d2a52a3c76b53c728d9070388b53.jpg;https://files.alnair.ae/uploads/2024/10/ff/d1/ffd18e820302fd1e318044aa1c71a5c8.jpg;https://files.alnair.ae/uploads/2024/10/75/9a/759aaed3eb7eaabdfa043c6a5c66503b.jpg;https://files.alnair.ae/uploads/2024/10/fc/e5/fce54528c8a6bfba7c8a14a0f4d0d794.jpg;https://files.alnair.ae/uploads/2024/10/44/e7/44e7fbc232dfc7e4c81e6de7ca2fe430.jpg;https://files.alnair.ae/uploads/2024/10/0f/de/0fdecb28af2a6447e5207fb0dea9aa2a.jpg;https://files.alnair.ae/uploads/2024/10/37/a0/37a0d723080f13b1248211332c76bd69.png;https://files.alnair.ae/uploads/2024/10/f6/bd/f6bd0778aa20a0159809d95ad3934ab5.jpg;https://files.alnair.ae/uploads/2024/10/35/c5/35c5efab8483861a4dc0c856618ef6f0.jpg}"
9d7fa1d1-c933-4487-b9dc-eb7a0308e3ce,191ac941-212a-4136-b305-e38d7e55aea5,"Dubai",4cb49e99-dc24-497d-97aa-6dde42025896,"United Arab Emirates","Al Habtoor City","Al Habtoor City","Al Habtoor City","","","","","","","","",""
b711c862-bab5-4ea5-9fb4-d5b7aa2e7a65,191ac941-212a-4136-b305-e38d7e55aea5,"Dubai",4cb49e99-dc24-497d-97aa-6dde42025896,"United Arab Emirates","Al Hamra Village, Ras al Khaimah","Al Hamra Village, Ras al Khaimah","Al Hamra Village, Ras al Khaimah","","","","","","","","",""
e9a4aeac-9f34-4442-8848-274dfade6837,191ac941-212a-4136-b305-e38d7e55aea5,"Dubai",4cb49e99-dc24-497d-97aa-6dde42025896,"United Arab Emirates","Al Jaddaf","Al Jaddaf","Al Jaddaf","","","","","","","","",""
6a525612-8349-4d79-8ad7-de0406b5b724,191ac941-212a-4136-b305-e38d7e55aea5,"Dubai",4cb49e99-dc24-497d-97aa-6dde42025896,"United Arab Emirates","Al Jazeera, Ras Al Khaimah","Al Jazeera, Ras Al Khaimah","Al Jazeera, Ras Al Khaimah","","","","","","","","",""
a33d3006-9b1e-42de-8894-db4401078eec,191ac941-212a-4136-b305-e38d7e55aea5,"Dubai",4cb49e99-dc24-497d-97aa-6dde42025896,"United Arab Emirates","Al Khalidiya, Sharjah","Al Khalidiya, Sharjah","Al Khalidiya, Sharjah","","","","","","","","",""
4a8d2362-b666-480e-858d-1b5ab0ef0de3,191ac941-212a-4136-b305-e38d7e55aea5,"Dubai",4cb49e99-dc24-497d-97aa-6dde42025896,"United Arab Emirates","Al Mamzar, Sharjah","Al Mamzar, Sharjah","Al Mamzar, Sharjah","","","","","","","","",""
46d239ed-e20e-4863-8b21-972f7819d74d,191ac941-212a-4136-b305-e38d7e55aea5,"Dubai",4cb49e99-dc24-497d-97aa-6dde42025896,"United Arab Emirates","Al Marina, Abu Dhabi","Al Marina, Abu Dhabi","Al Marina, Abu Dhabi","","","","","","","","",""
9c3167f4-4c7b-4c8b-8103-30f642fe3fe2,191ac941-212a-4136-b305-e38d7e55aea5,"Dubai",4cb49e99-dc24-497d-97aa-6dde42025896,"United Arab Emirates","Al Marjan Island, Ras Al Khaimah","Al Marjan Island, Ras Al Khaimah","Al Marjan Island, Ras Al Khaimah","","","","","","","","",""
d1b2cb67-7d19-4725-aed0-075ff3af7507,191ac941-212a-4136-b305-e38d7e55aea5,"Dubai",4cb49e99-dc24-497d-97aa-6dde42025896,"United Arab Emirates","Al Maryah Island, Abu Dhabi","Al Maryah Island, Abu Dhabi","Al Maryah Island, Abu Dhabi","","","","","","","","",""
d6b2beb4-5d39-49b2-bf59-3c636ada9bb1,191ac941-212a-4136-b305-e38d7e55aea5,"Dubai",4cb49e99-dc24-497d-97aa-6dde42025896,"United Arab Emirates","Al Menhaz, Sharjah","Al Menhaz, Sharjah","Al Menhaz, Sharjah","","","","","","","","",""
260ab1b0-3149-4405-abab-7c2b87926a66,191ac941-212a-4136-b305-e38d7e55aea5,"Dubai",4cb49e99-dc24-497d-97aa-6dde42025896,"United Arab Emirates","Al Raha Beach, Abu Dhabi","Al Raha Beach, Abu Dhabi","Al Raha Beach, Abu Dhabi","","","","","","","","",""
cb31c3d8-ea98-499d-9e09-657969b39002,191ac941-212a-4136-b305-e38d7e55aea5,"Dubai",4cb49e99-dc24-497d-97aa-6dde42025896,"United Arab Emirates","Al Rashidiya 1, Ajman","Al Rashidiya 1, Ajman","Al Rashidiya 1, Ajman","","","","","","","","",""
9cb0e879-2658-427f-b6dd-75040321e07d,efd68eb5-3c9f-4de9-9512-af8d7c89adbe,"Abu Dhabi",4cb49e99-dc24-497d-97aa-6dde42025896,"United Arab Emirates","Al Reem Island, Abu Dhabi","Al Reem Island, Abu Dhabi","Al Reem Island, Abu Dhabi","","","","","","","","",""
8969b8e0-c0f7-4bef-904d-c2ae4fac5b8e,191ac941-212a-4136-b305-e38d7e55aea5,"Dubai",4cb49e99-dc24-497d-97aa-6dde42025896,"United Arab Emirates","Al Safa","Al Safa","Al Safa","","Wadi Al Safa 6 in Dubai offers a serene lifestyle with a blend of modern amenities and natural beauty. Known for its family-friendly atmosphere, the area boasts spacious villas and lush green spaces, providing an ideal retreat from the city's hustle. With easy access to key destinations and a variety of local conveniences, Wadi Al Safa 6 is perfect for those seeking tranquility without sacrificing urban connectivity.  Wadi Al Safa 6 offers excellent transport connectivity with easy access to major highways like Sheikh Mohammed Bin Zayed Road, ensuring swift travel to the city center and iconic landmarks like Burj Khalifa. Public buses are readily available, and taxis are abundant. While there is no direct metro, nearby stations are within easy reach. Dubai International Airport is approximately a 30-minute drive, making travel convenient and efficient.","","Wadi Al Safa 6 в Дубае предлагает спокойный образ жизни, в котором гармонично сочетаются современные жилые удобства и красота природы. Являясь частью генерального плана застройки района, это место славится своей семейной атмосферой, предлагая просторные современные виллы и изобилие зеленых насаждений, которые служат идеальным укрытием от городской суеты. Сообщество спроектировано с учетом приватности и комфорта: здесь есть местные парки, беговые дорожки и торговые центры, что делает его идеальным для тех, кто ищет тишину, не жертвуя связью с городом. Wadi Al Safa 6 отличается отличной транспортной доступностью благодаря стратегическому расположению рядом с крупными магистралями, такими как Sheikh Mohammed Bin Zayed Road и Al Ain Road. Это обеспечивает быстрый проезд к центру города, DIFC и таким достопримечательностям, как Бурдж-Халифа. Хотя в непосредственной близости нет прямой линии метро, район хорошо обслуживается общественными автобусами, а такси всегда доступны. Международный аэропорт Дубая находится примерно в 30 минутах езды, что делает ежедневные поездки и международные путешествия удобными и эффективными для жителей.","Infrastructure","Discover the vibrant Wadi Al Safa 6 in Dubai, a community that boasts the Dubai Hills Mall for unparalleled shopping. Families revel in proximity to elite schools like GEMS New Millennium School. Healthcare is exemplary with Mediclinic Parkview Hospital nearby. Daily needs are met at Carrefour Market, while sunny days invite fun at Al Barari Playground and Lakes. Embrace an active lifestyle with Dubai Miracle Garden's blooming beauty and world-class sports facilities.","Infrastructure","Discover the vibrant Wadi Al Safa 6 in Dubai, a community that boasts the Dubai Hills Mall for unparalleled shopping. Families revel in proximity to elite schools like GEMS New Millennium School. Healthcare is exemplary with Mediclinic Parkview Hospital nearby. Daily needs are met at Carrefour Market, while sunny days invite fun at Al Barari Playground and Lakes. Embrace an active lifestyle with Dubai Miracle Garden's blooming beauty and world-class sports facilities.","{https://files.alnair.ae/uploads/2024/10/b6/86/b6861d89d089d927135fbff8a94d0c9b.jpg;https://files.alnair.ae/uploads/2024/10/7b/8b/7b8bf5a453b240413eefde3b5f0b7cb5.jpg;https://files.alnair.ae/uploads/2024/10/a0/07/a0073c2924952d0ae51b2c795ad7496e.jpg;https://files.alnair.ae/uploads/2024/10/12/d0/12d0ea9ac482fe25377dcc0334ec4c8a.jpg;https://files.alnair.ae/uploads/2024/10/6d/4b/6d4bb54e8c824efc86107f2ce62f623a.jpg;https://files.alnair.ae/uploads/2024/10/41/69/416957a399ff8b02ec0395fd01441cec.jpg;https://files.alnair.ae/uploads/2024/10/58/9d/589d00b6d17a866b2404a329d431e426.jpg;https://files.alnair.ae/uploads/2024/10/db/68/db6830990fb9679724cb018d1b6b1382.jpg;https://files.alnair.ae/uploads/2024/10/98/d7/98d7359c8b77b228cec5fa7618df2f43.jpg;https://files.alnair.ae/uploads/2024/10/2f/6e/2f6e97241fa5cc987d6ef2a4fe8d3904.jpg;https://files.alnair.ae/uploads/2024/10/c2/1d/c21d4066beeabdd3dda2f7b48067d8dc.jpg;https://files.alnair.ae/uploads/2024/10/e9/91/e991aad3293eb87731a47737e338b1d6.jpg;https://files.alnair.ae/uploads/2024/10/7a/6b/7a6bd690a2a6da71478e03ccd8dc45bf.jpg}"
45c17b1f-8b05-4f03-b98e-9de48ad9a2bf,191ac941-212a-4136-b305-e38d7e55aea5,"Dubai",4cb49e99-dc24-497d-97aa-6dde42025896,"United Arab Emirates","Al Satwa","Al Satwa","Al Satwa","","","","","","","","",""
e67980cb-3044-470c-9d9c-fa6f230c322c,191ac941-212a-4136-b305-e38d7e55aea5,"Dubai",4cb49e99-dc24-497d-97aa-6dde42025896,"United Arab Emirates","Al Seef, Abu Dhabi","Al Seef, Abu Dhabi","Al Seef, Abu Dhabi","","","","","","","","",""
dd3daa8b-c4f6-4fc2-9dc9-cdbacfb8a5e4,191ac941-212a-4136-b305-e38d7e55aea5,"Dubai",4cb49e99-dc24-497d-97aa-6dde42025896,"United Arab Emirates","Al Sufouh 1","Al Sufouh 1","Al Sufouh 1","","","","","","","","",""
c3203fbb-51bd-48f8-af79-e175146b28c1,191ac941-212a-4136-b305-e38d7e55aea5,"Dubai",4cb49e99-dc24-497d-97aa-6dde42025896,"United Arab Emirates","Al Sufouh 2","Al Sufouh 2","Al Sufouh 2","","","","","","","","",""
2f7fcea6-51f3-4730-8ed8-5ba0dc4c11b7,191ac941-212a-4136-b305-e38d7e55aea5,"Dubai",4cb49e99-dc24-497d-97aa-6dde42025896,"United Arab Emirates","Al Suyoh Suburb, Sharjah","Al Suyoh Suburb, Sharjah","Al Suyoh Suburb, Sharjah","","","","","","","","",""
6f51492c-bd33-4334-b9f1-735c3d558722,191ac941-212a-4136-b305-e38d7e55aea5,"Dubai",4cb49e99-dc24-497d-97aa-6dde42025896,"United Arab Emirates","Al Tay, Sharjah","Al Tay, Sharjah","Al Tay, Sharjah","","","","","","","","",""
7495ad50-630a-45f9-8a2d-ca253ddb94e5,191ac941-212a-4136-b305-e38d7e55aea5,"Dubai",4cb49e99-dc24-497d-97aa-6dde42025896,"United Arab Emirates","Al Wadi desert, Ras Al Khaimah","Al Wadi desert, Ras Al Khaimah","Al Wadi desert, Ras Al Khaimah","","","","","","","","",""
93d82e25-d032-4a12-bfa9-87a6fbeee740,191ac941-212a-4136-b305-e38d7e55aea5,"Dubai",4cb49e99-dc24-497d-97aa-6dde42025896,"United Arab Emirates","Al Warsan","Al Warsan","Al Warsan","","","","","","","","",""
e4175c0b-e89a-4a6d-b6a8-f99e34e00a4d,191ac941-212a-4136-b305-e38d7e55aea5,"Dubai",4cb49e99-dc24-497d-97aa-6dde42025896,"United Arab Emirates","Al Wasl (City Walk)","Al Wasl (City Walk)","Al Wasl (City Walk)","","City Walk in Dubai is a vibrant urban district that combines luxury living with a lively atmosphere. Known for its chic European-inspired streets, this area offers boutique shopping, gourmet dining, and stunning street art. With lush green spaces and state-of-the-art amenities, it’s a family-friendly haven. Excellent connectivity and a buzzing social scene make City Walk an attractive destination for both residents and visitors seeking a dynamic lifestyle.  City Walk Dubai boasts impressive transport connectivity, making city exploration a breeze. It's just a short drive to the bustling heart of Downtown Dubai and iconic landmarks like Burj Khalifa. Proximity to the metro and well-serviced bus routes ensures smooth commutes. With taxis readily available and dedicated cycling paths, movement is effortless. The major highway nearby offers easy access to Dubai International Airport, only 15 minutes away.","","City Walk в Дубае — это оживленный городской район под открытым небом, который идеально сочетает в себе роскошную жизнь и живую космополитичную атмосферу. Известный своими шикарными улицами в европейском стиле и малоэтажной архитектурой, этот район предлагает эксклюзивное сочетание элитных бутиков, изысканных ресторанов и потрясающих муралов уличного искусства. Это место стиля жизни с пышными зелеными зонами, крытым тропическим лесом «The Green Planet» и ареной Coca-Cola Arena, что делает его идеальным убежищем для семей с самыми современными удобствами. Отличная транспортная доступность и насыщенная светская жизнь делают City Walk привлекательным местом как для резидентов, так и для гостей, ищущих динамичный образ жизни. City Walk может похвастаться впечатляющей транспортной развязкой, что делает передвижение по городу легким. Расположенный на пересечении Al Wasl Road и Al Safa Road, он находится всего в нескольких минутах езды от шумного центра Downtown Dubai и таких достопримечательностей, как Бурдж-Халифа. Близость к станции метро Burj Khalifa/Dubai Mall и хорошо развитая сеть автобусных маршрутов обеспечивают бесперебойные поездки. Благодаря наличию такси и выделенных велосипедных дорожек передвижение становится легким. Близлежащее шоссе Sheikh Zayed Road обеспечивает легкий доступ к международному аэропорту Дубая, который находится всего в 15 минутах езды.","Infrastructure","City Walk in Dubai is a vibrant urban oasis seamlessly blending luxury with convenience. Indulge in world-class shopping at The City Walk Mall, explore green spaces at Al Khazzan Park, and enjoy cultural exhibits at The Green Planet. Nearby, GEMS Wellington Primary School ensures top-notch education, while Valiant Clinic guarantees cutting-edge healthcare. Stroll along art-filled streets, dine at chic cafes, and experience the perfect fusion of leisure and lifestyle.","Infrastructure","City Walk in Dubai is a vibrant urban oasis seamlessly blending luxury with convenience. Indulge in world-class shopping at The City Walk Mall, explore green spaces at Al Khazzan Park, and enjoy cultural exhibits at The Green Planet. Nearby, GEMS Wellington Primary School ensures top-notch education, while Valiant Clinic guarantees cutting-edge healthcare. Stroll along art-filled streets, dine at chic cafes, and experience the perfect fusion of leisure and lifestyle.","{https://files.alnair.ae/uploads/2024/10/fc/1b/fc1ba0726eb090207521027e4a64fa1f.jpg;https://files.alnair.ae/uploads/2024/10/53/8d/538de3e02de2e9dfaf48806e121fd092.jpg;https://files.alnair.ae/uploads/2024/10/12/3d/123d509eb34c472269520cbeee83d120.jpg;https://files.alnair.ae/uploads/2024/10/8c/bb/8cbbaaae4893ca1cccaefb8bcf6c45e1.jpg;https://files.alnair.ae/uploads/2024/10/47/df/47df8801392a17b937bc62e8dc077065.jpg;https://files.alnair.ae/uploads/2024/10/3f/28/3f28774389e0adffdf9a70987b823378.jpg;https://files.alnair.ae/uploads/2024/10/57/bb/57bb5ae01b6fdc6dffd8e92e93fef305.jpg;https://files.alnair.ae/uploads/2024/10/8c/77/8c774e2b0fe92607936239f411c55369.jpg;https://files.alnair.ae/uploads/2024/10/a5/86/a58678ebe25af25328f6d3e0d951e506.jpg;https://files.alnair.ae/uploads/2024/10/27/4f/274f4730fcb4af6366effc40119b8d7c.jpg;https://files.alnair.ae/uploads/2024/10/6a/82/6a82c7d1b9112ee0b96809d9b08c0188.jpg;https://files.alnair.ae/uploads/2024/10/b3/78/b378566af6dd9806bfbc1c24ad5e318f.jpg;https://files.alnair.ae/uploads/2024/10/91/c5/91c5f245ff37aa60eabffe0e161208d5.jpg;https://files.alnair.ae/uploads/2024/10/72/39/7239577a9b4ba1af7e982c9f8dcd3be5.jpg;https://files.alnair.ae/uploads/2024/10/9b/2c/9b2ce7a2c182357515a1b20ae1e7e127.jpg;https://files.alnair.ae/uploads/2024/10/47/7c/477c494a6256ef81c7cfd2145508734b.jpg}"
6b4d2755-3bfe-469e-99ad-483d9c5bae5d,191ac941-212a-4136-b305-e38d7e55aea5,"Dubai",4cb49e99-dc24-497d-97aa-6dde42025896,"United Arab Emirates","Al Zahia, Sharjah","Al Zahia, Sharjah","Al Zahia, Sharjah","","","","","","","","",""
f7e1e0e7-e00e-49b6-b413-f32b3fd75cd6,191ac941-212a-4136-b305-e38d7e55aea5,"Dubai",4cb49e99-dc24-497d-97aa-6dde42025896,"United Arab Emirates","Al Zorah, Ajman ","Al Zorah, Ajman ","Al Zorah, Ajman ","","","","","","","","",""
936c6c67-3676-4707-a569-1ac5e4155fb3,191ac941-212a-4136-b305-e38d7e55aea5,"Dubai",4cb49e99-dc24-497d-97aa-6dde42025896,"United Arab Emirates","Aljada, Sharjah ","Aljada, Sharjah ","Aljada, Sharjah ","","","","","","","","",""
6471489b-9a67-42fe-babc-08fb5685e6c7,191ac941-212a-4136-b305-e38d7e55aea5,"Dubai",4cb49e99-dc24-497d-97aa-6dde42025896,"United Arab Emirates","Aljurf Gardens","Aljurf Gardens","Aljurf Gardens","","","","","","","","",""
ac0a4807-ba28-45b9-beec-104ff59e11ed,191ac941-212a-4136-b305-e38d7e55aea5,"Dubai",4cb49e99-dc24-497d-97aa-6dde42025896,"United Arab Emirates","Arabian Ranches 3","Arabian Ranches 3","Arabian Ranches 3","","Arabian Ranches in Dubai is a serene oasis offering an exclusive lifestyle amidst lush landscapes. Renowned for its elegant villas and townhouses, this family-friendly community boasts top-tier amenities, including golf courses, equestrian centers, and schools. Its tranquil atmosphere is perfect for those seeking a harmonious blend of luxury and nature. Residents enjoy close-knit community vibes, making it an attractive choice for families and expats alike.  Arabian Ranches offers convenient connectivity with well-maintained roads linking to Sheikh Mohammed bin Zayed Road, ensuring quick access to Dubai's key destinations. While there is no metro station directly within, nearby bus services and taxis efficiently connect residents to central locations like Downtown Dubai, roughly 25 minutes away. Dubai International Airport is accessible within a 30-minute drive, enhancing overall convenience.","","Arabian Ranches 3 в Дубае — это безмятежный оазис, созданный для эксклюзивного образа жизни среди обширных зеленых ландшафтов. Будучи одной из новейших фаз престижного сообщества, этот район славится своими элегантными современными виллами и таунхаусами. Этот ориентированный на семьи район может похвастаться первоклассными удобствами, выходящими за рамки стандартов: здесь есть «ленивая река», площадка для крикета, батутный парк, а также доступ к близлежащим полям для гольфа и конным центрам. Его спокойная атмосфера идеально подходит для тех, кто ищет гармоничное сочетание роскоши и природы на закрытой территории. Жители наслаждаются сплоченной атмосферой сообщества, что делает его привлекательным выбором как для семей, так и для экспатов. Arabian Ranches 3 предлагает удобное транспортное сообщение с ухоженными дорогами, ведущими прямо к Sheikh Mohammed bin Zayed Road и Sheikh Zayed bin Hamdan Al Nahyan Street. Это обеспечивает быстрый доступ к ключевым местам Дубая. Хотя на территории закрытого сообщества нет станции метро, близлежащие автобусные маршруты и такси эффективно связывают жителей с центральными локациями, такими как Downtown Dubai и Mall of the Emirates, примерно за 25 минут. Международный аэропорт Дубая доступен в пределах 30 минут езды, что повышает общее удобство.","Infrastructure","Arabian Ranches in Dubai offers a well-rounded infrastructure with all essentials at your doorstep. Enjoy shopping at the Ranches Souk and dining at diverse eateries. Educational needs are met with Jumeirah English Speaking School, while healthcare services are provided by Mediclinic Arabian Ranches. Embrace outdoor life with tranquil parks, polo fields, and the Arabian Ranches Golf Club, all contributing to a vibrant community atmosphere.","Infrastructure","Arabian Ranches in Dubai offers a well-rounded infrastructure with all essentials at your doorstep. Enjoy shopping at the Ranches Souk and dining at diverse eateries. Educational needs are met with Jumeirah English Speaking School, while healthcare services are provided by Mediclinic Arabian Ranches. Embrace outdoor life with tranquil parks, polo fields, and the Arabian Ranches Golf Club, all contributing to a vibrant community atmosphere.","{https://files.alnair.ae/uploads/2024/10/a9/ce/a9ced8ad6adf8960b0b6ca5b10138a19.jpg;https://files.alnair.ae/uploads/2024/10/c1/81/c181c1b0e1574416c13ba63e822be99c.jpg;https://files.alnair.ae/uploads/2024/10/7c/0e/7c0eca15a27d404a666975b7f5ed73db.jpg;https://files.alnair.ae/uploads/2024/10/83/f1/83f118ceab1bbe5b2081434a2475f9df.jpg;https://files.alnair.ae/uploads/2024/10/b8/54/b854390b048af556efd25c650f92677e.jpg;https://files.alnair.ae/uploads/2024/10/88/7e/887e23ad411fd9457e3a7de38ba2a4a0.jpg;https://files.alnair.ae/uploads/2024/10/6e/ba/6eba8659e8293794cddcd91c9d036ce1.jpg;https://files.alnair.ae/uploads/2024/10/ae/4b/ae4b1215b5b70db5807762cf6b2ce4c7.jpg;https://files.alnair.ae/uploads/2024/10/0c/0c/0c0c8d8bc4ff4fda06ede15e923bc320.jpg;https://files.alnair.ae/uploads/2024/10/5f/72/5f72f4dec416a28d3635b1fb97dd7e80.jpg;https://files.alnair.ae/uploads/2024/10/bb/76/bb7677237cc47efb62a4b2ff637d126e.jpg;https://files.alnair.ae/uploads/2024/10/15/67/15676d1d2bc277c7abbdd6520f3d9334.jpg;https://files.alnair.ae/uploads/2024/10/a1/b5/a1b58274aadd3bbff43274fc49fe138e.jpg}"
1fd1bdf6-9001-4d76-9379-9ba8e5ad7236,191ac941-212a-4136-b305-e38d7e55aea5,"Dubai",4cb49e99-dc24-497d-97aa-6dde42025896,"United Arab Emirates","Arjan","Arjan","Arjan","","Nestled in the heart of Dubai, Arjan is a vibrant and rapidly growing community. Known for its lush landscapes and family-friendly atmosphere, it boasts attractions like the stunning Dubai Miracle Garden. Residents enjoy modern amenities, easy access to major highways, and a peaceful environment. With a mix of residential and commercial spaces, Arjan offers a balanced urban lifestyle, making it a desirable destination for both locals and newcomers. Arjan boasts excellent transport connectivity with easy access to major highways like Sheikh Mohammed Bin Zayed Road, ensuring swift travel across Dubai. While Arjan itself does not have a metro station, nearby stations are easily reachable by well-connected bus routes. Taxis and rideshares are readily available, and the Dubai Airport is just 25 minutes away. The iconic Burj Khalifa and downtown Dubai are a short 20-minute drive, making Arjan a convenient base for all your city adventures.","","Расположенный в самом сердце Dubailand, Arjan — это яркое и быстрорастущее многофункциональное сообщество, привлекшее внимание как инвесторов, так и жителей. Известный своим спокойным, но доступным расположением, район знаменит тем, что здесь находятся такие достопримечательности мирового класса, как потрясающий Сад чудес (Dubai Miracle Garden) и Сад бабочек (Dubai Butterfly Garden). Жители наслаждаются современными удобствами в мало- и среднеэтажных жилых комплексах, легким доступом к крупным автомагистралям и спокойной обстановкой вдали от шума центра города. Благодаря сбалансированному сочетанию жилых, коммерческих и торговых площадей, Arjan предлагает полноценный городской образ жизни, что делает его желанным местом как для местных жителей, так и для приезжих. Arjan может похвастаться отличной транспортной доступностью с легким выездом на такие крупные магистрали, как Sheikh Mohammed Bin Zayed Road и Umm Suqeim Road, что обеспечивает быстрое перемещение по Дубаю как в сторону аэропортов, так и к пляжам. Хотя в самом Arjan пока нет собственной станции метро, ближайшие станции, такие как Mall of the Emirates, легко доступны благодаря хорошо налаженным автобусным маршрутам. Такси и сервисы каршеринга доступны круглосуточно, а международный аэропорт Дубая находится всего в 25 минутах езды. Культовая Бурдж-Халифа и центр Дубая расположены в 20 минутах езды, что делает Arjan удобной базой для всех ваших городских приключений.","Infrastructure","Nestled in vibrant Dubai, Arjan boasts a seamless blend of lifestyle amenities. Relish retail therapy at My City Centre Al Barsha or explore the wonders of Dubai Miracle Garden. Families cherish nearby Safa Community School, while healthcare access is ensured by Mediclinic Parkview Hospital. Enjoy leisurely strolls in neighborhood parks or engage in sports at the Dubai Sports City. Arjan harmonizes convenience and charm for an enriched Dubai living experience.","Infrastructure","Nestled in vibrant Dubai, Arjan boasts a seamless blend of lifestyle amenities. Relish retail therapy at My City Centre Al Barsha or explore the wonders of Dubai Miracle Garden. Families cherish nearby Safa Community School, while healthcare access is ensured by Mediclinic Parkview Hospital. Enjoy leisurely strolls in neighborhood parks or engage in sports at the Dubai Sports City. Arjan harmonizes convenience and charm for an enriched Dubai living experience.","{https://files.alnair.ae/uploads/2024/10/d0/fa/d0fa78d7f42695b062b503062e015a2d.jpg;https://files.alnair.ae/uploads/2024/10/70/85/7085c0ede745a6bb42d8b871f841283a.jpg;https://files.alnair.ae/uploads/2024/10/c4/71/c471850757128aa4f6ff9831b32386a5.jpg;https://files.alnair.ae/uploads/2024/10/ba/b9/bab965e10183b46cd294ea96c047d76b.jpg;https://files.alnair.ae/uploads/2024/10/57/e7/57e705a193d6dbdd8e22bb2d47967ce1.jpg;https://files.alnair.ae/uploads/2024/10/5a/57/5a5787baee30a1902ab93baace0849fb.jpg;https://files.alnair.ae/uploads/2024/10/a8/09/a80972f61f01ef55c0baa0773609c7da.jpg;https://files.alnair.ae/uploads/2024/10/fa/7d/fa7d3504fa9a6ca10aae17b6881e194f.jpg;https://files.alnair.ae/uploads/2024/10/f5/05/f5055c1dbd0bea461e042aca6937899d.jpg;https://files.alnair.ae/uploads/2024/10/bb/85/bb85d84bb625766324b22cd1918cf3f8.jpg}"
3d471fe8-f7e0-4976-b6a7-8e3744bff177,191ac941-212a-4136-b305-e38d7e55aea5,"Dubai",4cb49e99-dc24-497d-97aa-6dde42025896,"United Arab Emirates","Barsha South","Barsha South","Barsha South","","Al Barsha South Third in Dubai is a bustling neighborhood that blends modernity with a cozy, community feel. Renowned for its well-planned residential areas, it offers an array of contemporary villas and apartments. The proximity to key business districts and leisure destinations makes daily life convenient and vibrant. Green parks, educational institutions, and healthcare facilities enhance its appeal, making it ideal for families and professionals seeking a balanced lifestyle.  Al Barsha South Third boasts excellent transport links, making commuting a breeze. With easy access to major highways like Sheikh Mohammed Bin Zayed Road, reaching the city center or key attractions like Burj Khalifa is quick and straightforward. While there isn't a metro station within the area, frequent bus services and readily available taxis ensure connectivity. Dubai International Airport is just a 30-minute drive, promising convenience for frequent travelers.","","Al Barsha South Third в Дубае — это оживленный развивающийся район, который сочетает в себе современность с уютной атмосферой сообщества. В отличие от более шумных коммерческих центров поблизости, эта зона славится своими хорошо спланированными жилыми кварталами, предлагая множество современных вилл и просторных квартир. Близость к ключевым деловым центрам, таким как Dubai Science Park, и местам отдыха делает повседневную жизнь удобной и насыщенной. Изобилие зеленых парков, высококлассные международные школы и специализированные медицинские учреждения значительно повышают привлекательность района, делая его идеальным местом для проживания семей и профессионалов, ищущих сбалансированный образ жизни. Al Barsha South Third может похвастаться отличным транспортным сообщением, что делает поездки на работу легкими, где бы вы ни работали. Благодаря легкому доступу к крупным магистралям, таким как Sheikh Mohammed Bin Zayed Road и Al Khail Road, добраться до центра города, JVC или таких достопримечательностей, как Бурдж-Халифа, можно быстро и просто. Хотя непосредственно в жилых кварталах нет станции метро, частые автобусы RTA и доступные такси обеспечивают бесперебойную связь с сетью метрополитена. Международный аэропорт Дубая находится всего в 30 минутах езды, что гарантирует удобство для частых путешественников.","Infrastructure","Nestled in the heart of Dubai, Al Barsha South Third offers an exceptional blend of urban convenience and suburban tranquility. Residents enjoy proximity to the vibrant My City Centre Al Barsha for shopping, while educational needs are catered to by GEMS Founders School. For healthcare, Mediclinic Parkview Hospital is nearby. Lush parks provide leisure space, and the community's connectivity ensures easy access to Dubai's key locales, making it a desirable neighborhood.","Infrastructure","Nestled in the heart of Dubai, Al Barsha South Third offers an exceptional blend of urban convenience and suburban tranquility. Residents enjoy proximity to the vibrant My City Centre Al Barsha for shopping, while educational needs are catered to by GEMS Founders School. For healthcare, Mediclinic Parkview Hospital is nearby. Lush parks provide leisure space, and the community's connectivity ensures easy access to Dubai's key locales, making it a desirable neighborhood.","{https://files.alnair.ae/uploads/2024/10/12/83/1283640ab6fe2b8b378e14f8a7de0563.jpg;https://files.alnair.ae/uploads/2024/10/5c/f1/5cf129d91067a12c9e76e825bfa4713c.jpg;https://files.alnair.ae/uploads/2024/10/3f/2c/3f2c1a3c14cfae94638727446abfd366.jpg;https://files.alnair.ae/uploads/2024/10/7f/4f/7f4fa1ffbc29e26232ecd26cdf6c2544.jpg;https://files.alnair.ae/uploads/2024/10/64/05/64058da48b897427fc301a3efba41562.jpg;https://files.alnair.ae/uploads/2024/10/06/19/0619ecfa20250acc76c29cc39d918e47.png;https://files.alnair.ae/uploads/2024/10/02/d0/02d0a2e8f188e31bbb1ac82acc1a118b.jpg;https://files.alnair.ae/uploads/2024/10/6d/24/6d24dd79fc17bf0bd4efd04ac964a794.jpg;https://files.alnair.ae/uploads/2024/10/f6/24/f6241a7c0239f800e3b6c33f2a45b8c5.jpg;https://files.alnair.ae/uploads/2024/10/a3/e7/a3e74509b8d7095e45fe585dbfb5920b.jpg;https://files.alnair.ae/uploads/2024/10/74/ae/74aebe2beda09a1bc48b1d3d5ac165c6.jpg;https://files.alnair.ae/uploads/2024/10/08/0a/080a96706a64ac14c1b019f87734ab8b.jpg}"
bbb8d271-ec8f-4f16-bd7a-2a8c2de55b22,191ac941-212a-4136-b305-e38d7e55aea5,"Dubai",4cb49e99-dc24-497d-97aa-6dde42025896,"United Arab Emirates","Bluewaters Island","Bluewaters Island","Bluewaters Island","","Bluewaters is a vibrant district in Dubai known for its luxurious lifestyle and iconic attractions. Located off the Jumeirah Beach coastline, it's home to Ain Dubai, the world's largest observation wheel. The area boasts upscale residences, gourmet dining, and chic retail venues, all set against stunning waterfront views. With its lively atmosphere and easy access to beaches and city hotspots, Bluewaters offers an unmatched blend of relaxation and entertainment for residents and visitors alike.  Bluewaters is seamlessly connected to Dubai's vibrant cityscape via a robust transport network. Easily accessible by Sheikh Zayed Road, the island is linked to the mainland by a dedicated bridge. Public transport options include frequent bus services, with Dubai Marina Metro Station nearby. Ride-sharing and ample taxi services make city commutes a breeze. Just 30 minutes from Dubai International Airport, Bluewaters offers unparalleled access to the heart of Dubai, including the iconic Burj Khalifa.","","Bluewaters — это яркий район на искусственном острове в Дубае, известный своим ультра-роскошным образом жизни и знаковыми достопримечательностями. Расположенный прямо у побережья Jumeirah Beach Residence (JBR), он знаменит тем, что здесь находится «Глаз Дубая» (Ain Dubai) — самое большое в мире колесо обозрения, а также легендарный музей мадам Тюссо. Район может похвастаться элитными жилыми апартаментами, изысканными ресторанами мирового класса и шикарными торговыми точками на фоне потрясающих видов на Персидский залив. Благодаря оживленной атмосфере, премиальным отелям, таким как Banyan Tree, и легкому доступу к пляжам и городским развлечениям, Bluewaters предлагает непревзойденное сочетание отдыха и развлечений как для жителей, так и для гостей. Bluewaters неразрывно связан с ярким городским ландшафтом Дубая благодаря надежной и уникальной транспортной сети. До острова легко добраться на автомобиле через прямой съезд с шоссе Sheikh Zayed Road, а также он соединен с материком специальным пешеходным мостом, ведущим к пляжу The Beach на JBR. Варианты общественного транспорта включают частые автобусные рейсы и инновационную беспилотную систему группового транзита, соединяющую остров со станцией метро Dubai Marina. Сервисы каршеринга и многочисленные такси делают поездки по городу легкими. Находясь всего в 30 минутах от международного аэропорта Дубая, Bluewaters предлагает беспрецедентный доступ к сердцу Дубая, включая культовую Бурдж-Халифа.","Infrastructure","Nestled in Dubai, Bluewaters Island boasts a vibrant infrastructure featuring the iconic Ain Dubai, offering sweeping views of the city. Indulge in retail therapy at Bluewaters Mall, explore dining options along The Wharf, and relax at Cove Beach. While schools like Gems Wellington are a short drive away, top medical services are accessible at Mediclinic Parkview Hospital. Enjoy lush parks and fitness amenities, ensuring a well-rounded lifestyle in this exclusive community.","Infrastructure","Nestled in Dubai, Bluewaters Island boasts a vibrant infrastructure featuring the iconic Ain Dubai, offering sweeping views of the city. Indulge in retail therapy at Bluewaters Mall, explore dining options along The Wharf, and relax at Cove Beach. While schools like Gems Wellington are a short drive away, top medical services are accessible at Mediclinic Parkview Hospital. Enjoy lush parks and fitness amenities, ensuring a well-rounded lifestyle in this exclusive community.","{https://files.alnair.ae/uploads/2024/10/9c/d4/9cd457c784f4e112f16e0281913622be.jpg;https://files.alnair.ae/uploads/2024/10/9c/ec/9cec38020d4712d78e44eecd410b01c8.jpg;https://files.alnair.ae/uploads/2024/10/10/34/1034d99a33170362e5bcaf25c108bc0f.jpg;https://files.alnair.ae/uploads/2024/10/fb/a2/fba2a93a9c9e48dcf76e190e4b2042af.jpg;https://files.alnair.ae/uploads/2024/10/85/35/85350c3354e02aef50beeb2544addad6.jpg;https://files.alnair.ae/uploads/2024/10/02/2b/022b5e8819cb4f7dabce6a6ca66229c2.jpg;https://files.alnair.ae/uploads/2024/10/fe/9e/fe9e9db63059d40cbeb2c8ee18cd5878.jpg;https://files.alnair.ae/uploads/2024/10/13/ce/13cee85294956c3fea9546afa7a83a47.jpg;https://files.alnair.ae/uploads/2024/10/46/32/4632e398972185305860ea40d30a44ad.jpg;https://files.alnair.ae/uploads/2024/10/e1/5f/e15f1229aa2086706d30c51e5df2288e.jpg;https://files.alnair.ae/uploads/2024/10/44/a9/44a9fe38f3bcd1a3db9ab1390deb0305.jpg;https://files.alnair.ae/uploads/2024/10/e0/25/e025b7d12ae775345f82400acdfcfa89.jpg;https://files.alnair.ae/uploads/2024/10/e6/68/e668c3d677af5ad1ba89548a1fca3bba.jpg}"
9a5a17cc-816d-416a-876d-9fa1dd691970,191ac941-212a-4136-b305-e38d7e55aea5,"Dubai",4cb49e99-dc24-497d-97aa-6dde42025896,"United Arab Emirates","Business Bay","Business Bay","Business Bay","","Located in the heart of Dubai, Business Bay is a vibrant district known for its dynamic lifestyle and stunning skyline. With a mix of residential, commercial, and leisure spaces, it offers a perfect blend of work and play. Residents and visitors enjoy its waterfront views, trendy cafes, and high-end shopping. Proximity to Downtown and easy access to major transport links make Business Bay an attractive and convenient choice for modern urban living.  Business Bay, Dubai offers excellent transportation options. The area is serviced by the Business Bay Metro Station, connecting you effortlessly to the city's heart. Public buses and convenient taxi services ensure easy travel throughout Dubai. Just a 15-minute drive to Dubai International Airport and a quick 10-minute journey to the iconic Burj Khalifa, Business Bay is a hub of accessibility, making every commute and adventure hassle-free.","","Business Bay в самом сердце Дубая — это динамичный район, известный своим стремительным ритмом жизни и потрясающим горизонтом, украшенным футуристическими небоскребами. Расположенный вдоль живописного Дубайского канала, этот район представляет собой идеальное сочетание деловых центров, жилых комплексов и зон отдыха. Жители и гости могут наслаждаться прогулками по набережной Marasi Promenade, посещать модные кафе, рестораны высокой кухни и роскошные отели. Близость к Downtown Dubai и финансовому центру DIFC делает Business Bay привлекательным выбором для профессионалов и тех, кто ищет современный городской комфорт. <br><br> С точки зрения транспорта, Business Bay предлагает исключительную доступность. Район обслуживается собственной станцией метро Business Bay (Красная линия), которая позволяет без усилий добраться до ключевых точек города. Развитая сеть общественных автобусов и всегда доступные такси обеспечивают легкое передвижение. Благодаря выездам на шоссе Sheikh Zayed Road и Al Khail Road, поездка до международного аэропорта Дубая занимает всего 15 минут, а до культовой башни Бурдж-Халифа — менее 10 минут, превращая каждую поездку в легкое и быстрое путешествие.","Infrastructure","Experience the vibrant lifestyle of Business Bay, Dubai, a dynamic hub with Bay Avenue Mall and the luxurious Dubai Mall just minutes away. Families enjoy access to schools like GEMS Wellington Primary School and healthcare at Emirates Hospital. Lush parks, such as Bay Avenue Park, and the Dubai Water Canal offer serene escapes, while nearby Safa Park caters to sports enthusiasts. Discover a world of convenience with cultural venues and a wealth of shops and dining options.","Infrastructure","Experience the vibrant lifestyle of Business Bay, Dubai, a dynamic hub with Bay Avenue Mall and the luxurious Dubai Mall just minutes away. Families enjoy access to schools like GEMS Wellington Primary School and healthcare at Emirates Hospital. Lush parks, such as Bay Avenue Park, and the Dubai Water Canal offer serene escapes, while nearby Safa Park caters to sports enthusiasts. Discover a world of convenience with cultural venues and a wealth of shops and dining options.","{https://files.alnair.ae/uploads/2024/10/d5/68/d56842abbf994502846427fe4c46e9c0.jpg;https://files.alnair.ae/uploads/2024/10/52/f8/52f80af8b0935e53b562568fe59de6c6.jpg;https://files.alnair.ae/uploads/2024/10/7b/07/7b0716e496394d01b5535369a75bd19a.jpg;https://files.alnair.ae/uploads/2024/10/4b/c3/4bc3cbe4b1dba898d48e000f564ce51b.jpg;https://files.alnair.ae/uploads/2024/10/b1/21/b1214adb87ac154d690ba37cad55eb62.jpg;https://files.alnair.ae/uploads/2024/10/63/0f/630f6f3a63ac59b1a234dc27decdc0f0.jpg;https://files.alnair.ae/uploads/2024/10/83/db/83db676a9bda09978cd67cbb11f4cecf.jpg;https://files.alnair.ae/uploads/2024/10/89/ff/89ff11b10be853026f0361da2f0f11f5.jpg;https://files.alnair.ae/uploads/2024/10/21/82/21824ca212428070067f0a5c5b7ed4be.jpg;https://files.alnair.ae/uploads/2024/10/2b/01/2b019ebf3c9d4ad45706be8dd2170c53.jpg;https://files.alnair.ae/uploads/2024/10/f9/12/f91228569cf69b15c4f735c7b6a08ed5.jpg;https://files.alnair.ae/uploads/2024/10/ae/24/ae249ec1eef5f1b129e06ec88a6e2bb8.jpg}"
64b08113-e4c9-4cba-a8f9-893428361847,191ac941-212a-4136-b305-e38d7e55aea5,"Dubai",4cb49e99-dc24-497d-97aa-6dde42025896,"United Arab Emirates","Cherrywoods","Cherrywoods","Cherrywoods","","Cherrywoods in Dubai is a vibrant and family-friendly community known for its serene atmosphere and lush landscapes. This gated neighborhood features modern townhouses with premium amenities, including a clubhouse, swimming pools, and sports courts. With parks and playgrounds for children, it's designed for comfort and leisure. Its prime location offers easy access to shopping, dining, and top schools, making Cherrywoods an ideal choice for both residents and visitors seeking a balanced lifestyle.  Cherrywoods in Dubai offers convenient access to the city's transport network. While the area doesn't have a direct metro connection, it's well-served by buses and taxis ensuring smooth travel to central Dubai. Major roads like Al Qudra Road and Emirates Road provide easy connections to key locations. The Dubai International Airport and Burj Khalifa are just 30 minutes away. The area also promotes cycling with dedicated bike paths. Perfect for those seeking a balanced lifestyle.","","Cherrywoods — это яркое, закрытое семейное сообщество от застройщика Meraas, известное своей безмятежной атмосферой и пышными ландшафтами. Этот эксклюзивный район предлагает современные просторные таунхаусы с премиальной отделкой и развитой внутренней инфраструктурой. В центре внимания здесь находятся активный образ жизни и отдых: жители могут пользоваться клубным домом, бассейнами, теннисными кортами и баскетбольными площадками. Обширные парки, беговые дорожки и игровые зоны делают это место идеальным для детей. Расположение рядом с торговыми центрами и школами делает Cherrywoods прекрасным выбором для сбалансированной жизни. <br><br> Cherrywoods предлагает удобный доступ к транспортной сети города. Хотя район не имеет прямой связи с метро, он стратегически расположен на пересечении Emirates Road и Al Qudra Road, что обеспечивает легкое сообщение с ключевыми локациями. Регулярные автобусные маршруты и такси гарантируют плавное перемещение в центральный Дубай. Международный аэропорт Дубая и Бурдж-Халифа находятся всего в 30 минутах езды. Кроме того, район поддерживает культуру велоспорта благодаря выделенным дорожкам, соединяющимся со знаменитым велотреком Al Qudra.","Infrastructure","Welcome to Cherrywoods, Dubai's vibrant neighborhood offering an array of top-notch amenities. The community is surrounded by lush parks, including the picturesque Arabian Ranches park. Shoppers will delight in nearby Dubai Hills Mall. Families appreciate proximity to renowned schools like GEMS Metropole. Healthcare is covered with Mediclinic Parkview Hospital. Enjoy leisure amenities with sports courts, scenic pathways, and community pools for a balanced lifestyle.","Infrastructure","Welcome to Cherrywoods, Dubai's vibrant neighborhood offering an array of top-notch amenities. The community is surrounded by lush parks, including the picturesque Arabian Ranches park. Shoppers will delight in nearby Dubai Hills Mall. Families appreciate proximity to renowned schools like GEMS Metropole. Healthcare is covered with Mediclinic Parkview Hospital. Enjoy leisure amenities with sports courts, scenic pathways, and community pools for a balanced lifestyle.","{https://files.alnair.ae/uploads/2024/10/35/34/3534c824a9949cc6cc8d44c6cd8e0d74.jpg;https://files.alnair.ae/uploads/2024/10/66/95/669579d9098e478a7701ff1073297390.jpg;https://files.alnair.ae/uploads/2024/10/d1/0c/d10c9c2bca81bf22c721fd08c6a4baa3.png;https://files.alnair.ae/uploads/2024/10/06/bf/06bf890ab709cc3a6c49deb5ef1214b6.jpg;https://files.alnair.ae/uploads/2024/10/6f/be/6fbe856e45133f5172f20327c194aafd.png;https://files.alnair.ae/uploads/2024/10/2a/5b/2a5b554fc0108cd5e6a903a737818a28.png}"
7d43256c-5802-418e-b253-02b943b2ffc0,191ac941-212a-4136-b305-e38d7e55aea5,"Dubai",4cb49e99-dc24-497d-97aa-6dde42025896,"United Arab Emirates","City of Arabia","City of Arabia","City of Arabia","","City of Arabia in Dubai is a vibrant and visionary district, seamlessly blending residential, commercial, and entertainment spaces. It boasts iconic attractions like the IMG Worlds of Adventure and elite shopping venues. With modern infrastructure, lush landscapes, and a family-friendly ambiance, the area offers a dynamic lifestyle. Its strategic location and innovative design make it a sought-after destination for both residents and visitors.  City of Arabia boasts excellent transport connectivity. While the Dubai Metro isn't directly available, nearby stations are easily accessible via frequent buses and taxis. Bicycle lanes add an eco-friendly transport option. The community's location near major highways like Sheikh Mohammed Bin Zayed Road ensures swift access to Downtown Dubai and Burj Khalifa, just a 25-minute drive away. Dubai International Airport is approximately 30 minutes by car, making travel convenient and efficient.","","City of Arabia — это амбициозный и визионерский район в самом сердце Dubailand, который гармонично сочетает в себе жилые, коммерческие и развлекательные пространства. Он известен такими знаковыми достопримечательностями, как крытый парк аттракционов IMG Worlds of Adventure и близостью к ярмарке Global Village. Район предлагает современную инфраструктуру, зеленые насаждения и семейную атмосферу, создавая динамичный стиль жизни. Благодаря инновационному дизайну и наличию элитных торговых площадок, это место стало востребованным направлением как для инвесторов, так и для жителей. <br><br> City of Arabia может похвастаться отличной транспортной доступностью. Хотя метро Дубая не подведено напрямую к порогу, ближайшие станции легко доступны благодаря частым автобусам и такси. Велосипедные дорожки добавляют экологичный вариант передвижения. Расположение сообщества рядом с главной магистралью Sheikh Mohammed Bin Zayed Road обеспечивает быстрый доступ к Downtown Dubai и Бурдж-Халифе всего за 25 минут. Поездка до международного аэропорта Дубая занимает примерно 30 минут на автомобиле, что делает путешествия удобными и эффективными.","Infrastructure","City of Arabia in Dubai offers a seamless blend of convenience and luxury. Home to the iconic Mall of Arabia, it provides a vast shopping experience. Families will appreciate the GEMS Wellington Academy and access to world-class healthcare at Mediclinic Parkview Hospital. Enjoy leisure time at Wadi Safari Park, explore cultural treasures, and relax by serene canals. With state-of-the-art sports facilities, it's a vibrant hub for all lifestyles.","Infrastructure","City of Arabia in Dubai offers a seamless blend of convenience and luxury. Home to the iconic Mall of Arabia, it provides a vast shopping experience. Families will appreciate the GEMS Wellington Academy and access to world-class healthcare at Mediclinic Parkview Hospital. Enjoy leisure time at Wadi Safari Park, explore cultural treasures, and relax by serene canals. With state-of-the-art sports facilities, it's a vibrant hub for all lifestyles.","{https://files.alnair.ae/uploads/2024/10/c0/42/c04225c7a2cc97b5074d228fea69d693.jpg;https://files.alnair.ae/uploads/2024/10/3e/0d/3e0d060ab35d2e7c9e453f491c0ae4b8.jpg;https://files.alnair.ae/uploads/2024/10/f1/e7/f1e726a46e489cd6c51a40d39b7b797f.jpg;https://files.alnair.ae/uploads/2024/10/b9/92/b992a66759aea33237c1170825bb7b61.png;https://files.alnair.ae/uploads/2024/10/80/a1/80a106cc5f75a79a7c897de7c2795ad2.png;https://files.alnair.ae/uploads/2024/10/23/85/23854acee0144bfc78e587692a660317.png;https://files.alnair.ae/uploads/2024/10/e4/64/e464973a61e9370fef30b2a4434233f2.png;https://files.alnair.ae/uploads/2024/10/46/c4/46c49e2ba2ec35417e1e5b423218f846.png;https://files.alnair.ae/uploads/2024/10/26/23/26237ea3806d372b233fb173dd3572db.png}"
17b81689-df54-4f67-8175-32679f7eea32,191ac941-212a-4136-b305-e38d7e55aea5,"Dubai",4cb49e99-dc24-497d-97aa-6dde42025896,"United Arab Emirates","Creekside","Creekside","Creekside","","{""en"":{""description"":""""},""ru"":{""description"":""Damac Hills — это престижное, элитное сообщество, предлагающее уединенный отдых среди пышной зелени и удобств мирового класса. Центральным элементом района является знаменитый гольф-клуб Trump International Golf Club Dubai. Район славится своими живописными ландшафтами, роскошными виллами и апартаментами, создавая идеальное сочетание спокойствия и изысканности. Жители имеют доступ к современным фитнес-центрам, конюшням, скейт-парку, контактному зоопарку и даже бассейну с искусственными волнами Malibu Bay. Это идеальное место для тех, кто ищет гармоничный и здоровый образ жизни. <br><br> Damac Hills предлагает отличную транспортную доступность для автовладельцев. Хотя прямого доступа к метро здесь нет, район хорошо обслуживается автобусами RTA и такси. Любители велоспорта оценят наличие велосипедных дорожек. Сообщество примыкает к крупным магистралям, таким как Sheikh Mohammed Bin Zayed Road и Hessa Street, что обеспечивает плавную поездку в центр города и к таким достопримечательностям, как Бурдж-Халифа. Международный аэропорт Дубая находится примерно в 30 минутах езды, что делает путешествия беспроблемными.""}}","","Damac Hills — это престижное, элитное сообщество, предлагающее уединенный отдых среди пышной зелени и удобств мирового класса. Центральным элементом района является знаменитый гольф-клуб Trump International Golf Club Dubai. Район славится своими живописными ландшафтами, роскошными виллами и апартаментами, создавая идеальное сочетание спокойствия и изысканности. Жители имеют доступ к современным фитнес-центрам, конюшням, скейт-парку, контактному зоопарку и даже бассейну с искусственными волнами Malibu Bay. Это идеальное место для тех, кто ищет гармоничный и здоровый образ жизни. <br><br> Damac Hills предлагает отличную транспортную доступность для автовладельцев. Хотя прямого доступа к метро здесь нет, район хорошо обслуживается автобусами RTA и такси. Любители велоспорта оценят наличие велосипедных дорожек. Сообщество примыкает к крупным магистралям, таким как Sheikh Mohammed Bin Zayed Road и Hessa Street, что обеспечивает плавную поездку в центр города и к таким достопримечательностям, как Бурдж-Халифа. Международный аэропорт Дубая находится примерно в 30 минутах езды, что делает путешествия беспроблемными.","","","","",""
2239f07a-cbe2-4495-9c41-fd1b80311336,191ac941-212a-4136-b305-e38d7e55aea5,"Dubai",4cb49e99-dc24-497d-97aa-6dde42025896,"United Arab Emirates","Culture Village","Culture Village","Culture Village","","{""en"":{""description"":""""},""ru"":{""description"":""Добро пожаловать в Damac Hills 2 (ранее известный как Akoya), настоящий тихий оазис в Дубае! Это полностью автономное сообщество известно своими пышными зелеными ландшафтами и ориентацией на экологию и семейные ценности. Район разделен на тематические «города» — Водный, Спортивный и Развлекательный, предлагая жителям такие уникальные удобства, как ленивая река, плавучий кинотеатр, площадки для крикета и пейнтбола. С его яркой атмосферой и духом сплоченного соседства, Damac Hills 2 обещает мирное укрытие от городской суеты, оставаясь при этом современным и комфортным. <br><br> Damac Hills 2 предлагает развитую дорожную сеть, обеспечивающую легкий доступ к ключевым направлениям Дубая через Al Qudra Road. Хотя станция метро находится не в пешей доступности, такси и сервисы каршеринга всегда доступны. Оживленный центр Дубая и культовая Бурдж-Халифа находятся всего в 30–35 минутах езды по скоростным шоссе. Общественные автобусы улучшают связь с внешним миром, а международный аэропорт Дубая расположен примерно в 40 минутах езды, что делает поездки удобными и эффективными.""}}","","Добро пожаловать в Damac Hills 2 (ранее известный как Akoya), настоящий тихий оазис в Дубае! Это полностью автономное сообщество известно своими пышными зелеными ландшафтами и ориентацией на экологию и семейные ценности. Район разделен на тематические «города» — Водный, Спортивный и Развлекательный, предлагая жителям такие уникальные удобства, как ленивая река, плавучий кинотеатр, площадки для крикета и пейнтбола. С его яркой атмосферой и духом сплоченного соседства, Damac Hills 2 обещает мирное укрытие от городской суеты, оставаясь при этом современным и комфортным. <br><br> Damac Hills 2 предлагает развитую дорожную сеть, обеспечивающую легкий доступ к ключевым направлениям Дубая через Al Qudra Road. Хотя станция метро находится не в пешей доступности, такси и сервисы каршеринга всегда доступны. Оживленный центр Дубая и культовая Бурдж-Халифа находятся всего в 30–35 минутах езды по скоростным шоссе. Общественные автобусы улучшают связь с внешним миром, а международный аэропорт Дубая расположен примерно в 40 минутах езды, что делает поездки удобными и эффективными.","","","","",""
d715fb0d-ec82-4c5e-a2cb-699d40171fbd,191ac941-212a-4136-b305-e38d7e55aea5,"Dubai",4cb49e99-dc24-497d-97aa-6dde42025896,"United Arab Emirates","Damac Hills","Damac Hills","Damac Hills","","Damac Hills in Dubai is a vibrant, upscale community offering a serene escape amidst lush greenery and world-class amenities. Known for its picturesque golf courses and luxurious residences, it provides a perfect blend of tranquility and sophistication. Residents enjoy state-of-the-art fitness facilities, family-friendly parks, and a lively social scene. Ideal for those seeking a harmonious lifestyle, Damac Hills promises a welcoming and dynamic environment.  Damac Hills in Dubai offers excellent transport connectivity. While there’s no direct metro access, the area is well-served by buses and taxis for convenient travel. Cycling enthusiasts will appreciate the bike-friendly pathways. It's close to major highways like Sheikh Mohammed Bin Zayed Road, ensuring a smooth commute to downtown Dubai and key attractions like the Burj Khalifa. The Dubai International Airport is about a 30-minute drive away, making travel seamless.","","Откройте для себя Damac Lagoons, роскошный оазис Дубая, где средиземноморский шарм встречается с городскими инновациями. Это живописное сообщество вдохновлено самыми красивыми курортами мира, такими как Санторини, Венеция и Мальта. Район отличается потрясающими виллами, окруженными кристально чистыми искусственными лагунами и песчаными пляжами, предлагая спокойный отдых от городской жизни. Жители наслаждаются курортной атмосферой, водными видами спорта, плавучим амфитеатром и пышной зеленью. <br><br> Damac Lagoons может похвастаться отличной транспортной доступностью для автомобилистов. Несмотря на отсутствие прямого доступа к метро, район хорошо обслуживается эффективными автобусными маршрутами, а такси легко доступны для поездок по городу. Сообщество удобно связано с крупными магистралями, такими как Emirates Road и Sheikh Mohammed Bin Zayed Road, предлагая всего 30 минут езды до Downtown Dubai и знаменитой Бурдж-Халифы. Международный аэропорт Дубая находится примерно в 35 минутах езды на машине.","Infrastructure","Nestled in Dubai, Damac Hills boasts a vibrant infrastructure featuring the Trump International Golf Club, world-class facilities, lush parks, and serene lakes. Enjoy easy access to Jebel Ali School, Carrefour market, and the buzzing Mudon Community Centre. Nearby, the Mall of the Emirates and Mediclinic Parkview Hospital offer shopping and healthcare excellence. An ideal haven blending luxury, nature, and convenience seamlessly.","Infrastructure","Nestled in Dubai, Damac Hills boasts a vibrant infrastructure featuring the Trump International Golf Club, world-class facilities, lush parks, and serene lakes. Enjoy easy access to Jebel Ali School, Carrefour market, and the buzzing Mudon Community Centre. Nearby, the Mall of the Emirates and Mediclinic Parkview Hospital offer shopping and healthcare excellence. An ideal haven blending luxury, nature, and convenience seamlessly.","{https://files.alnair.ae/uploads/2024/10/fb/4a/fb4aa65f48632dc8835bebcf7825d3c7.jpg;https://files.alnair.ae/uploads/2024/10/d3/9d/d39d1f6e012de4f4cd30f51fc2fb44b6.jpg;https://files.alnair.ae/uploads/2024/10/f4/41/f441f7d8f66c13bd0058ff286904c74f.jpg;https://files.alnair.ae/uploads/2024/10/eb/d0/ebd088cc42d8eb60087a6fb5b847872a.jpg;https://files.alnair.ae/uploads/2024/10/53/05/5305123f1a061027a02db6248290afb6.jpg;https://files.alnair.ae/uploads/2024/10/fa/64/fa64a9aac346f77dd3123611343ae715.jpg;https://files.alnair.ae/uploads/2024/10/62/31/62317d5bc1c7155ec32954096bb2c529.jpg;https://files.alnair.ae/uploads/2024/10/98/f0/98f0e0ef5feea837e8693c1d71c71528.jpg;https://files.alnair.ae/uploads/2024/10/07/f2/07f2bace07eb35c8632037527e57fc7b.jpg;https://files.alnair.ae/uploads/2024/10/e1/d8/e1d883a0d883c435014002e438a24b9c.jpg;https://files.alnair.ae/uploads/2024/10/89/e6/89e6ba9e8c316f11d8ec73e7ef7e8a4c.jpg;https://files.alnair.ae/uploads/2024/10/75/f4/75f4ff9c62aa09d7e4cf704d6d4676ff.jpg;https://files.alnair.ae/uploads/2024/10/e1/bc/e1bcf7d070091229bb60eb8b3a76accd.jpg;https://files.alnair.ae/uploads/2024/10/0c/2c/0c2cdfcf92743d043961af75f098a669.jpg}"
43600e79-c735-487b-9efb-3b6765589466,191ac941-212a-4136-b305-e38d7e55aea5,"Dubai",4cb49e99-dc24-497d-97aa-6dde42025896,"United Arab Emirates","Damac Hills 2","Damac Hills 2","Damac Hills 2","","Welcome to Damac Hills 2, a tranquil oasis in Dubai! Known for its lush, green landscapes and family-friendly environment, this community offers a perfect blend of luxury and nature. Enjoy stunning golf courses, serene lakes, and world-class amenities. With its vibrant atmosphere, eco-friendly design, and close-knit community spirit, Damac Hills 2 promises a peaceful retreat from city life, making it an ideal choice for residents and visitors alike.  Damac Hills 2 offers a well-connected transport network, ensuring easy access to Dubai's key destinations. While there isn't a metro station directly in the area, taxis and ride-sharing services are readily available. The vibrant Dubai city center and the iconic Burj Khalifa are just a 30-minute drive via major highways. Public buses enhance connectivity, and the Dubai International Airport is approximately 40 minutes away, making travel convenient and efficient.","","Discovery Gardens — это яркое и доступное семейное сообщество, известное своими шестью тематическими кластерами: Дзен, Средиземноморье, Современность, Могол, Мезоамерика и Кактус. Район утопает в зелени и спроектирован для комфорта и удобства, предлагая просторные квартиры, разнообразные рестораны и торговые центры, такие как Ibn Battuta Mall поблизости. Его спокойная обстановка, в сочетании с многочисленными общественными бассейнами, теннисными кортами и баскетбольными площадками, делает его привлекательным выбором для жителей, ищущих гармоничный баланс между природой и городской жизнью. <br><br> Discovery Gardens обладает отличным транспортным сообщением, что обеспечивает удобное перемещение по Дубаю. Благодаря расширению «Route 2020», район теперь обслуживается собственной станцией метро Discovery Gardens, предлагая быстрый доступ к EXPO City, Dubai Marina и центру города. Обширная автобусная сеть и доступные такси делают поездки простыми, а выезд на шоссе Sheikh Zayed Road и Sheikh Mohammed Bin Zayed Road открыт для автомобилистов. Международный аэропорт Дубая находится примерно в 40 минутах езды.","Infrastructure","Damac Hills 2 in Dubai offers a vibrant community with top-notch infrastructure. Explore Carrefour supermarket and the expansive Akoya Oxygen mall for all your shopping needs. Families appreciate the nearby Jebel Ali School and Creakelink Nursery. Health care is accessible with Mediclinic Parkview Hospital in proximity. Enjoy active living at Trump World Golf Club and serene relaxation at the community parks, lush with lagoons and fitness zones.","Infrastructure","Damac Hills 2 in Dubai offers a vibrant community with top-notch infrastructure. Explore Carrefour supermarket and the expansive Akoya Oxygen mall for all your shopping needs. Families appreciate the nearby Jebel Ali School and Creakelink Nursery. Health care is accessible with Mediclinic Parkview Hospital in proximity. Enjoy active living at Trump World Golf Club and serene relaxation at the community parks, lush with lagoons and fitness zones.","{https://files.alnair.ae/uploads/2024/10/9d/26/9d26fc3ed7640be830eeac92d6b0ebc3.jpg;https://files.alnair.ae/uploads/2024/10/78/09/78094064507c5a3dd7a2e758a64a4cba.jpg;https://files.alnair.ae/uploads/2024/10/21/57/2157574412b0119e22b294a44a1fc075.jpg;https://files.alnair.ae/uploads/2024/10/55/29/55299cf9c0dfbcfe546e486d8b9688f1.jpg;https://files.alnair.ae/uploads/2024/10/ac/84/ac84b120781c476a2f8bd0f264e11309.jpg;https://files.alnair.ae/uploads/2024/10/4b/ba/4bba0a8f1e2c02e6d52d75acb11fadf4.jpg;https://files.alnair.ae/uploads/2024/10/45/0f/450f8316fdfd2c059efe9377174f1eca.jpg;https://files.alnair.ae/uploads/2024/10/52/ee/52eed13db6b2ef06621998636b40373f.jpg;https://files.alnair.ae/uploads/2024/10/a8/c2/a8c2012711b230efbf4ec074e22be4b3.jpg;https://files.alnair.ae/uploads/2024/10/ff/08/ff083e073c61c0c21a9bbec6d33920fc.jpg;https://files.alnair.ae/uploads/2024/10/d6/a4/d6a498b65dada86c27480c37f7fe6dac.jpg}"
76f29672-718e-4096-82f8-5248da789c52,191ac941-212a-4136-b305-e38d7e55aea5,"Dubai",4cb49e99-dc24-497d-97aa-6dde42025896,"United Arab Emirates","Damac Lagoons","Damac Lagoons","Damac Lagoons","","Welcome to Damac Lagoons, Dubai's luxurious oasis where Mediterranean charm meets urban innovation. This picturesque community features stunning villas and serene water bodies, offering a tranquil escape from city life. Residents enjoy a vibrant atmosphere, leisure activities, and lush greenery. Its prime location and family-friendly amenities make Damac Lagoons a perfect retreat for both residents and visitors. Discover the beauty and allure that await you here!  Damac Lagoons in Dubai boasts excellent transport connectivity. While there isn't direct access to the metro, the area is well-served by efficient bus routes and readily available taxis, ensuring easy travel throughout the city. The community is conveniently connected to major highways, offering just a 30-minute drive to Downtown Dubai, including the iconic Burj Khalifa. Dubai International Airport is approximately 35 minutes away by car.","","Downtown Dubai — это, бесспорно, яркое сердце города, известное своим культовым горизонтом, в котором доминируют самая высокая башня в мире Бурдж-Халифа и крупнейший торговый центр The Dubai Mall. Этот динамичный район представляет собой идеальное сочетание ультра-роскошной жизни, бурлящих развлечений и культурных достопримечательностей, таких как Дубайская опера и Танцующие фонтаны. Жителей и туристов привлекают рестораны мирового класса на бульваре Шейха Мохаммеда бин Рашида и бурная ночная жизнь. Благодаря своим пешеходным улицам, Downtown предлагает уникальный городской стиль жизни, где современность переплетается с традициями (рынок Souk Al Bahar). <br><br> Downtown Dubai может похвастаться исключительной транспортной доступностью. Станция метро Burj Khalifa/Dubai Mall обеспечивает мгновенный доступ к красной ветке метрополитена. Автобусы, трамвай Downtown Trolley и такси всегда к услугам жителей. Район также дружелюбен к пешеходам и имеет велосипедные дорожки. Главная магистраль города, Sheikh Zayed Road, проходит прямо по границе района. Международный аэропорт Дубая находится всего в 15 минутах езды, что делает это место центром доступности и комфорта.","Infrastructure","Welcome to Damac Lagoons, Dubai's serene oasis! Enjoy the vibrant Lagoons Mall, perfect for all your shopping needs. Families love the proximity to Jebel Ali School and excellent healthcare at NMC Royal Hospital. Stroll through lush parks or relax by the stunning artificial lagoons. Explore cultural attractions like Alserkal Avenue and stay active with top-notch sports facilities at Dubai Sports City. Experience a perfect blend of tranquility and convenience!","Infrastructure","Welcome to Damac Lagoons, Dubai's serene oasis! Enjoy the vibrant Lagoons Mall, perfect for all your shopping needs. Families love the proximity to Jebel Ali School and excellent healthcare at NMC Royal Hospital. Stroll through lush parks or relax by the stunning artificial lagoons. Explore cultural attractions like Alserkal Avenue and stay active with top-notch sports facilities at Dubai Sports City. Experience a perfect blend of tranquility and convenience!","{https://files.alnair.ae/uploads/2024/10/5b/7b/5b7b4b5a45e365689d64df56f46d2f01.jpg;https://files.alnair.ae/uploads/2024/10/57/72/57724c3591bc70ea5aef7f7c3e25608f.jpg;https://files.alnair.ae/uploads/2024/10/d3/e5/d3e55d2964a081b902abce1abd3cdfeb.jpg;https://files.alnair.ae/uploads/2024/10/7e/53/7e53bab7d0e4f9eac14193dbe8d248de.jpg;https://files.alnair.ae/uploads/2024/10/ee/91/ee918edd758bccff68685ab581cf3020.jpg;https://files.alnair.ae/uploads/2024/10/0f/0f/0f0f834b060b2b91f9bcd500387f67c8.jpg;https://files.alnair.ae/uploads/2024/10/54/a4/54a4e004b5c601d6cc6a310684bfa7cc.jpg;https://files.alnair.ae/uploads/2024/10/5b/be/5bbeb593133571efc6b76d0012413a85.jpg;https://files.alnair.ae/uploads/2024/10/20/e3/20e3a0132bc661a37c18fb00a001cc2e.jpg;https://files.alnair.ae/uploads/2024/10/1c/fe/1cfe48d84b7a49c1dc7213464edf67b7.jpg;https://files.alnair.ae/uploads/2024/10/63/8e/638e8248b3b9e1bd1eada97386c462e0.jpg;https://files.alnair.ae/uploads/2024/10/2a/e8/2ae89445637f652212790f7a92a04397.jpg;https://files.alnair.ae/uploads/2024/10/5c/24/5c2459ae4179ce527c4ac07a02204816.jpg;https://files.alnair.ae/uploads/2024/10/52/e0/52e018e0639ef0644c1c00aa1546a17c.jpg;https://files.alnair.ae/uploads/2024/10/22/68/2268c81bd20a0b207093cda512cb297a.jpg;https://files.alnair.ae/uploads/2024/10/73/f4/73f429d0e623b1f9301c517517768142.jpg}"
121175a9-e50e-44f4-8253-5da9784f7810,191ac941-212a-4136-b305-e38d7e55aea5,"Dubai",4cb49e99-dc24-497d-97aa-6dde42025896,"United Arab Emirates","Discovery Gardens","Discovery Gardens","Discovery Gardens","","Discovery Gardens in Dubai offers a vibrant and family-friendly community known for its lush landscapes and themed gardens. Designed for comfort and convenience, it features spacious apartments, diverse dining options, and excellent transport links. Its peaceful environment, combined with amenities like pools and sports facilities, makes it an attractive choice for residents and visitors seeking a harmonious balance between nature and urban living.  Discovery Gardens boasts excellent transport links, ensuring convenient travel across Dubai. The Dubai Metro's Red Line is just a short distance away, offering quick access to the city center and Burj Khalifa. An extensive bus network and readily available taxis make commuting simple, while major highways are easily accessible. Cyclists can enjoy nearby routes, and Dubai International Airport is approximately a 40-minute drive, making connectivity seamless for residents.","","Discovery Gardens в Дубае — это оживленное и доступное семейное сообщество, известное своими шестью тематическими кластерами: Дзен, Средиземноморье, Современность, Могол, Мезоамерика и Кактус. Район утопает в зелени и спроектирован для комфорта и удобства, предлагая просторные квартиры, разнообразные рестораны и торговые центры, такие как Ibn Battuta Mall поблизости. Его спокойная обстановка, в сочетании с многочисленными общественными бассейнами, теннисными кортами и баскетбольными площадками, делает его привлекательным выбором для жителей, ищущих гармоничный баланс между природой и городской жизнью. <br><br> Транспорт: Discovery Gardens обладает отличным транспортным сообщением. Благодаря расширению ветки «Route 2020», район теперь обслуживается собственной станцией метро Discovery Gardens, предлагая быстрый доступ к EXPO City, Dubai Marina и центру города. Обширная автобусная сеть и доступные такси делают поездки простыми, а выезд на шоссе Sheikh Zayed Road и Sheikh Mohammed Bin Zayed Road открыт для автомобилистов. Международный аэропорт Дубая находится примерно в 40 минутах езды.","Infrastructure","Located in Dubai, Discovery Gardens offers a vibrant community rich in amenities. Residents enjoy proximity to Ibn Battuta Mall for diverse shopping and dining experiences. For families, The Winchester School is a popular educational option. Nearby clinics, like Aster Clinic, ensure healthcare needs are met. Numerous parks provide green spaces for relaxation, while Discovery Gardens Pavilion features sports facilities and essential shops, making it a convenient residential area.","Infrastructure","Located in Dubai, Discovery Gardens offers a vibrant community rich in amenities. Residents enjoy proximity to Ibn Battuta Mall for diverse shopping and dining experiences. For families, The Winchester School is a popular educational option. Nearby clinics, like Aster Clinic, ensure healthcare needs are met. Numerous parks provide green spaces for relaxation, while Discovery Gardens Pavilion features sports facilities and essential shops, making it a convenient residential area.","{https://files.alnair.ae/uploads/2024/10/65/62/6562a36a8bd53e088a76774209be53f5.jpg;https://files.alnair.ae/uploads/2024/10/59/fd/59fd996716a239c1b75f5b0d08c41fba.jpg;https://files.alnair.ae/uploads/2024/10/79/e8/79e8ad4d84c914179cf66bb5dfbf8bf8.jpg;https://files.alnair.ae/uploads/2024/10/aa/a6/aaa687f161c3ad696ac5ade2bc533c48.jpg;https://files.alnair.ae/uploads/2024/10/10/76/1076e27798651a42710ba66f189e9276.jpg;https://files.alnair.ae/uploads/2024/10/c6/65/c66591136ef5c12b14a8c341853e3e1f.jpg;https://files.alnair.ae/uploads/2024/10/d2/62/d262664d73b1e87d84a2a998a5bd883f.jpg;https://files.alnair.ae/uploads/2024/10/95/0a/950a961cb78a82e1a9612b06a12d4639.jpg;https://files.alnair.ae/uploads/2024/10/c5/23/c5239f36b6d870e0cf8bd5e3891f43ca.jpg;https://files.alnair.ae/uploads/2024/10/ea/96/ea96f86c6c043398ebd59d54ca6ad08a.png;https://files.alnair.ae/uploads/2024/10/29/d6/29d601cee32916973932bb3a5dcc32d6.jpg}"
cfb1d050-2a01-4fa0-b88c-a1a23d2d15ce,191ac941-212a-4136-b305-e38d7e55aea5,"Dubai",4cb49e99-dc24-497d-97aa-6dde42025896,"United Arab Emirates","Downtown Dubai","Downtown Dubai","Downtown Dubai","","Downtown Dubai is the vibrant heart of the city, known for its iconic skyline featuring the Burj Khalifa and The Dubai Mall. This dynamic district is a perfect mix of luxury living, bustling entertainment, and cultural attractions. Residents and visitors are drawn to its world-class dining, shopping, and nightlife. With its pedestrian-friendly streets and lively atmosphere, Downtown Dubai offers a unique urban lifestyle that seamlessly blends modernity and tradition.  Downtown Dubai boasts exceptional transport connectivity, making it easy to explore the city. With the Dubai Metro’s Burj Khalifa/Dubai Mall station nearby, commuting is a breeze. Buses and taxis are always available for convenient travel. The area is also pedestrian-friendly with cyclist paths. Major highways, such as Sheikh Zayed Road, are easily accessible. Dubai International Airport is just a 15-minute drive away, while Burj Khalifa is a short stroll from anywhere in the district.","","Downtown Dubai — это, бесспорно, яркое сердце города, известное своим культовым горизонтом, в котором доминируют самая высокая башня в мире Бурдж-Халифа и крупнейший торговый центр The Dubai Mall. Этот динамичный район представляет собой идеальное сочетание ультра-роскошной жизни, бурлящих развлечений и культурных достопримечательностей, таких как Дубайская опера и Танцующие фонтаны. Жителей привлекают рестораны мирового класса на бульваре Шейха Мохаммеда бин Рашида и бурная ночная жизнь. Благодаря пешеходным зонам, Downtown предлагает уникальный городской стиль жизни, где современность переплетается с традициями (рынок Souk Al Bahar). <br><br> Транспорт: Район может похвастаться исключительной транспортной доступностью. Станция метро Burj Khalifa/Dubai Mall обеспечивает мгновенный доступ к красной ветке метрополитена. Автобусы, трамвай Downtown Trolley и такси всегда к услугам жителей. Район также дружелюбен к пешеходам и имеет велосипедные дорожки. Главная магистраль Sheikh Zayed Road проходит прямо по границе района. Международный аэропорт Дубая находится всего в 15 минутах езды.","Infrastructure","Experience urban luxury in Downtown Dubai, featuring iconic landmarks like the Dubai Mall, one of the world's largest shopping destinations. Enjoy cultural splendors at the Dubai Opera, or relax at the serene Burj Park. Premium healthcare is accessible at Mediclinic. Although primarily a commercial hub, schools like JSS Private School are nearby. Discover waterfront views along the Dubai Fountain and vibrant fitness options at the Dubai Sports World.","Infrastructure","Experience urban luxury in Downtown Dubai, featuring iconic landmarks like the Dubai Mall, one of the world's largest shopping destinations. Enjoy cultural splendors at the Dubai Opera, or relax at the serene Burj Park. Premium healthcare is accessible at Mediclinic. Although primarily a commercial hub, schools like JSS Private School are nearby. Discover waterfront views along the Dubai Fountain and vibrant fitness options at the Dubai Sports World.","{https://files.alnair.ae/uploads/2024/10/16/f8/16f8a9bfca36d666f4d4b2189b2d0e45.jpg;https://files.alnair.ae/uploads/2024/10/a1/66/a16666bc8696d7f38f528331fb804c6a.jpg;https://files.alnair.ae/uploads/2024/10/de/43/de43af2aa6fb663421569ddae808ef2e.jpg;https://files.alnair.ae/uploads/2024/10/51/13/511347d03bed5829e71de70036c8c584.jpg;https://files.alnair.ae/uploads/2024/10/69/80/698074de08993d6c9bf76080f2f6d7cf.jpg;https://files.alnair.ae/uploads/2024/10/4e/d6/4ed6b984e91de0b64ed303ad45b26ac2.jpg;https://files.alnair.ae/uploads/2024/10/f7/7f/f77ff9e841154131183798cec3f0b9d6.jpg;https://files.alnair.ae/uploads/2024/10/b2/86/b286d1619062c30dba35afd70a2c0c31.jpg;https://files.alnair.ae/uploads/2024/10/c5/c0/c5c0f83075664e203b5f96e1490dd07c.jpg;https://files.alnair.ae/uploads/2024/10/42/98/429800a4dca1fc5265170b29f4d72f67.jpg;https://files.alnair.ae/uploads/2024/10/00/0d/000da990dcb021faee4cbccfeb349a72.jpg;https://files.alnair.ae/uploads/2024/10/3d/d3/3dd3a828212f7a16c1fe6a62d7f74a48.jpg;https://files.alnair.ae/uploads/2024/10/7c/4a/7c4aa66312fd0e7be85d5696f4dcd7f7.jpg;https://files.alnair.ae/uploads/2024/10/d3/68/d3682ff71171fb13cbb8d482009a6075.jpg;https://files.alnair.ae/uploads/2024/10/71/0c/710cf74d0119ea5e04b275ae2812ddef.jpg}"
20a3057e-dbbe-468f-898c-547923b88925,191ac941-212a-4136-b305-e38d7e55aea5,"Dubai",4cb49e99-dc24-497d-97aa-6dde42025896,"United Arab Emirates","Downtown Jebel Ali","Downtown Jebel Ali","Downtown Jebel Ali","","","","","","","","",""
bfefe32b-5fb2-4e93-80c3-2757879c4caf,191ac941-212a-4136-b305-e38d7e55aea5,"Dubai",4cb49e99-dc24-497d-97aa-6dde42025896,"United Arab Emirates","Downtown Umm Al Quwain, Umm Al Quwain","Downtown Umm Al Quwain, Umm Al Quwain","Downtown Umm Al Quwain, Umm Al Quwain","","","","","","","","",""
72e0d7b9-f43c-4bd1-9615-dafcc1f752b6,191ac941-212a-4136-b305-e38d7e55aea5,"Dubai",4cb49e99-dc24-497d-97aa-6dde42025896,"United Arab Emirates","Dubai Creek Harbour","Dubai Creek Harbour","Dubai Creek Harbour","","Dubai Creek Harbour is a vibrant waterfront community that perfectly blends modern luxury with rich cultural heritage. Nestled along the historic Dubai Creek, this district offers breathtaking views, lush parks, and an array of dining and shopping options. Its iconic architecture, including Dubai Creek Tower, promises a skyline like no other. Ideal for families and professionals alike, it's a hub of connectivity, leisure, and innovation, making it a coveted destination for living and visiting.  Dubai Creek Harbour offers excellent transport connectivity, making it easy to reach the heart of Dubai and key landmarks. The area is well-served by an efficient bus network and nearby metro stations. Taxis are readily available, and dedicated bike lanes promote eco-friendly travel. Just a short drive from Dubai International Airport and about 15 minutes from Downtown Dubai and Burj Khalifa, this district ensures effortless commuting for residents.","","Dubai Creek Harbour — это ультрасовременное прибрежное сообщество, которое идеально сочетает современную роскошь с богатым культурным наследием. Расположенный вдоль исторического залива Dubai Creek, этот район предлагает захватывающие панорамные виды на горизонт города и заповедник дикой природы Рас-эль-Хор с его фламинго. Это «город будущего» с пышными парками, променадом Creek Marina и множеством ресторанов и бутиков. Район идеально подходит как для семей, так и для профессионалов, предлагая атмосферу инноваций и отдыха у воды. <br><br> Транспорт: Dubai Creek Harbour предлагает отличную транспортную доступность. Район хорошо обслуживается эффективной автобусной сетью и находится недалеко от станции метро Creek (Зеленая линия). Такси всегда доступны, а выделенные велосипедные дорожки способствуют экологичным поездкам. Также доступен водный транспорт. Всего 15 минут езды отделяют район от Downtown Dubai, Бурдж-Халифы и международного аэропорта Дубая, что делает поездки легкими и быстрыми.","Infrastructure","Dubai Creek Harbour is a vibrant community featuring top-tier amenities. Enjoy shopping at Dubai Square Mall and savor nature at Creek Marina with its lush parks. Families benefit from renowned schools like Swiss International Scientific School and top-notch healthcare at Creek Health Centre. Explore the sprawling central park, cultural attractions, and lagoons perfect for leisure activities. Sports enthusiasts will appreciate the dedicated sports facilities and scenic jogging tracks.","Infrastructure","Dubai Creek Harbour is a vibrant community featuring top-tier amenities. Enjoy shopping at Dubai Square Mall and savor nature at Creek Marina with its lush parks. Families benefit from renowned schools like Swiss International Scientific School and top-notch healthcare at Creek Health Centre. Explore the sprawling central park, cultural attractions, and lagoons perfect for leisure activities. Sports enthusiasts will appreciate the dedicated sports facilities and scenic jogging tracks.","{https://files.alnair.ae/uploads/2024/10/0d/de/0dde116c39a8b40308833ff45e42d0a9.png;https://files.alnair.ae/uploads/2024/10/6b/ac/6bac5922f49aac05c01cacb40562460a.png;https://files.alnair.ae/uploads/2024/10/fb/b2/fbb29c3ed1726ca654cdc91b4c101ff3.png;https://files.alnair.ae/uploads/2024/10/b2/d4/b2d4ffc9feeed04edbadf0ad7dfce7b5.png;https://files.alnair.ae/uploads/2024/10/d0/09/d009da7d13dd96a67ae1ff9aa0ffe6cf.png;https://files.alnair.ae/uploads/2024/10/b8/b3/b8b389188f8dd6dd8f061d0a74feb2d6.jpg;https://files.alnair.ae/uploads/2024/10/23/9a/239af1218aec88c66b492c2af2713e9c.jpg;https://files.alnair.ae/uploads/2024/10/f9/93/f993888131f066f82b0249e186ea5a2e.jpg;https://files.alnair.ae/uploads/2024/10/64/1e/641e6fd0b7166782b03f214c80b40953.jpg}"
7b894b2c-c69f-493b-9acc-f59827cfffa4,191ac941-212a-4136-b305-e38d7e55aea5,"Dubai",4cb49e99-dc24-497d-97aa-6dde42025896,"United Arab Emirates","Dubai Design District ","Dubai Design District ","Dubai Design District ","","Dubai Design District (d3) is a vibrant hub for art, design, fashion, and innovation. Nestled in the heart of Dubai, d3 boasts a creative atmosphere and cutting-edge architecture, offering a unique blend of workspaces, galleries, trendy cafes, and boutique shops. Its lively cultural scene and regular events make it a magnet for creatives and innovators, making it an ideal area for both residents and visitors seeking inspiration and community.  Dubai Design District offers superb transport connectivity, ensuring easy access to the city's key spots. The district is serviced by several bus routes and is in close proximity to metro stations, making the city center and Burj Khalifa just a short ride away. Taxis are readily available, and dedicated bike paths are perfect for cycling enthusiasts. Major highways nearby ensure a 15-minute drive to Dubai International Airport, making commuting seamless and efficient.","","Dubai Design District (d3) — это креативное сердце города, центр искусства, дизайна, моды и инноваций. Расположенный недалеко от центра Дубая, d3 может похвастаться уникальной архитектурой, модными галереями, шоурумами, концептуальными кафе и бутиками. Здесь регулярно проходят такие знаковые события, как Dubai Design Week. Живая культурная сцена делает его магнитом для творческих людей, стартапов и мировых брендов, создавая вдохновляющую атмосферу для работы и отдыха. <br><br> Транспорт: d3 предлагает превосходную транспортную доступность. Район обслуживается несколькими автобусными маршрутами, которые связывают его со станцией метро Dubai Mall. Такси легко доступны, а выделенные велосипедные дорожки идеально подходят для любителей активного образа жизни. Крупные автомагистрали, такие как Al Khail Road, обеспечивают 15-минутную поездку до международного аэропорта Дубая и центра города.","Infrastructure","Dubai Design District (d3) offers a vibrant lifestyle with top-notch amenities. Nearby, find The Dubai Mall for an unparalleled shopping experience and Zabeel Park for leisure and relaxation. Educational needs are met with the Swiss International Scientific School. Healthcare is accessible at Mediclinic City Hospital. The district brims with cultural spaces like The Green Planet and offers world-class dining, boutique shops, and creative hubs, making it an exciting place to live and create.","Infrastructure","Dubai Design District (d3) offers a vibrant lifestyle with top-notch amenities. Nearby, find The Dubai Mall for an unparalleled shopping experience and Zabeel Park for leisure and relaxation. Educational needs are met with the Swiss International Scientific School. Healthcare is accessible at Mediclinic City Hospital. The district brims with cultural spaces like The Green Planet and offers world-class dining, boutique shops, and creative hubs, making it an exciting place to live and create.","{https://files.alnair.ae/uploads/2024/10/93/b4/93b40b2a3be19600362f9c1acc0902fc.jpg;https://files.alnair.ae/uploads/2024/10/32/fd/32fd25801f71b24baa9b140cbf4e19a2.jpg;https://files.alnair.ae/uploads/2024/10/f2/1b/f21bbfaf036db9367a06b7ba4d12205b.png;https://files.alnair.ae/uploads/2024/10/b8/3f/b83f5d084eb0f3e29a17358dc6413d14.png;https://files.alnair.ae/uploads/2024/10/c4/19/c419162a4e64ff7e4d1f2885b7dd079b.jpg;https://files.alnair.ae/uploads/2024/10/97/a5/97a5bb85177f976b63764c34b49660ea.jpg;https://files.alnair.ae/uploads/2024/10/eb/c2/ebc26a9cfb5c307dcf3a36e7ae64ee84.jpg;https://files.alnair.ae/uploads/2024/10/15/c8/15c8ea0b091a4386a3782152d17fe22a.jpg;https://files.alnair.ae/uploads/2024/10/8f/c8/8fc87136a4b1cf0bfb90679695435fe8.jpg;https://files.alnair.ae/uploads/2024/10/81/6f/816fd1c89492b96d625e3c2a716d964d.jpg;https://files.alnair.ae/uploads/2024/10/c7/4a/c74a4ae51085400bbb01785d0b3ccab4.jpg}"
681d5799-4268-4700-81d4-a617064c5193,191ac941-212a-4136-b305-e38d7e55aea5,"Dubai",4cb49e99-dc24-497d-97aa-6dde42025896,"United Arab Emirates","Dubai Harbour","Dubai Harbour","Dubai Harbour","","Dubai Harbour is a stunning waterfront district offering a vibrant lifestyle with its world-class marina, luxury residences, and breathtaking views of the Arabian Gulf. Known for its iconic Lighthouse, the area boasts premium dining, shopping, and entertainment options. With easy access to beaches and a lively atmosphere, Dubai Harbour is the perfect blend of relaxation and excitement, making it an attractive destination for residents and visitors alike.  Dubai Harbour offers excellent transport connectivity with seamless access to major roads like Sheikh Zayed Road, ensuring a swift drive to downtown Dubai and the iconic Burj Khalifa. Public transport is well-served with nearby metro stations and efficient bus services. Taxis are readily available, and cycling enthusiasts will appreciate dedicated bike paths. Dubai International Airport is just a 30-minute drive away, making travel convenient and hassle-free.","","Dubai Harbour — это потрясающий прибрежный район, расположенный между Palm Jumeirah и Bluewaters Island. Он известен своим стилем жизни мирового класса, включающим крупнейшую марину в регионе, роскошные резиденции (например, Emaar Beachfront) и захватывающие виды на Персидский залив. Визитной карточкой района является Дубайский маяк и огромный круизный терминал. С легким доступом к частным пляжам и оживленной атмосферой, Dubai Harbour является идеальным местом для тех, кто ищет сочетание релаксации и морских приключений. <br><br> Транспорт: Dubai Harbour предлагает отличную связь с основными дорогами, такими как Sheikh Zayed Road, обеспечивая быструю поездку до центра Дубая и Бурдж-Халифы. Общественный транспорт представлен близлежащими станциями метро и трамвая в районе Dubai Marina. Такси всегда доступны, а для велосипедистов предусмотрены дорожки. Международный аэропорт Дубая находится всего в 30 минутах езды.","Infrastructure","Dubai Harbour is a vibrant district offering a harmonious blend of modern living and leisure. Key highlights include the stunning Dubai Marina Mall and world-class healthcare at Al Zahra Hospital. Families will appreciate nearby schools like GEMS Wellington Academy. Enjoy tranquil moments in Marina Walk Park or embrace adventure at Skydive Dubai. With its mesmerizing canal views and luxurious marina facilities, Dubai Harbour truly redefines coastal living.","Infrastructure","Dubai Harbour is a vibrant district offering a harmonious blend of modern living and leisure. Key highlights include the stunning Dubai Marina Mall and world-class healthcare at Al Zahra Hospital. Families will appreciate nearby schools like GEMS Wellington Academy. Enjoy tranquil moments in Marina Walk Park or embrace adventure at Skydive Dubai. With its mesmerizing canal views and luxurious marina facilities, Dubai Harbour truly redefines coastal living.","{https://files.alnair.ae/uploads/2024/10/91/64/916499591e9b93572cfe1c035b332ae8.jpg;https://files.alnair.ae/uploads/2024/10/22/2c/222c468d16c28d0ad19ae71412b7949e.jpg;https://files.alnair.ae/uploads/2024/10/d7/c9/d7c9ca36a921799a226dd959da5e242b.jpg;https://files.alnair.ae/uploads/2024/10/d3/d9/d3d949383f00b6c6479d283054fb417d.jpg;https://files.alnair.ae/uploads/2024/10/4a/ba/4aba24ab6d0472dde250f375867fe5e4.jpg;https://files.alnair.ae/uploads/2024/10/81/57/8157910fd5b229fb296d20ad1157467e.jpg;https://files.alnair.ae/uploads/2024/10/b9/55/b95529aa7c00f5edeecad0a5e950cc5a.jpg;https://files.alnair.ae/uploads/2024/10/e4/f8/e4f895e14418410a45a10c1e2055df2a.jpg;https://files.alnair.ae/uploads/2024/10/1b/79/1b799e3924dd2ec8a2e17a637ebe81e3.jpg;https://files.alnair.ae/uploads/2024/10/27/5c/275c5a895f9d7498dc6d422f514e7edf.jpg;https://files.alnair.ae/uploads/2024/10/24/f1/24f1561fe2a92b37f5f55402508919e2.jpg}"
7b0f966a-c7fb-4407-b23a-89dd9087a71a,191ac941-212a-4136-b305-e38d7e55aea5,"Dubai",4cb49e99-dc24-497d-97aa-6dde42025896,"United Arab Emirates","Dubai Healthcare City","Dubai Healthcare City","Dubai Healthcare City","","Dubai Healthcare City Phase 2 is a vibrant district offering a perfect blend of healthcare excellence and modern living. Known for its world-class medical facilities, it also boasts lush green spaces and a serene environment. Residents enjoy a balanced lifestyle with access to wellness centers, top-notch educational institutions, and premium accommodations. Its strategic location ensures easy connectivity, making it a sought-after destination for both locals and expatriates.  Dubai Healthcare City Phase 2 offers excellent transport connectivity. The area is serviced by the Dubai Metro, providing easy access to the city center and key destinations like Burj Khalifa. Well-connected by bus routes and easily accessible taxis, traveling is a breeze. Major highways are nearby, ensuring quick commutes. Cycle tracks add a sustainable travel option. Dubai International Airport is a short 15-minute drive, enhancing your connectivity further.","","Dubai Healthcare City Phase 2 (район Al Jaddaf) — это развивающийся район, предлагающий идеальное сочетание передовой медицины и современной жизни. Известный своими медицинскими учреждениями мирового класса, он также может похвастаться пышными зелеными насаждениями и спокойной обстановкой с видом на Дубайский канал. Жители наслаждаются сбалансированным образом жизни с доступом к оздоровительным центрам, отличным школам и премиальному жилью. Стратегическое расположение делает его востребованным местом как для местных жителей, так и для экспатов. <br><br> Транспорт: Район обслуживается метрополитеном (станция Creek), обеспечивая легкий доступ к центру города. Хорошо развитая сеть автобусных маршрутов и доступные такси делают передвижение легким. Близость к шоссе Al Khail Road гарантирует быстрые поездки на работу. Международный аэропорт Дубая находится всего в 15 минутах езды, что значительно повышает удобство для путешественников.","Infrastructure","Nestled in the heart of Dubai, Dubai Healthcare City Phase 2 offers a vibrant lifestyle. The area boasts top-tier healthcare facilities, renowned clinics, and specialized medical centers. Enjoy shopping at Wafi Mall nearby. Families benefit from top schools like Dubai English Speaking School. Relax in lush Creek Park or explore cultural venues like the Dubai Creek Harbour. With picturesque canals and state-of-the-art fitness centers, this community is perfect for well-being and leisure.","Infrastructure","Nestled in the heart of Dubai, Dubai Healthcare City Phase 2 offers a vibrant lifestyle. The area boasts top-tier healthcare facilities, renowned clinics, and specialized medical centers. Enjoy shopping at Wafi Mall nearby. Families benefit from top schools like Dubai English Speaking School. Relax in lush Creek Park or explore cultural venues like the Dubai Creek Harbour. With picturesque canals and state-of-the-art fitness centers, this community is perfect for well-being and leisure.","{https://files.alnair.ae/uploads/2024/11/88/f9/88f92662af44c6437d14e041df985732.jpg;https://files.alnair.ae/uploads/2024/11/8b/6e/8b6e9b5d6bb416a61b655f9480b21008.jpg;https://files.alnair.ae/uploads/2024/11/59/3a/593a474546d4e466be431cfb1f30dfe6.jpg;https://files.alnair.ae/uploads/2024/11/13/7d/137d998089f5f815136eee11d99e9e8d.jpg;https://files.alnair.ae/uploads/2024/11/12/1d/121d45e8c771fadcf68b3d2489b3e5a1.jpg;https://files.alnair.ae/uploads/2024/11/99/f6/99f662537295dfa652b5f094dc903a66.jpg;https://files.alnair.ae/uploads/2024/11/15/df/15dff619406022945e4c338f6272f286.jpg;https://files.alnair.ae/uploads/2024/11/5e/00/5e00c34508ae552a3615c42d94f9dd84.jpg;https://files.alnair.ae/uploads/2024/11/3d/dd/3ddd0becca6c4e5b980d22b0fcd10257.jpg}"
13d39878-6abe-488b-a298-acf449912b99,191ac941-212a-4136-b305-e38d7e55aea5,"Dubai",4cb49e99-dc24-497d-97aa-6dde42025896,"United Arab Emirates","Dubai Hills","Dubai Hills","Dubai Hills","","Dubai Hills is a vibrant, upscale community offering a perfect blend of city living and serene green spaces. Nestled among lush parks and an 18-hole championship golf course, it boasts luxurious villas, modern apartments, and a family-friendly atmosphere. With easy access to schools, shopping at Dubai Hills Mall, and top-notch healthcare facilities, it’s a sought-after destination for residents seeking a balanced lifestyle in the heart of Dubai.  Dubai Hills offers excellent connectivity, making commuting a breeze. With easy access to major highways like Sheikh Zayed Road and Al Khail Road, you're just a 15-minute drive from Downtown Dubai and Burj Khalifa. Although there's no direct metro line, frequent bus services and readily available taxis ensure smooth travel. Dubai International Airport is approximately 20 minutes away. Enjoy the convenience of nearby cycling tracks for eco-friendly travel.","","Dubai Hills Estate — это масштабное, элитное сообщество, часто называемое «зеленым сердцем Дубая». Расположенное вокруг 18-луночного чемпионского поля для гольфа, оно предлагает роскошные виллы, современные апартаменты и огромный центральный парк. Семейная атмосфера поддерживается наличием престижных школ, больницы King's College и огромного торгового центра Dubai Hills Mall с собственными американскими горками. Это место для тех, кто ищет престиж и природу в центре города. <br><br> Транспорт: Dubai Hills предлагает отличную связь благодаря легкому выезду на крупные магистрали Al Khail Road и Umm Suqeim Street. Вы находитесь всего в 15 минутах езды от Downtown Dubai и Бурдж-Халифы. Хотя прямой линии метро пока нет, частые автобусные рейсы связывают район с Mall of the Emirates. Международный аэропорт Дубая находится примерно в 20 минутах езды.","Infrastructure","Dubai Hills is a vibrant community offering a blend of luxury and convenience. At its heart lies Dubai Hills Mall, perfect for retail therapy. Educational needs are met by GEMS International School. King's College Hospital is your trusted healthcare facility. Outdoor enthusiasts will love Dubai Hills Park, with its lush greenery. Enjoy sports at Dubai Hills Golf Club. It's a harmonious mix of shopping, schooling, healthcare, and leisure in one dynamic location.","Infrastructure","Dubai Hills is a vibrant community offering a blend of luxury and convenience. At its heart lies Dubai Hills Mall, perfect for retail therapy. Educational needs are met by GEMS International School. King's College Hospital is your trusted healthcare facility. Outdoor enthusiasts will love Dubai Hills Park, with its lush greenery. Enjoy sports at Dubai Hills Golf Club. It's a harmonious mix of shopping, schooling, healthcare, and leisure in one dynamic location.","{https://files.alnair.ae/uploads/2024/10/43/66/4366357a9b30fc75392f02b329d5fdb1.png;https://files.alnair.ae/uploads/2024/10/4f/b8/4fb8b887773689a775f02461b430efac.png;https://files.alnair.ae/uploads/2024/10/1e/75/1e759d68def992fe57dc866a1ca6bd25.png;https://files.alnair.ae/uploads/2024/10/9c/a8/9ca8c7dfc235b941e78d8bef5e2a98b4.png;https://files.alnair.ae/uploads/2024/10/53/0e/530e2c2682ecbc5bfaeb04c7ed15164f.png;https://files.alnair.ae/uploads/2024/10/18/45/184507962e9794c902af045eefbe4fac.png;https://files.alnair.ae/uploads/2024/10/a4/04/a4046039e6496d42194fe840d24b8318.png;https://files.alnair.ae/uploads/2024/10/a8/79/a87976dee7c177070ae011effbc7f70e.png;https://files.alnair.ae/uploads/2024/10/2d/71/2d712a104a362dd0b31269171a0beeac.png;https://files.alnair.ae/uploads/2024/10/94/54/945421d47cc35050b72ecf4634be3a34.png;https://files.alnair.ae/uploads/2024/10/af/3c/af3cd2a9a0a40404ff67ed2c519f2fcc.png;https://files.alnair.ae/uploads/2024/10/5a/19/5a196522853967e08530de452fc11e94.png;https://files.alnair.ae/uploads/2024/10/ee/a5/eea535804fea385a23bf9249d968ec8f.png;https://files.alnair.ae/uploads/2024/10/ed/4d/ed4db6929983b28aa57a1becefe39bd3.png;https://files.alnair.ae/uploads/2024/10/72/ca/72ca2078eeb5aae0465294f89df8ef10.png;https://files.alnair.ae/uploads/2024/10/9e/56/9e5689d5bfda8883be1c8098fd7ff662.png;https://files.alnair.ae/uploads/2024/10/3f/63/3f632b07aac2b1c47ae85117c72238cf.png}"
7012207a-a1d7-4da9-ae3e-6bd88e9fd11c,191ac941-212a-4136-b305-e38d7e55aea5,"Dubai",4cb49e99-dc24-497d-97aa-6dde42025896,"United Arab Emirates","Dubai Industrial City","Dubai Industrial City","Dubai Industrial City","","Dubai Industrial City is a thriving hub of innovation and opportunity, offering a vibrant atmosphere perfect for businesses and residents alike. With easy access to key transport routes, it boasts state-of-the-art facilities, ample green spaces, and a supportive community geared towards growth. The area's commitment to sustainability and modern amenities make it an attractive destination for those seeking a dynamic lifestyle in the heart of Dubai's industrial sector.  Dubai Industrial City offers convenient transport links, ensuring seamless access to key areas. While there isn't immediate metro access, nearby Ramaqia Metro Station connects to the city. Comprehensive bus services and readily available taxis make commuting easy. Major highways like E311 and E611 enhance connectivity, and it's roughly 30 minutes to Dubai International Airport or Burj Khalifa, ensuring you're never far from the action.","","Dubai Industrial City — это процветающий центр промышленности и инноваций, предлагающий динамичную атмосферу для бизнеса и проживания сотрудников. Район стратегически расположен рядом с портом Джебель-Али и аэропортом Аль-Мактум. Помимо промышленных объектов, здесь есть современные жилые комплексы, торговые точки и зеленые зоны, ориентированные на рост и развитие. Приверженность района устойчивому развитию делает его привлекательным для тех, кто работает в логистическом и производственном секторах. <br><br> Транспорт: Район предлагает удобные транспортные связи. Ближайшие магистрали E311 (Sheikh Mohammed Bin Zayed Road) и E611 (Emirates Road) обеспечивают бесперебойный доступ к ключевым районам. Комплексные автобусные услуги и доступные такси упрощают поездки. Поездка до международного аэропорта Дубая или Бурдж-Халифы занимает около 30–40 минут, а до нового аэропорта DWC — считанные минуты.","Infrastructure","Dubai Industrial City, a vibrant business hub, offers efficient infrastructure with easy access to Al Maktoum International Airport and Jebel Ali Port. Though primarily industrial, it is near key amenities. For shopping, the nearby City Centre Me’aisem offers diverse retail options. Quality healthcare is available at NMC Royal Hospital. While primarily industrial, residents can access parks and sports facilities in the surrounding areas.","Infrastructure","Dubai Industrial City, a vibrant business hub, offers efficient infrastructure with easy access to Al Maktoum International Airport and Jebel Ali Port. Though primarily industrial, it is near key amenities. For shopping, the nearby City Centre Me’aisem offers diverse retail options. Quality healthcare is available at NMC Royal Hospital. While primarily industrial, residents can access parks and sports facilities in the surrounding areas.","{https://files.alnair.ae/uploads/2024/10/93/11/93110abbfa57dd1fb2f4e1ae4a3ed2df.png;https://files.alnair.ae/uploads/2024/10/0f/86/0f866253d46463a3141f27c3dfd56e1b.jpg;https://files.alnair.ae/uploads/2024/10/aa/46/aa461a6c306ffa28d7b842e425e567d0.png;https://files.alnair.ae/uploads/2024/10/4f/e0/4fe0fae54197f4493780d443c613f542.jpg;https://files.alnair.ae/uploads/2024/10/6a/e1/6ae13d89a308191765921837d0ba0b39.png;https://files.alnair.ae/uploads/2024/10/95/6b/956b65873fadc1a01fe02674b9913aca.jpg;https://files.alnair.ae/uploads/2024/10/96/6f/966fb53cf1ab88b9c5d5d7aa3f70caf6.jpg;https://files.alnair.ae/uploads/2024/10/53/81/53815755af447cc605277dfd66012c03.jpg}"
9c96750f-c225-4a88-a605-95160a7110df,191ac941-212a-4136-b305-e38d7e55aea5,"Dubai",4cb49e99-dc24-497d-97aa-6dde42025896,"United Arab Emirates","Dubai International Financial Centre (DIFC)","Dubai International Financial Centre (DIFC)","Dubai International Financial Centre (DIFC)","","The Dubai International Financial Centre (DIFC) is a vibrant urban district renowned for its dynamic business environment and modern elegance. Home to over 2,500 companies, DIFC combines world-class financial services with luxurious dining, shopping, and art galleries. Its cosmopolitan atmosphere is perfect for professionals and families alike, offering easy access to iconic landmarks and a lively social scene. Experience the perfect blend of business and lifestyle in DIFC.  The Dubai International Financial Centre (DIFC) offers exceptional transport accessibility. Strategically located near major highways like Sheikh Zayed Road, it's a quick drive to Downtown Dubai and the iconic Burj Khalifa. The Financial Centre Metro Station is within walking distance, ensuring seamless commutes across the city. Frequent buses, readily available taxis, and well-maintained roads facilitate convenient travel. Dubai International Airport is just a 15-minute drive away.","","Дубайский международный финансовый центр (DIFC) — это ведущий финансовый хаб региона и яркий городской район, известный своей современной элегантностью. Здесь расположены офисы более 2500 компаний, художественные галереи, люксовые отели и лучшие рестораны города (многие из которых отмечены звездами Мишлен). Космополитичная атмосфера Gate Avenue идеально подходит для профессионалов, предлагая сочетание бизнеса, искусства и развлечений в одной пешеходной зоне. <br><br> Транспорт: DIFC предлагает исключительную транспортную доступность. Стратегически расположенный рядом с Sheikh Zayed Road, он находится в минутах езды от Downtown Dubai. Станция метро Financial Centre находится в пешей доступности, обеспечивая мгновенную связь с городом. Частые автобусы и такси облегчают передвижение. Международный аэропорт Дубая находится всего в 15 минутах езды.","Infrastructure","Nestled in the heart of Dubai, The Dubai International Financial Centre (DIFC) boasts a dynamic infrastructure. It features the upscale Gate Avenue mall, culinary delights at The Exchange, and vibrant DIFC Art Galleries. While schools and hospitals are a short drive away, lush parks like Zabeel Park offer tranquility. Sports enthusiasts can enjoy Dubai Sports World, making DIFC a harmonious blend of business, leisure, and culture.","Infrastructure","Nestled in the heart of Dubai, The Dubai International Financial Centre (DIFC) boasts a dynamic infrastructure. It features the upscale Gate Avenue mall, culinary delights at The Exchange, and vibrant DIFC Art Galleries. While schools and hospitals are a short drive away, lush parks like Zabeel Park offer tranquility. Sports enthusiasts can enjoy Dubai Sports World, making DIFC a harmonious blend of business, leisure, and culture.","{https://files.alnair.ae/uploads/2024/10/1a/d4/1ad438eb17eac851a92048db445ee137.jpg;https://files.alnair.ae/uploads/2024/10/af/c1/afc1a788b38ffb2c168f73a502c7cebc.jpg;https://files.alnair.ae/uploads/2024/10/b4/df/b4dfe201283615f5f386f253098ec85a.jpg;https://files.alnair.ae/uploads/2024/10/6e/61/6e61c59756ee3ddbebd7733397b9d347.jpg;https://files.alnair.ae/uploads/2024/10/5d/1e/5d1e5a9de9f03eaaef1f851bdf5b7574.jpg;https://files.alnair.ae/uploads/2024/10/91/dd/91dd1085c565a1d1e4cd322ed7e1795e.jpg;https://files.alnair.ae/uploads/2024/10/fc/b9/fcb97598d9621194994e2137853b6baf.jpg;https://files.alnair.ae/uploads/2024/10/0a/bb/0abb46bc28bfc0e3791f47b06ba5b155.jpg;https://files.alnair.ae/uploads/2024/10/84/b1/84b176489bb8b0f33aa71f1aea5bbc7e.jpg;https://files.alnair.ae/uploads/2024/10/bd/9a/bd9a81ac4c4a590674176e59dfcc17c7.jpg;https://files.alnair.ae/uploads/2024/10/af/41/af41f6c2ac488dad7c69506c1108aa12.jpg;https://files.alnair.ae/uploads/2024/10/9e/6e/9e6e57da750edd3a14b15dd23e54469a.jpg;https://files.alnair.ae/uploads/2024/10/37/d3/37d36951d071277de657f67fc2cbf62d.jpg;https://files.alnair.ae/uploads/2024/10/de/48/de4819711f257f83765b8e981ca37026.jpg}"
9de17ff9-401b-44af-945f-dfbb56e3c239,191ac941-212a-4136-b305-e38d7e55aea5,"Dubai",4cb49e99-dc24-497d-97aa-6dde42025896,"United Arab Emirates","Dubai Internet City","Dubai Internet City","Dubai Internet City","","Dubai Internet City is a vibrant hub known for its innovation and dynamic business environment. As a premier tech district, it hosts global IT giants and start-ups alike. The area boasts excellent infrastructure, cutting-edge office spaces, and a lively community of professionals. Surrounded by lush landscapes, it's perfect for those seeking a blend of work and leisure. Proximity to key transport links and vibrant amenities make it an attractive spot for residents and visitors.  Dubai Internet City offers exceptional transportation connectivity, making commuting a breeze. The area is served by the Dubai Metro, with its own station on the Red Line. Ample bus routes, taxis, and nearby Sheikh Zayed Road ensure seamless travel to other parts of the city. Cycle tracks add an eco-friendly touch. Just 30 minutes from Dubai International Airport and 20 minutes from Burj Khalifa, this location is ideal for business and leisure.","","Dubai Internet City — это динамичный технологический парк и свободная экономическая зона, известная своей инновационной бизнес-средой. Здесь расположены штаб-квартиры таких гигантов, как Microsoft, Google и Oracle. Район предлагает отличную инфраструктуру, современные офисы и живое сообщество профессионалов. Окруженный озерами и парками, он идеально подходит для тех, кто ищет баланс между работой и отдыхом. Близость к жилым районам, таким как Dubai Marina и Barsha Heights, делает его крайне удобным. <br><br> Транспорт: Район имеет отличную транспортную развязку. Он обслуживается собственной станцией метро Dubai Internet City на Красной линии. Многочисленные автобусные маршруты и трамвайная линия поблизости (в Al Sufouh) обеспечивают бесперебойное путешествие. Всего 30 минут до аэропорта Дубая и 20 минут до Бурдж-Халифы делают эту локацию идеальной для бизнеса.","Infrastructure","Dubai Internet City is a vibrant tech hub with superb infrastructure. Nearby, you'll find the modern Mall of the Emirates for all your shopping needs and the Dubai Knowledge Park for educational opportunities. Healthcare is covered with Al Zahra Hospital in close proximity. Enjoy green spaces like Dubai Miracle Garden, and for sports enthusiasts, you're just minutes away from Jebel Ali Recreation Club. It's a thriving community blending work and leisure seamlessly.","Infrastructure","Dubai Internet City is a vibrant tech hub with superb infrastructure. Nearby, you'll find the modern Mall of the Emirates for all your shopping needs and the Dubai Knowledge Park for educational opportunities. Healthcare is covered with Al Zahra Hospital in close proximity. Enjoy green spaces like Dubai Miracle Garden, and for sports enthusiasts, you're just minutes away from Jebel Ali Recreation Club. It's a thriving community blending work and leisure seamlessly.","{https://files.alnair.ae/uploads/2024/10/94/6c/946c9f30f0a81925c7f42b7c81be547b.jpg;https://files.alnair.ae/uploads/2024/10/4b/6b/4b6b81d88154cb77419feb525c1d2610.jpg;https://files.alnair.ae/uploads/2024/10/27/34/2734d158b8505cf4aac1cfbd35f50546.jpg;https://files.alnair.ae/uploads/2024/10/16/84/16848d69e6bf8869164c17420f936854.jpg;https://files.alnair.ae/uploads/2024/10/e5/3d/e53dd39b8ea804a80c6bb2694dd8ad87.jpg;https://files.alnair.ae/uploads/2024/10/e2/24/e224668a52e49297bc4a11d8f96a5be4.jpg;https://files.alnair.ae/uploads/2024/10/d1/6a/d16a4bca85b93243502d69945da15156.jpg;https://files.alnair.ae/uploads/2024/10/7e/94/7e949534d4f719980ba8b57d43ed5b19.jpg;https://files.alnair.ae/uploads/2024/10/aa/df/aadf15297a7648916b85e157582df448.jpg;https://files.alnair.ae/uploads/2024/10/1a/e1/1ae1b16783751e23a8c01c46b30af934.jpg;https://files.alnair.ae/uploads/2024/10/0d/4e/0d4e1935b2b517e87ad04621d2ea358f.jpg;https://files.alnair.ae/uploads/2024/10/95/c2/95c2b5278a00609b6c72789a73b5b6dd.jpg;https://files.alnair.ae/uploads/2024/10/97/25/972538ee84b516b344456cda8e44856c.jpg}"
4bb6b0a4-c719-4565-b225-9be851df2e32,191ac941-212a-4136-b305-e38d7e55aea5,"Dubai",4cb49e99-dc24-497d-97aa-6dde42025896,"United Arab Emirates","Dubai Investment Park","Dubai Investment Park","Dubai Investment Park","","Dubai Investment Park Second is a thriving community offering a blend of residential, commercial, and industrial spaces. Known for its lush green landscapes, the area boasts a serene atmosphere with easy access to schools, shopping centers, and recreational facilities. Its strategic location near major highways ensures a seamless commute, making it an attractive choice for professionals and families seeking a balanced lifestyle with urban conveniences.  Dubai Investment Park Second boasts excellent transport links, ensuring convenience for residents. The nearby Dubai Investment Park Metro Station provides swift access to the city's heart, while a network of buses and taxis enhances mobility. Major roads like Sheikh Mohammed Bin Zayed Road offer easy connectivity to key areas, including a 30-minute drive to Burj Khalifa and 40 minutes to Dubai International Airport. Ideal for those seeking seamless urban travel.","","Dubai Investment Park (DIP) — это уникальный, самодостаточный комплекс смешанного назначения, который можно назвать «городом в городе». Разделенный на промышленные, коммерческие и жилые зоны (включая популярное сообщество Green Community), DIP славится своей экологичностью, обширными парками и ухоженными ландшафтами. Это идеальное место для семей, предлагающее спокойный образ жизни с доступом к международным школам, торговым центрам и общественным бассейнам. Район сочетает в себе деловую активность и домашний уют, предоставляя жителям все необходимое прямо у порога. <br><br> Транспорт: DIP обладает превосходной транспортной инфраструктурой. Район обслуживается собственной станцией метро на ветке «Route 2020», что обеспечивает прямую связь с EXPO City и остальной частью Дубая. Благодаря прямому выезду на ключевые магистрали Sheikh Mohammed Bin Zayed Road (E311) и Emirates Road (E611), автомобилисты могут легко добраться в любую точку эмирата. Международный аэропорт Аль-Мактум (DWC) находится всего в минутах езды, что делает район стратегически важным логистическим узлом.","Infrastructure","Dubai Investment Park Second offers a vibrant infrastructure with amenities for all lifestyles. Explore the Green Community Market and nearby City Centre Me'aisem for shopping delights. Education needs are met with top institutions like Dovecote Green Primary School. Stay healthy at NMC Royal Hospital. Enjoy leisure at landscaped parks and sports facilities, or unwind by the serene DIP lakes. This district ensures convenience and comfort at every corner.","Infrastructure","Dubai Investment Park Second offers a vibrant infrastructure with amenities for all lifestyles. Explore the Green Community Market and nearby City Centre Me'aisem for shopping delights. Education needs are met with top institutions like Dovecote Green Primary School. Stay healthy at NMC Royal Hospital. Enjoy leisure at landscaped parks and sports facilities, or unwind by the serene DIP lakes. This district ensures convenience and comfort at every corner.","{https://files.alnair.ae/uploads/2024/10/07/25/0725c4cddcd3d815054ab58d03e19522.jpg;https://files.alnair.ae/uploads/2024/10/f8/9c/f89c2ecd1d877f886f0d3bd82cdba63d.jpg;https://files.alnair.ae/uploads/2024/10/db/59/db598b6b138cca0d0aedb7acf974e00c.jpg;https://files.alnair.ae/uploads/2024/10/28/6f/286f13b97b43c68446c28561e9d01753.jpg;https://files.alnair.ae/uploads/2024/10/32/c8/32c87afe94e49942b3959eed2b142231.jpg;https://files.alnair.ae/uploads/2024/10/b2/24/b2246596db58adafd388327c5a1800a0.jpg;https://files.alnair.ae/uploads/2024/10/ce/78/ce7887c9159c3ae1686b48087cbef1e7.jpg;https://files.alnair.ae/uploads/2024/10/75/4e/754e1327ab4b7ca26a3911a0778b02a2.jpg;https://files.alnair.ae/uploads/2024/10/9c/3c/9c3c9bf20fe62e391486c8b0c378cc1a.jpg;https://files.alnair.ae/uploads/2024/10/c5/1c/c51cc38b8c9745dc584c4b29ef754c0e.jpg}"
d4bf7d30-02a5-4969-9afe-86c626400e47,191ac941-212a-4136-b305-e38d7e55aea5,"Dubai",4cb49e99-dc24-497d-97aa-6dde42025896,"United Arab Emirates","Dubai Islands","Dubai Islands","Dubai Islands","","Dubai Islands is a new mega project in Dubai that will replicate the economic success of Palm Jumeirah.  It consists of five new islands, with a master plan that includes 21 km of pristine beaches, 86 hotels, nine marinas, two golf courses, a huge shopping mall, and numerous parks with restaurants and shops. The area is ideal for both living and leisure, combining nature and the urban environment. It is the most promising location for investors.  Dubai Islands offers excellent transport accessibility with smooth connections to key city destinations. Residents benefit from easy access to metro stations, reliable bus routes, and taxis. Bike lanes support an active lifestyle. Its location near major highways ensures a short drive to Downtown Dubai and Burj Khalifa, while the airport is reachable in just 30 minutes.","","Dubai Islands (ранее известные как Deira Islands) — это впечатляющий архипелаг из пяти искусственных островов, призванный переосмыслить прибрежную жизнь Дубая. Этот район сочетает в себе роскошные курорты, нетронутые пляжи и культурные достопримечательности, такие как рынок Souk Al Marfa. Dubai Islands предлагают расслабленный курортный образ жизни с захватывающими видами на Персидский залив, оставаясь при этом тесно связанными с историческим шармом старого Дубая (Дейры). Это перспективное направление для туризма и элитного жилья. <br><br> Транспорт: Острова соединены с материком современными мостами, включая доступ через впечатляющий Infinity Bridge. Район предлагает легкий доступ к историческому центру Дейры и ее рынкам. Хотя на самих островах пока нет метро, ближайшие станции (например, Gold Souq) находятся на материке в минутной доступности на такси или автобусе. Также активно развивается водный транспорт. Поездка до международного аэропорта Дубая занимает всего около 20 минут.","Infrastructure","Dubai Islands offers a vibrant lifestyle with diverse infrastructure. Explore luxury shopping at Dubai Islands Mall and enjoy family fun at the amusement park. Top schools like Dubai International Academy ensure quality education, while Dubai Islands Medical Center provides advanced healthcare. Parks, lagoons, canals, and elite sports facilities complete the experience.","Infrastructure","Dubai Islands offers a vibrant lifestyle with diverse infrastructure. Explore luxury shopping at Dubai Islands Mall and enjoy family fun at the amusement park. Top schools like Dubai International Academy ensure quality education, while Dubai Islands Medical Center provides advanced healthcare. Parks, lagoons, canals, and elite sports facilities complete the experience.","{https://files.alnair.ae/uploads/2025/8/66/85/6685a0d756bd0d1d546c59aa82d3882a.jpg;https://files.alnair.ae/uploads/2025/8/0f/81/0f81e2ab12e04510512773de098e52b6.jpg;https://files.alnair.ae/uploads/2024/10/6f/d9/6fd9f4a7356bcf7c729735b1de4c3b01.jpg;https://files.alnair.ae/uploads/2024/10/69/78/697806e6146f521ec2b31f67c09d1405.jpg;https://files.alnair.ae/uploads/2024/10/e6/f8/e6f8bc612a6c4207d4a48c0e6c468254.jpg;https://files.alnair.ae/uploads/2024/10/65/83/6583521aafe635860245855d1646285d.jpg;https://files.alnair.ae/uploads/2024/10/e3/93/e3938c629465841743f6d094e9307431.jpg;https://files.alnair.ae/uploads/2024/10/38/04/38044a27f8bfb184158f5f7ad16ca32a.jpg;https://files.alnair.ae/uploads/2024/10/5b/0d/5b0d09ba7f376d6b8d5199e83ac1e1df.jpg;https://files.alnair.ae/uploads/2024/10/b2/44/b244b1d3f8bf385557a9c834e85c3467.jpg}"
88e54894-8601-4e86-9dbf-44e4a5234e98,191ac941-212a-4136-b305-e38d7e55aea5,"Dubai",4cb49e99-dc24-497d-97aa-6dde42025896,"United Arab Emirates","Dubai Marina","Dubai Marina","Dubai Marina","","Dubai Marina is a vibrant waterfront community offering a luxurious lifestyle. Known for its stunning skyline, this district boasts high-end apartments, world-class dining, and a lively atmosphere. Residents and visitors enjoy a picturesque marina promenade, pristine beaches, and superb shopping at the Marina Mall. With its blend of modernity and relaxation, Dubai Marina is a sought-after destination for those seeking an upscale urban experience.  Dubai Marina boasts excellent transport links, including the DMCC and Dubai Marina metro stations, ensuring swift access to the city center and major hubs. The Dubai Tram is convenient for local travel, while numerous bus routes and readily available taxis provide flexibility. Cyclists can enjoy dedicated bike paths. Proximity to Sheikh Zayed Road means Dubai International Airport and iconic landmarks like Burj Khalifa are easily accessible.","","Dubai Marina — это один из самых знаковых и гламурных районов мира, известный своим впечатляющим горизонтом из небоскребов, отражающихся в искусственном канале. Это центр социальной жизни Дубая, где жители наслаждаются прогулками по набережной Marina Walk, ужинами в ресторанах Pier 7 и шопингом в Dubai Marina Mall. Район предлагает динамичный городской образ жизни с пляжем JBR в пешей доступности, яхт-клубом и бурной ночной жизнью. Это выбор номер один для экспатов, ищущих роскошь и активность у воды. <br><br> Транспорт: Dubai Marina обладает одной из лучших транспортных сетей в городе. Район обслуживается двумя станциями метро (Sobha Realty и DMCC), которые соединены с трамвайной линией Dubai Tram, курсирующей внутри района и до JBR. Также доступен водный паром (Dubai Ferry). Выезд на шоссе Sheikh Zayed Road удобен, хотя в часы пик бывает плотное движение. Поездка до аэропорта занимает около 25–30 минут.","Infrastructure","Dubai Marina boasts a vibrant infrastructure with the Dubai Marina Mall offering shopping and dining. Reputable schools like Raffles Nursery are nearby, while Al Zahra Hospital provides top-notch healthcare. Enjoy outdoor activities at Marina Walk and JBR Beach. Cultural enthusiasts can explore the Dubai Marina Walk's art installations. Sports enthusiasts have access to the Emirates Golf Club and Dubai Marina Yacht Club, all surrounded by stunning canals and lagoons.","Infrastructure","Dubai Marina boasts a vibrant infrastructure with the Dubai Marina Mall offering shopping and dining. Reputable schools like Raffles Nursery are nearby, while Al Zahra Hospital provides top-notch healthcare. Enjoy outdoor activities at Marina Walk and JBR Beach. Cultural enthusiasts can explore the Dubai Marina Walk's art installations. Sports enthusiasts have access to the Emirates Golf Club and Dubai Marina Yacht Club, all surrounded by stunning canals and lagoons.","{https://files.alnair.ae/uploads/2024/10/a4/6d/a46d574ad62cad6e2c3c95ec274414fe.jpg;https://files.alnair.ae/uploads/2024/10/6c/dd/6cddc1c15bb3ff57978c7c696ee57cb2.jpg;https://files.alnair.ae/uploads/2024/10/b3/bc/b3bc3a0c5e8ae56adb77adb6e4ae74f3.jpg;https://files.alnair.ae/uploads/2024/10/7e/b2/7eb2ab574c484717e48728e9850aa50e.jpg;https://files.alnair.ae/uploads/2024/10/33/f8/33f8cd987e6e04797250e71dd8e6afa2.jpg;https://files.alnair.ae/uploads/2024/10/99/9d/999d89a0c1ce76881141b9503013c3d7.jpg;https://files.alnair.ae/uploads/2024/10/02/51/0251acd454f97a2de7dfc7713859eaeb.jpg;https://files.alnair.ae/uploads/2024/10/f5/30/f530d0d9f9fb986082cf75480679e5e8.jpg;https://files.alnair.ae/uploads/2024/10/d1/54/d1547b26cee6709cddcc7b83cf6c4a40.jpg;https://files.alnair.ae/uploads/2024/10/a1/0f/a10f1c38fd02d3b768ebb06f93c87dc2.jpg;https://files.alnair.ae/uploads/2024/10/f9/25/f925e6627df098f7e82302a808712f1c.jpg;https://files.alnair.ae/uploads/2024/10/cf/bd/cfbd1ef041bfbd4ff3b2171b05fa13bf.jpg;https://files.alnair.ae/uploads/2024/10/96/8b/968b380d5e97d2c5d53010cf8c57cce0.jpg;https://files.alnair.ae/uploads/2024/10/f4/d8/f4d8b85e2cef6bb485138ed7e2cc2813.jpg;https://files.alnair.ae/uploads/2024/10/34/01/34017bcd9b61eb6ebf6b0ec165eb0cef.jpg;https://files.alnair.ae/uploads/2024/10/d7/48/d7485b2be9dbe6cfe9e765637897e144.jpg;https://files.alnair.ae/uploads/2024/10/c0/df/c0df6ce5ca745a294d50eee6e182bfa4.jpg;https://files.alnair.ae/uploads/2024/10/2f/00/2f0049a52a6555352d1dc11dc774da2e.jpg}"
305cf7e4-86a9-4f46-b401-a886c30477c2,191ac941-212a-4136-b305-e38d7e55aea5,"Dubai",4cb49e99-dc24-497d-97aa-6dde42025896,"United Arab Emirates","Dubai Maritime City","Dubai Maritime City","Dubai Maritime City","","Maritime City in Dubai is a vibrant waterfront district blending modern luxury with maritime heritage. Nestled along sparkling shores, it offers stunning skyline views and easy access to business hubs. Residents enjoy a lively community atmosphere, exceptional amenities, and leisurely strolls by the marina. Perfect for both families and professionals, Maritime City promises a unique, serene lifestyle with endless opportunities for relaxation and entertainment.  Maritime City in Dubai boasts excellent transport connectivity. With easy access to major highways, traveling to downtown Dubai and iconic spots like the Burj Khalifa is a breeze. The nearest metro station is a short drive away, while buses and taxis offer convenient alternatives. Cyclists will appreciate dedicated bike lanes. The airport is just a 20-minute drive, ensuring seamless international travel. Enjoy a hub that keeps you connected, effortlessly!","","Dubai Maritime City — это специализированная морская зона, расположенная на искусственном полуострове между Port Rashid и Dubai Dry Docks. Хотя изначально это бизнес-хаб для морской индустрии, район стремительно развивает жилой сектор с высотными башнями, предлагающими панорамные виды на море и горизонт Дубая. Это место для тех, кто хочет жить в тишине у воды, но при этом находиться в непосредственной близости к историческим и деловым районам города, таким как Bur Dubai и Jumeirah. <br><br> Транспорт: Район соединен с материком дамбой, обеспечивающей быстрый доступ к Bur Dubai и шоссе Sheikh Zayed Road. Хотя общественный транспорт здесь пока развивается, такси и личные автомобили являются основными способами передвижения. Благодаря своему расположению, поездка до международного аэропорта Дубая или финансового центра DIFC занимает всего 15–20 минут, что делает его удобным для деловых людей.","Infrastructure","Maritime City in Dubai offers a vibrant infrastructure with top-notch amenities. Nearby, you'll find malls like Dubai Mall and City Walk for shopping therapy. Reputable schools such as GEMS Wellington and Dubai International School ensure quality education. Healthcare is top-tier with Rashid Hospital nearby. Enjoy serene walks at Al Mamzar Beach Park, explore cultural spots like Dubai Museum, and stay active with state-of-the-art sports facilities.","Infrastructure","Maritime City in Dubai offers a vibrant infrastructure with top-notch amenities. Nearby, you'll find malls like Dubai Mall and City Walk for shopping therapy. Reputable schools such as GEMS Wellington and Dubai International School ensure quality education. Healthcare is top-tier with Rashid Hospital nearby. Enjoy serene walks at Al Mamzar Beach Park, explore cultural spots like Dubai Museum, and stay active with state-of-the-art sports facilities.","{https://files.alnair.ae/uploads/2024/10/df/a2/dfa24957b12e63ef8be81b5dbcff18b2.jpg;https://files.alnair.ae/uploads/2024/10/66/4b/664bbc725615712e8a1ed50adf6a44ca.jpg;https://files.alnair.ae/uploads/2024/10/60/b5/60b5c20160a1c4b9a1b089a405a01722.jpg;https://files.alnair.ae/uploads/2024/10/35/fc/35fcd15862363f199daf690485e277f7.jpg;https://files.alnair.ae/uploads/2024/10/8a/74/8a743405d0fb791fade50310c343b998.jpg;https://files.alnair.ae/uploads/2024/10/24/26/24264f5729cee04c305d6fa676cf50f3.jpg;https://files.alnair.ae/uploads/2024/10/af/96/af96178acc470654e7fe589cbb0a02a5.jpg}"
e4ecc57b-755d-4dd9-ac2f-682284b3af25,191ac941-212a-4136-b305-e38d7e55aea5,"Dubai",4cb49e99-dc24-497d-97aa-6dde42025896,"United Arab Emirates","Dubai Media City","Dubai Media City","Dubai Media City","","Dubai Media City is a dynamic hub in Dubai, known for its vibrant atmosphere and innovative spirit. This bustling district is a magnet for media and tech professionals, offering modern offices and cutting-edge infrastructure. Residents and visitors enjoy lush parks, stylish cafes, and cultural events. With its strategic location near Dubai Marina and Palm Jumeirah, Dubai Media City provides a perfect blend of work and leisure, making it a sought-after destination.  Dubai Media City boasts excellent transport connectivity. The Dubai Internet City Metro Station is nearby, offering swift access to downtown and major hubs. The area is well-served by buses and trams, with plentiful taxis available. Cyclists will appreciate the dedicated bike lanes. Close to Sheikh Zayed Road, it's just a 20-minute drive to the Burj Khalifa and 30 minutes to Dubai International Airport. Effortless commuting at its finest!","","Dubai Media City — это бьющееся сердце медиа-индустрии региона, где расположены офисы глобальных гигантов, таких как CNN, BBC и MBC. Этот район предлагает уникальную, энергичную атмосферу, где бизнес сочетается с креативом. Днем это деловой центр, а вечером он оживает благодаря многочисленным ресторанам, барам на крышах и мероприятиям в знаменитом амфитеатре Media City Amphitheatre. Район изобилует зелеными зонами и озерами, создавая приятную среду для работы и отдыха. <br><br> Транспорт: Район отлично интегрирован в транспортную сеть города. Станция метро Al Khail находится в пешей доступности, а трамвайная линия Dubai Tram проходит прямо через район, соединяя его с Dubai Marina и Palm Jumeirah. Автобусные маршруты и такси дополняют инфраструктуру. Прямой выезд на Sheikh Zayed Road позволяет добраться до любой точки города за считанные минуты.","Infrastructure","Dubai Media City is a dynamic hub offering a range of facilities and attractions. Residents enjoy proximity to world-class shopping at Dubai Marina Mall and Mall of the Emirates. Nearby, GEMS Wellington International School provides top-tier education. Healthcare needs are met by Al Zahra Hospital. Relax at Dubai Media City Park, or stay active with Dubai Marina’s sports clubs. The scenic Dubai Canal adds to the area’s vibrant, innovative environment.","Infrastructure","Dubai Media City is a dynamic hub offering a range of facilities and attractions. Residents enjoy proximity to world-class shopping at Dubai Marina Mall and Mall of the Emirates. Nearby, GEMS Wellington International School provides top-tier education. Healthcare needs are met by Al Zahra Hospital. Relax at Dubai Media City Park, or stay active with Dubai Marina’s sports clubs. The scenic Dubai Canal adds to the area’s vibrant, innovative environment.","{https://files.alnair.ae/uploads/2024/11/28/72/287218146eb16b3b55fa8b7f97bbbc96.jpg;https://files.alnair.ae/uploads/2024/11/7e/e2/7ee24fdc6e7efd845e2429575c2a5623.jpg;https://files.alnair.ae/uploads/2024/11/d5/8a/d58ab59b0423ddc57ffb7eaa994675cb.jpg;https://files.alnair.ae/uploads/2024/11/e1/fe/e1fe86c87a35dc169343d1bedd99a175.jpg;https://files.alnair.ae/uploads/2024/11/5d/66/5d664ef641f4642b3ec51b1f26eb123a.jpg;https://files.alnair.ae/uploads/2024/11/00/b1/00b172e005cfcb8369361c0008c47375.jpg;https://files.alnair.ae/uploads/2024/11/9a/21/9a21057fa6c554675b64cd634e5d9ef5.jpg;https://files.alnair.ae/uploads/2024/11/19/f8/19f80fc9824242e0d8aa85e8757e9787.jpg;https://files.alnair.ae/uploads/2024/11/e7/ad/e7adfce4e5b0dc7b0d1c5c00321f14ce.jpg;https://files.alnair.ae/uploads/2024/11/aa/00/aa0098aea0dc36a7cd2efbef93dade8c.jpg}"
6d4151a8-1cf5-4c0d-8d3e-33c2d40839bb,191ac941-212a-4136-b305-e38d7e55aea5,"Dubai",4cb49e99-dc24-497d-97aa-6dde42025896,"United Arab Emirates","Dubai Production City","Dubai Production City","Dubai Production City","","Dubai Production City is a vibrant community known for its hub of media and production industries. Nestled in the heart of Dubai, it offers a perfect blend of commercial spaces and residential living. With its modern infrastructure, serene surroundings, and close proximity to key areas, it attracts professionals and families alike. Enjoy an array of amenities, from shopping centers to lush green parks, making it a dynamic and appealing destination for living and working.  Dubai Production City enjoys excellent transport connectivity. While it doesn't have a metro station within the community, nearby stations like Dubai Internet City provide easy access. A reliable network of buses and taxis ensures seamless travel, while cycling enthusiasts can make use of emerging bike paths. Just a 25-minute drive from the city center and Burj Khalifa, and 30 minutes to Dubai International Airport, it's conveniently positioned for both work and leisure.","","Dubai Production City (ранее IMPZ) — это сообщество смешанного назначения, созданное для медиа-производства, но ставшее популярным жилым районом благодаря доступным ценам и качественному жилью (например, комплекс Midtown). Это спокойное, семейное место с развитой инфраструктурой, включая торговый центр City Centre Me’aisem. Район предлагает сбалансированный образ жизни с парками, школами и магазинами, находясь в стороне от городской суеты, но рядом с основными развлечениями. <br><br> Транспорт: Расположенный на пересечении двух главных магистралей — Sheikh Mohammed Bin Zayed Road и Al Khail Road, район предлагает отличную доступность для автовладельцев. Хотя здесь нет собственной станции метро, сеть автобусов RTA связывает жителей с ближайшими станциями (например, Mall of the Emirates или Dubai Internet City). Поездка до нового аэропорта Аль-Мактум или до EXPO City занимает менее 20 минут.","Infrastructure","Dubai Production City offers a vibrant lifestyle with City Centre Me'aisem mall for shopping and dining. Education is top-notch with reputable institutions like Arcadia School and International Media Production Zone School. For healthcare, Al Zahra Hospital is nearby. Enjoy green spaces like IMPZ Park while staying fit at Fitness First. With a blend of urban and serene settings, it's perfect for families and professionals alike.","Infrastructure","Dubai Production City offers a vibrant lifestyle with City Centre Me'aisem mall for shopping and dining. Education is top-notch with reputable institutions like Arcadia School and International Media Production Zone School. For healthcare, Al Zahra Hospital is nearby. Enjoy green spaces like IMPZ Park while staying fit at Fitness First. With a blend of urban and serene settings, it's perfect for families and professionals alike.","{https://files.alnair.ae/uploads/2024/10/ad/b0/adb041e6b3941c0d019d505cd9ece1c2.jpg;https://files.alnair.ae/uploads/2025/3/87/2f/872f7d8d8fae60342edda2a4200e557c.jpg;https://files.alnair.ae/uploads/2024/10/55/a4/55a43049fc29bad8287e36068544813a.jpg;https://files.alnair.ae/uploads/2024/10/21/87/21874fff635e70b561af37bb141d5689.jpg;https://files.alnair.ae/uploads/2024/10/f8/22/f822c1ee3253e85162f45e5235ed2d9e.jpg;https://files.alnair.ae/uploads/2024/10/bf/2f/bf2ff51cfec783f7ed0abd0cec3ef759.jpg;https://files.alnair.ae/uploads/2024/10/22/39/2239c3900cfb73779e5077cd2a94a7db.jpg;https://files.alnair.ae/uploads/2024/10/e3/22/e322da35655a4ce5dd1bab9a41ce5f73.jpg;https://files.alnair.ae/uploads/2024/10/dd/7c/dd7c3e6fe7f3f5eac24cfe50a712f44d.jpg;https://files.alnair.ae/uploads/2024/10/9f/35/9f356dbeed4edda8f0755c15f9cb7d23.jpg;https://files.alnair.ae/uploads/2024/10/4a/21/4a219b31ed8179c523fbb6abf7ae1b0b.jpg;https://files.alnair.ae/uploads/2024/10/8a/6a/8a6a2cd11da61e9e7fbba4b1f1603fe8.jpg;https://files.alnair.ae/uploads/2024/10/f5/37/f5377208207fb0a62b544af40ec8d4b5.jpg;https://files.alnair.ae/uploads/2024/10/aa/3f/aa3f62cc762d3771ea4059ea0e4f8226.jpg;https://files.alnair.ae/uploads/2024/10/91/d7/91d7dcd3b4ed323b9957a201df82b393.jpg}"
ece77af1-0dee-4a3d-9f5f-6f374a285c46,191ac941-212a-4136-b305-e38d7e55aea5,"Dubai",4cb49e99-dc24-497d-97aa-6dde42025896,"United Arab Emirates","Dubai Science Park","Dubai Science Park","Dubai Science Park","","Dubai Science Park is a vibrant community teeming with innovation, making it a top choice for professionals and families alike. Nestled in the heart of Dubai, it offers a perfect blend of residential, business, and lifestyle facilities. The area boasts contemporary living spaces, lush green surroundings, and state-of-the-art amenities. Its commitment to sustainability and cutting-edge R&D opportunities make it an attractive hub for science and technology enthusiasts.  Dubai Science Park offers excellent transport connectivity. Buses provide frequent service, linking with the Red Line Metro for seamless travel to downtown Dubai and other key areas. Taxis are readily available, and major highways like Sheikh Mohammed Bin Zayed Road are nearby, ensuring smooth commutes. It's approximately 30 minutes to Dubai International Airport and 20 minutes to the Burj Khalifa, making it a convenient hub for residents.","","Dubai Science Park — это инновационное сообщество, объединяющее научный бизнес и комфортную жилую среду. Расположенный в районе Al Barsha South, он является домом для ведущих компаний в сфере науки, энергетики и экологии. Жилая часть района (например, комплексы Villa Lantana или Montrose) предлагает современные апартаменты в спокойной обстановке. Близость к таким достопримечательностям, как Сад Чудес (Miracle Garden), и наличие гипермаркетов и школ делают его привлекательным для семей и профессионалов. <br><br> Транспорт: Район удобно расположен вдоль улицы Umm Suqeim Road, что обеспечивает легкий выезд как на Al Khail Road, так и на Sheikh Mohammed Bin Zayed Road. Это позволяет добраться до пляжей Джумейры или Mall of the Emirates за 15 минут. Общественный транспорт представлен регулярными автобусными маршрутами, соединяющими район со станциями метро Красной линии.","Infrastructure","Dubai Science Park is a vibrant community with a well-rounded infrastructure. It features the City Centre Me'aisem for shopping and dining, and is close to GEMS Metropole School for quality education. Mediclinic Parkview Hospital ensures premium healthcare services. For leisure, you have Al Barsha Park and Sports City nearby. With a balanced mix of residential and commercial spaces, it's perfect for both work and play in the heart of Dubai.","Infrastructure","Dubai Science Park is a vibrant community with a well-rounded infrastructure. It features the City Centre Me'aisem for shopping and dining, and is close to GEMS Metropole School for quality education. Mediclinic Parkview Hospital ensures premium healthcare services. For leisure, you have Al Barsha Park and Sports City nearby. With a balanced mix of residential and commercial spaces, it's perfect for both work and play in the heart of Dubai.","{https://files.alnair.ae/uploads/2024/10/bf/21/bf2108ec894d272bad863f62555487a6.jpg;https://files.alnair.ae/uploads/2024/10/b5/e6/b5e6d61da180208d97a5dc96bd5137ae.jpg;https://files.alnair.ae/uploads/2024/10/07/63/0763f82045032281cd553a393eeb0a9c.jpg;https://files.alnair.ae/uploads/2024/10/a4/ce/a4ce05ab62358fadf7445f79b1c838ed.jpg;https://files.alnair.ae/uploads/2024/10/c7/4e/c74e2229e7379fc2e78576b99d7e47e1.jpg;https://files.alnair.ae/uploads/2024/10/55/00/55007811b7de24e3712d16d39657604b.jpg;https://files.alnair.ae/uploads/2024/10/73/85/738577bbc7cf51bc91923b08abfdc7aa.jpg;https://files.alnair.ae/uploads/2024/10/2d/02/2d0295830ae4330ba9a3e8cf6a7c5036.jpg;https://files.alnair.ae/uploads/2024/10/5e/ae/5eae7cbf1560635262793f6f88e803cd.jpg;https://files.alnair.ae/uploads/2024/10/8b/d3/8bd3786252efc1824a53bc7c403d5892.jpg;https://files.alnair.ae/uploads/2024/10/ce/60/ce60e156a839e150c0a18f512bed7b3c.jpg;https://files.alnair.ae/uploads/2024/10/c2/f5/c2f52ee19e18f8fd7f2419b1f7b9836d.jpg;https://files.alnair.ae/uploads/2024/10/fd/ab/fdabf86b38a76de974bab461f005a5f5.jpg;https://files.alnair.ae/uploads/2024/10/23/29/2329581e1743e8c62fb9387fed3dbe8d.jpg;https://files.alnair.ae/uploads/2024/10/cd/b6/cdb6b5ce87817f885ce3a1b2dc8b8633.jpg;https://files.alnair.ae/uploads/2024/10/6c/2c/6c2c67ed3df1ca5d5c289e45cfc1cef4.jpg;https://files.alnair.ae/uploads/2024/10/c6/6b/c66bcca968ded86a6539527a8245bfaf.jpg}"
76cf3b16-a89f-4235-8b85-10df4d126530,191ac941-212a-4136-b305-e38d7e55aea5,"Dubai",4cb49e99-dc24-497d-97aa-6dde42025896,"United Arab Emirates","Dubai Silicon Oasis","Dubai Silicon Oasis","Dubai Silicon Oasis","","Dubai Silicon Oasis is a vibrant free zone offering a unique blend of technology, innovation, and community living. Known for its modern infrastructure, it boasts a range of residential options, business amenities, and educational institutions. The area is family-friendly, with ample green spaces, retail outlets, and dining options. Its strategic location and dynamic environment make it a sought-after destination for both residents and visitors.  Dubai Silicon Oasis boasts excellent transport connectivity, making commuting a breeze. While the metro isn't directly within the area, numerous bus lines bridge the gap to nearby stations. Taxis are readily available, and cycling paths enhance local transit. Situated near major highways like Sheikh Mohammed Bin Zayed Road, it offers easy access to downtown Dubai and attractions like Burj Khalifa. The airport is just a 15-minute drive away, ensuring quick travel links.","","Dubai Silicon Oasis (DSO) — это технологический парк и популярный жилой район, спроектированный как «умный город». Это полностью самодостаточное сообщество, где расположены штаб-квартиры технологических компаний, университеты (например, RIT Dubai) и школы. DSO славится своей доступностью и отличной инфраструктурой: здесь есть торговый центр Silicon Central, парки, теннисные корты и озеро. Это молодежный и мультикультурный район, идеально подходящий для стартаперов, студентов и молодых семей. <br><br> Транспорт: Расположенный на пересечении Sheikh Mohammed Bin Zayed Road (E311) и Dubai-Al Ain Road (E66), район обеспечивает быстрый доступ как к центру Дубая (20 минут), так и к академическому городку. Хотя район пока не подключен к метро (планируется в рамках будущей «Синей линии»), здесь работает отличная сеть автобусов, доставляющих пассажиров к станции метро Centrepoint (Rashidiya). Аэропорт Дубая находится всего в 15 минутах езды.","Infrastructure","Dubai Silicon Oasis is a vibrant community featuring innovative infrastructure. It boasts the Silicon Central Mall for shopping delights and Gems Wellington Academy for quality education. Healthcare needs are met at Fakeeh University Hospital. For relaxation, residents enjoy Silicon Park with lush green spaces and community facilities. The area also offers a variety of retail stores and convenient access to sports complexes, ensuring a dynamic lifestyle.","Infrastructure","Dubai Silicon Oasis is a vibrant community featuring innovative infrastructure. It boasts the Silicon Central Mall for shopping delights and Gems Wellington Academy for quality education. Healthcare needs are met at Fakeeh University Hospital. For relaxation, residents enjoy Silicon Park with lush green spaces and community facilities. The area also offers a variety of retail stores and convenient access to sports complexes, ensuring a dynamic lifestyle.","{https://files.alnair.ae/uploads/2024/10/6c/16/6c1697a00e2dc29f2f34a6b06d7465d2.jpg;https://files.alnair.ae/uploads/2024/10/fc/30/fc30575f472f58eb41cfcf65f33b829d.jpg;https://files.alnair.ae/uploads/2024/10/c9/f2/c9f2f1bd6facb9cc91f690114d2b6665.jpg;https://files.alnair.ae/uploads/2024/10/18/52/185275f78c30beeb27391a69daea5460.jpg;https://files.alnair.ae/uploads/2024/10/3b/f0/3bf06e05b1ce8f6996c777ef486d7b3e.jpg;https://files.alnair.ae/uploads/2024/10/5a/c2/5ac261aa93ab5045670afea7fb9448f2.jpg;https://files.alnair.ae/uploads/2024/10/fd/61/fd61aa20033d35ab933a33a476aef430.jpg;https://files.alnair.ae/uploads/2024/10/d9/04/d9044bedd42c3dd13d6e44ec8d2d8fb8.jpg;https://files.alnair.ae/uploads/2024/10/8d/f4/8df445014007f99ddf05f16a30611790.jpg;https://files.alnair.ae/uploads/2024/10/94/62/9462c7a80478586cf05b02add8131cae.jpg;https://files.alnair.ae/uploads/2024/10/45/1f/451f47386f1090478a1a9787030e78c2.jpg;https://files.alnair.ae/uploads/2024/10/7b/3d/7b3db32bb13b43c3019bf1d1acc2f7b0.jpg;https://files.alnair.ae/uploads/2024/10/31/00/3100e743ba28797f0ab5e89a8581a26b.jpg;https://files.alnair.ae/uploads/2024/10/47/de/47de84dd3659161b72ec3075e0be1345.jpg;https://files.alnair.ae/uploads/2024/10/23/2f/232fc6e7e96c7ba0b4c206f6b1c844d8.jpg;https://files.alnair.ae/uploads/2024/10/97/e9/97e95362c8d37679e3f2857164c1fd96.jpg;https://files.alnair.ae/uploads/2024/10/ac/a5/aca58775ebf8dd60405fd7f1f39d7889.jpg;https://files.alnair.ae/uploads/2024/10/d7/79/d779afc877e1a8da35d9e2885a80413e.jpg;https://files.alnair.ae/uploads/2024/10/a2/79/a279e506e13299a9c8b76811e073269b.jpg;https://files.alnair.ae/uploads/2024/10/a1/d1/a1d1f39edef67ebe3005ca70ea47bc76.jpg}"
80f6249a-511c-48df-915a-81be01512901,191ac941-212a-4136-b305-e38d7e55aea5,"Dubai",4cb49e99-dc24-497d-97aa-6dde42025896,"United Arab Emirates","Dubai South","Dubai South","Dubai South","","","","","","","","",""
b7ef3610-ae59-4979-8c07-55a527feeae0,191ac941-212a-4136-b305-e38d7e55aea5,"Dubai",4cb49e99-dc24-497d-97aa-6dde42025896,"United Arab Emirates","Dubai Sports City","Dubai Sports City","Dubai Sports City","","Dubai Sports City is a vibrant community designed for sports enthusiasts and families alike. It boasts world-class sports facilities, including cricket stadiums, golf courses, and academies for various disciplines. With lush green spaces, a warm community feel, and modern amenities, it offers a balanced lifestyle. Its strategic location provides easy access to the city, making it an attractive place to live and visit.  Dubai Sports City boasts convenient transportation options. While there isn't a metro station within the district, nearby stations are accessible via frequent bus services. Taxis are readily available, and the area's proximity to major highways, such as Sheikh Mohammed Bin Zayed Road, ensures a smooth drive to downtown Dubai or Dubai International Airport, both approximately 25 minutes away. Cycling paths enhance local mobility, making travel efficient and accessible.","","Dubai Sports City — это уникальное сообщество, созданное для тех, кто не мыслит своей жизни без движения и спорта. Это не просто жилой район, а настоящий спортивный хаб, где расположены Международный стадион для крикета, академия футбола, регби-парк и знаменитое поле для гольфа The Els Club. Жилые комплексы, такие как Canal Residence West и Victory Heights, предлагают широкий выбор жилья: от современных квартир на набережной до роскошных вилл с видом на зеленые фервеи. Район славится своей активной семейной атмосферой, множеством открытых площадок и демократичными ценами на аренду. <br><br> Транспорт: Dubai Sports City предлагает удобные варианты перемещения, особенно для владельцев автомобилей. Район имеет прямой выезд на скоростное шоссе Sheikh Mohammed Bin Zayed Road, что позволяет добраться до Dubai Marina или Al Barsha за 15–20 минут. Хотя в самом районе нет станции метро, курсируют регулярные автобусы (маршруты F), доставляющие жителей к ближайшей станции метро Mall of the Emirates. Аэропорт Дубая находится в 25 минутах езды. Также район популярен среди велосипедистов благодаря широким дорожкам.","Infrastructure","Dubai Sports City is the epitome of vibrant living, offering residents access to top-notch facilities. Shop at the proximity-friendly City Centre Me'aisem or explore fitness at ICC Academy and Els Golf Club. Education shines at Victory Heights Primary School. For health, head to Medcare Medical Centre. Enjoy leisurely strolls in the beautifully landscaped parks or stay active at the Sports Park. Dubai Sports City seamlessly blends convenience with a dynamic lifestyle.","Infrastructure","Dubai Sports City is the epitome of vibrant living, offering residents access to top-notch facilities. Shop at the proximity-friendly City Centre Me'aisem or explore fitness at ICC Academy and Els Golf Club. Education shines at Victory Heights Primary School. For health, head to Medcare Medical Centre. Enjoy leisurely strolls in the beautifully landscaped parks or stay active at the Sports Park. Dubai Sports City seamlessly blends convenience with a dynamic lifestyle.","{https://files.alnair.ae/uploads/2024/10/6c/cf/6ccfb6df7682a8405740a8a422e220d0.jpg;https://files.alnair.ae/uploads/2024/10/54/10/541012f1a2dc4dc213aa9064f5e2effa.jpg;https://files.alnair.ae/uploads/2024/10/17/71/1771a9054d2204be449edd09b2ef0d71.jpg;https://files.alnair.ae/uploads/2024/10/db/69/db69ee72c9f542cb44405833b33e3028.jpg;https://files.alnair.ae/uploads/2024/10/3b/77/3b771bb02d03d16c716a2bebc7aff840.jpg;https://files.alnair.ae/uploads/2024/10/de/b2/deb2781bcc0fa820b88144b69f44985d.jpg;https://files.alnair.ae/uploads/2024/10/49/81/498162c9af39d54a09bac297b56a2389.jpg;https://files.alnair.ae/uploads/2024/10/65/a8/65a8fd10ffeeee218a1ec805de5add40.jpg;https://files.alnair.ae/uploads/2024/10/10/d9/10d9d005e617d514a1c31c3fdcc42a81.jpg;https://files.alnair.ae/uploads/2024/10/d0/b8/d0b828577ce97fb94cf051dcd4fc6506.jpg;https://files.alnair.ae/uploads/2024/10/38/97/38970b32b56423943dba9be190e82d19.jpg;https://files.alnair.ae/uploads/2024/10/10/d7/10d764a4170cd4a89f58c119df871704.jpg;https://files.alnair.ae/uploads/2024/10/60/87/6087173d5f985e893406301135c2e751.jpg;https://files.alnair.ae/uploads/2024/10/3c/55/3c5573ede275c3a0d6c946fdff287d30.jpg;https://files.alnair.ae/uploads/2024/10/df/4a/df4a297877c8e66af004c09b6bb04aa6.jpg;https://files.alnair.ae/uploads/2024/10/bc/40/bc4073ad0bfc34674b00b3740b9d6a94.jpg;https://files.alnair.ae/uploads/2024/10/fb/43/fb4370eb0ca74f6647129324512ecfbe.jpg}"
b3335ed1-ae38-4626-8007-9c0bf5c5ed8c,191ac941-212a-4136-b305-e38d7e55aea5,"Dubai",4cb49e99-dc24-497d-97aa-6dde42025896,"United Arab Emirates","Dubai Studio City","Dubai Studio City","Dubai Studio City","","Dubai Studio City is a vibrant district known for its modern infrastructure and creative energy. Perfect for young professionals and families, it boasts state-of-the-art studios, lush green spaces, and close proximity to key attractions. With a dynamic community, world-class amenities, and thriving entertainment options, Dubai Studio City offers a balanced lifestyle, making it an attractive destination for residents and visitors alike.  Dubai Studio City offers reliable transport accessibility. While there is no metro station directly in the area, residents benefit from a well-connected network of buses and taxis. Cyclists can enjoy dedicated bike lanes, and the community’s proximity to major highways like Sheikh Mohammed Bin Zayed Road ensures easy access to downtown Dubai and key destinations like Burj Khalifa, just 25 minutes away, and Dubai International Airport, approximately a 30-minute drive.","","Dubai Studio City — это динамичный район, являющийся центром телерадиовещания и кинопроизводства в регионе. Здесь современные коммерческие здания с офисами медиа-компаний соседствуют с уютными жилыми комплексами, такими как Glitz. Район привлекает молодых профессионалов своей креативной энергией, современным дизайном и спокойной обстановкой. Обилие зеленых зон, включая большой парк для выгула собак, делает его популярным и среди владельцев домашних животных. Близость к Motor City позволяет жителям пользоваться развитой инфраструктурой соседнего района, включая автодром и торговые центры. <br><br> Транспорт: Район стратегически расположен между Hessa Street и Umm Suqeim Road, что обеспечивает отличную связь с остальной частью города. Автомобилисты могут добраться до центра Дубая и Бурдж-Халифы за 25 минут, а до международного аэропорта — за 30 минут. Общественный транспорт представлен надежной сетью автобусов RTA, которые связывают Studio City со станцией метро Mall of the Emirates, обеспечивая бесперебойный доступ к ключевым точкам города.","Infrastructure","Dubai Studio City offers a vibrant community with top-tier amenities. Nearby is the City Centre Me'aisem for shopping, dining, and entertainment, while GEMS Metropole School and Victory Heights Primary School serve educational needs. For healthcare, Mediclinic Parkview Hospital is close. Residents enjoy the lush Arabian Ranches Golf Club, and Dubai Miracle Garden. The locale is perfect for families, professionals, and creatives alike.","Infrastructure","Dubai Studio City offers a vibrant community with top-tier amenities. Nearby is the City Centre Me'aisem for shopping, dining, and entertainment, while GEMS Metropole School and Victory Heights Primary School serve educational needs. For healthcare, Mediclinic Parkview Hospital is close. Residents enjoy the lush Arabian Ranches Golf Club, and Dubai Miracle Garden. The locale is perfect for families, professionals, and creatives alike.","{https://files.alnair.ae/uploads/2024/10/81/77/817712922cbcedaa1474f43939705d9a.jpg;https://files.alnair.ae/uploads/2024/10/f9/76/f976203ba2833eef57a6f2ca00b3287f.jpg;https://files.alnair.ae/uploads/2024/10/34/44/3444b79b3b3d7bb8c919694d68f551ed.jpg;https://files.alnair.ae/uploads/2024/10/f4/6c/f46cf82abf4f6b664a66650aae77c0bb.jpg;https://files.alnair.ae/uploads/2024/10/b5/2f/b52f041f547d454f70a30c606865ba6f.jpg;https://files.alnair.ae/uploads/2024/10/0b/3a/0b3ac08f5b14241436551c82b62924ed.jpg;https://files.alnair.ae/uploads/2024/10/99/1c/991c853bedb9cad09fa8268113928078.jpg;https://files.alnair.ae/uploads/2024/10/d9/f6/d9f6bfee5707a9c9d9d75ef121622962.jpg;https://files.alnair.ae/uploads/2024/10/27/37/2737a8ad3ac94180dfa456af7ad2f86f.jpg;https://files.alnair.ae/uploads/2024/10/f5/69/f56942619943461e19db20256201367f.jpg;https://files.alnair.ae/uploads/2024/10/78/12/7812936d5057eb78ba5aeac346afbf2e.jpg;https://files.alnair.ae/uploads/2024/10/7e/9e/7e9e830be9392421f3baae7803b9e43a.jpg}"
9d07dcaf-7c66-47ea-a488-e5fd07eb4e47,191ac941-212a-4136-b305-e38d7e55aea5,"Dubai",4cb49e99-dc24-497d-97aa-6dde42025896,"United Arab Emirates","Dubai Water Canal","Dubai Water Canal","Dubai Water Canal","","","","","","","","",""
4cea2bb7-9d75-4bc2-8967-efbc2efefe48,191ac941-212a-4136-b305-e38d7e55aea5,"Dubai",4cb49e99-dc24-497d-97aa-6dde42025896,"United Arab Emirates","Dubailand","Dubailand","Dubailand","","Dubai Land is an expansive and vibrant district known for its dynamic blend of residential, entertainment, and leisure options. With attractions like IMG Worlds of Adventure and Dubai Sports City, it offers endless fun for families and thrill-seekers alike. The community boasts lush parks, modern amenities, and convenient access to major highways. Its diverse housing options and lively atmosphere make Dubai Land a sought-after destination for residents and visitors.  Dubai Land boasts excellent transport links, ensuring seamless connectivity. While the metro isn't directly available, frequent buses and readily available taxis provide easy access to key areas. The district is strategically positioned near major highways, making downtown Dubai and iconic attractions like the Burj Khalifa just 20-30 minutes away. Dubai International Airport is approximately a 25-minute drive, enhancing its appeal for both residents and visitors alike.","","Dubailand — это один из самых масштабных районов Дубая, представляющий собой целый город развлечений и жилых сообществ. Он объединяет в себе разнообразные зоны: от элитных вилл в The Villa и Al Barari до доступных таунхаусов в Villanova. Район известен своими достопримечательностями, такими как крытый парк аттракционов IMG Worlds of Adventure, курорт Al Habtoor Polo Resort и сезонная ярмарка Global Village. Это идеальное место для семей, ищущих просторное жилье, школы с большими кампусами и развитую развлекательную инфраструктуру вдали от городской тесноты. <br><br> Транспорт: Dubailand спроектирован с расчетом на автомобилистов, предлагая прямой доступ к главным транспортным артериям ОАЭ — Emirates Road (E611) и Sheikh Mohammed Bin Zayed Road (E311). Это позволяет избегать многих городских пробок. Поездка до Downtown Dubai занимает 20–30 минут, а до международного аэропорта Дубая — около 25 минут. Для тех, кто пользуется общественным транспортом, доступны автобусные маршруты и такси, связывающие район с ближайшими станциями метро.","Infrastructure","Dubai Land boasts a vibrant infrastructure with landmarks like the massive Dubai Outlet Mall for shopping enthusiasts. Families appreciate the proximity of GEMS FirstPoint School and IMG Worlds of Adventure for fun-filled weekends. Health services are well-catered by Mediclinic Parkview. Outdoor lovers will enjoy Al Habtoor Polo Resort & Club and Dubailand Community Centre's lush parks. With seamless connectivity and cultural gems, it’s a dream locale for all.","Infrastructure","Dubai Land boasts a vibrant infrastructure with landmarks like the massive Dubai Outlet Mall for shopping enthusiasts. Families appreciate the proximity of GEMS FirstPoint School and IMG Worlds of Adventure for fun-filled weekends. Health services are well-catered by Mediclinic Parkview. Outdoor lovers will enjoy Al Habtoor Polo Resort & Club and Dubailand Community Centre's lush parks. With seamless connectivity and cultural gems, it’s a dream locale for all.","{https://files.alnair.ae/uploads/2024/11/67/96/6796ffdb2f5e9862024ca1fb29933dac.jpg;https://files.alnair.ae/uploads/2024/11/95/86/9586bb9ccc64bf441b312d626f93185b.jpg;https://files.alnair.ae/uploads/2024/11/0b/f1/0bf1506f0266fd4cb4edd73582106274.jpg;https://files.alnair.ae/uploads/2024/11/8b/cc/8bccb33fe85165677dae84a5228fc5bc.jpg;https://files.alnair.ae/uploads/2024/11/42/95/42954dadc431c1c3ba9083529f9b16cd.jpg;https://files.alnair.ae/uploads/2024/11/4e/0b/4e0bc9724efe537058f4fde7954bac0a.jpg;https://files.alnair.ae/uploads/2024/11/2b/f7/2bf7ccb89e7df4f92537fc3aa7129bb6.jpg;https://files.alnair.ae/uploads/2024/11/83/9b/839b7b7002a92b985496abb73d3701ac.jpg}"
6cb38444-0bbf-4d87-a426-5cfd1a4fef5f,191ac941-212a-4136-b305-e38d7e55aea5,"Dubai",4cb49e99-dc24-497d-97aa-6dde42025896,"United Arab Emirates","Emaar Beachfront","Emaar Beachfront","Emaar Beachfront","","","","","","","","",""
4e5de886-e236-402a-94e5-d16fc1d2533d,191ac941-212a-4136-b305-e38d7e55aea5,"Dubai",4cb49e99-dc24-497d-97aa-6dde42025896,"United Arab Emirates","Emaar South","Emaar South","Emaar South","","","","","","","","",""
fc5f0eb6-b51a-4f5f-8edc-8de4e98bcad9,191ac941-212a-4136-b305-e38d7e55aea5,"Dubai",4cb49e99-dc24-497d-97aa-6dde42025896,"United Arab Emirates","Expo City Dubai","Expo City Dubai","Expo City Dubai","","","","","","","","",""
b8685129-8357-4e51-809f-84df911a5bad,191ac941-212a-4136-b305-e38d7e55aea5,"Dubai",4cb49e99-dc24-497d-97aa-6dde42025896,"United Arab Emirates","Expo Living","Expo Living","Expo Living","","","","","","","","",""
4f61a39c-cb13-44cc-af39-3744cd4bb8b6,191ac941-212a-4136-b305-e38d7e55aea5,"Dubai",4cb49e99-dc24-497d-97aa-6dde42025896,"United Arab Emirates","Ghantoot","Ghantoot","Ghantoot","","","","","","","","",""
2c6c46e3-e3a5-4a07-bd8c-f08c86c11fe0,191ac941-212a-4136-b305-e38d7e55aea5,"Dubai",4cb49e99-dc24-497d-97aa-6dde42025896,"United Arab Emirates","Grand Polo Club and Resort","Grand Polo Club and Resort","Grand Polo Club and Resort","","","","","","","","",""
1f0c6c72-1224-464e-952b-24c9498c7636,191ac941-212a-4136-b305-e38d7e55aea5,"Dubai",4cb49e99-dc24-497d-97aa-6dde42025896,"United Arab Emirates","Greenwood","Greenwood","Greenwood","","","","","","","","",""
38cfcc55-53e5-4fde-a884-6f1f70f16e40,191ac941-212a-4136-b305-e38d7e55aea5,"Dubai",4cb49e99-dc24-497d-97aa-6dde42025896,"United Arab Emirates","Hayat Islands, Ras Al Khaimah","Hayat Islands, Ras Al Khaimah","Hayat Islands, Ras Al Khaimah","","","","","","","","",""
830ed1a5-537f-4819-89da-58ddb4e57b03,191ac941-212a-4136-b305-e38d7e55aea5,"Dubai",4cb49e99-dc24-497d-97aa-6dde42025896,"United Arab Emirates","Hudayriyat Island","Hudayriyat Island","Hudayriyat Island","","","","","","","","",""
4544f95f-b776-4d8b-9307-2b910d042629,191ac941-212a-4136-b305-e38d7e55aea5,"Dubai",4cb49e99-dc24-497d-97aa-6dde42025896,"United Arab Emirates","International City","International City","International City","","International City in Dubai offers a vibrant mosaic of cultures and architecture. Famous for its themed clusters like China, Persia, and France, it provides affordable living with a cosmopolitan flair. Residents enjoy diverse dining, bustling markets, and serene green spaces. Its strategic location and budget-friendly accommodations make it ideal for both families and young professionals seeking cultural diversity and urban convenience.  International City in Dubai offers excellent transport connectivity with frequent bus services linking to the nearby Rashidiya Metro station. While there is no direct metro line, taxis and ride-sharing options are readily available. Major highways like Sheikh Mohammed Bin Zayed Road are easily accessible, ensuring smooth travel to key destinations like Downtown Dubai and Burj Khalifa. Dubai International Airport is just a 20-minute drive away, making commuting convenient and efficient.","","International City — это колоритный и бюджетный район Дубая, известный своей уникальной архитектурной концепцией. Жилые кластеры здесь стилизованы под архитектуру разных стран: Китая, Англии, Франции, России, Персии и других. Сердцем района является знаменитый Dragon Mart — крупнейший китайский торговый хаб за пределами материкового Китая. Район предлагает очень доступное жилье, разнообразие недорогих ресторанов аутентичной кухни и оживленную атмосферу. Озеро Al Warsan добавляет природного спокойствия этому густонаселенному сообществу. <br><br> Транспорт: International City имеет стратегическое расположение рядом с шоссе Sheikh Mohammed Bin Zayed Road и Ras Al Khor Road. Хотя район исторически известен плотным движением, недавние дорожные улучшения облегчили ситуацию. Прямой линии метро нет, но налажено частое автобусное сообщение с конечной станцией метро Centrepoint (ранее Rashidiya). Аэропорт Дубая находится всего в 15–20 минутах езды, что делает район удобным для частых путешественников.","Infrastructure","Nestled in Dubai, International City offers a vibrant living experience. Explore Dragon Mart for dynamic shopping, while families appreciate options like GEMS Founders School. Healthcare is covered with Mediclinic City Hospital nearby. Enjoy nature at Warsan Lake and unwind in verdant parks. For fitness enthusiasts, multiple sports facilities ensure an active lifestyle. This multicultural hub is perfect for those seeking convenience and community spirit.","Infrastructure","Nestled in Dubai, International City offers a vibrant living experience. Explore Dragon Mart for dynamic shopping, while families appreciate options like GEMS Founders School. Healthcare is covered with Mediclinic City Hospital nearby. Enjoy nature at Warsan Lake and unwind in verdant parks. For fitness enthusiasts, multiple sports facilities ensure an active lifestyle. This multicultural hub is perfect for those seeking convenience and community spirit.","{https://files.alnair.ae/uploads/2024/10/df/4a/df4ae1b1d73c708701e343333ac71946.jpg;https://files.alnair.ae/uploads/2024/10/ef/ae/efae1666554fe70efbabf4ca8a4edc03.jpg;https://files.alnair.ae/uploads/2024/10/c6/26/c62612b927814cacaed8d53e2680e6f6.jpg;https://files.alnair.ae/uploads/2024/10/3f/c3/3fc3cc6cea38929f482ccf4bb58b2b75.jpg;https://files.alnair.ae/uploads/2024/10/65/18/6518638c3281640035db5418cc6b3aea.jpg;https://files.alnair.ae/uploads/2024/10/f9/9d/f99de231f7ccd5ed4268f0c9eab8aae4.jpg;https://files.alnair.ae/uploads/2024/10/aa/5f/aa5f55b5b543f5d69423e648590cf542.jpg;https://files.alnair.ae/uploads/2024/10/d3/68/d3684c7a7b340dfa78c3daadcd1216a5.jpg;https://files.alnair.ae/uploads/2024/10/2d/4a/2d4ad50e93d4072e6f053c742b362098.jpg;https://files.alnair.ae/uploads/2024/10/4c/6b/4c6b6b836a825aabe87d5a096e86247c.jpg;https://files.alnair.ae/uploads/2024/10/57/2d/572df80ab447175f318d7b386eaa46a9.jpg}"
32667dbd-2bde-40d2-9cc7-10bef03e51ea,191ac941-212a-4136-b305-e38d7e55aea5,"Dubai",4cb49e99-dc24-497d-97aa-6dde42025896,"United Arab Emirates","International City Phase 2","International City Phase 2","International City Phase 2","","","","","","","","",""
f4ebfef6-c6b2-4e58-b610-3dd9dcc23bf3,191ac941-212a-4136-b305-e38d7e55aea5,"Dubai",4cb49e99-dc24-497d-97aa-6dde42025896,"United Arab Emirates","Jebel Ali","Jebel Ali","Jebel Ali","","","","","","","","",""
d39cd964-c342-4b6e-ba23-593917050ba1,191ac941-212a-4136-b305-e38d7e55aea5,"Dubai",4cb49e99-dc24-497d-97aa-6dde42025896,"United Arab Emirates","Jumeirah","Jumeirah","Jumeirah","","Jumeirah Lakes Towers (JLT) is a dynamic residential and business hub in Dubai, renowned for its stunning high-rise towers, serene lakes, and vibrant community vibe. With its excellent dining, shopping, and leisure options, JLT offers a blend of work and relaxation. Its lush green spaces and convenient metro access make it a preferred choice for families and professionals looking for a modern lifestyle amidst a picturesque setting.  Jumeirah Lakes Towers (JLT) boasts excellent transport links, making commuting a breeze. Served by the Dubai Metro on the Red Line, JLT offers seamless access to downtown and key attractions like Burj Khalifa. Regular bus services and an efficient tram network enhance connectivity. Taxis are plentiful, and dedicated cycle paths invite eco-friendly travel. Major highways nearby ensure you are just a 30-minute drive from Dubai International Airport.","","Jumeirah Lakes Towers (JLT) — это яркий вертикальный город, построенный вокруг четырех искусственных озер и большого парка. Район состоит из кластеров небоскребов (от A до Z), в которых гармонично сочетаются жилые апартаменты, офисы и отели. JLT известен своей свободной экономической зоной DMCC, что делает его магнитом для бизнеса. Пешеходная набережная вдоль озер изобилует кафе, ресторанами и магазинами, создавая живую социальную среду. Это отличная альтернатива более дорогому району Dubai Marina, расположенному через дорогу. <br><br> Транспорт: JLT может похвастаться одной из лучших транспортных доступностей в Дубае. Район обслуживается сразу двумя станциями метро на Красной линии (DMCC и Sobha Realty), что обеспечивает мгновенный доступ к любой точке города. Удобные пешеходные мосты позволяют легко добраться до Dubai Marina. Развитая сеть такси и прямой выезд на шоссе Sheikh Zayed Road делают поездки на автомобиле быстрыми, а до международного аэропорта можно добраться за 30 минут.","Infrastructure","Nestled in the heart of Dubai, Jumeirah Lakes Towers (JLT) offers a vibrant community brimming with modern conveniences. Residents enjoy shopping at Dubai Marina Mall, nearby. Top educational institutions such as Emirates International School are within easy reach. Healthcare needs are met by Armada Medical Centre. Unwind at JLT Park or explore the scenic lakes and charming walkways. With gyms, restaurants, and a lively cultural scene, JLT perfectly balances urban living with leisure.","Infrastructure","Nestled in the heart of Dubai, Jumeirah Lakes Towers (JLT) offers a vibrant community brimming with modern conveniences. Residents enjoy shopping at Dubai Marina Mall, nearby. Top educational institutions such as Emirates International School are within easy reach. Healthcare needs are met by Armada Medical Centre. Unwind at JLT Park or explore the scenic lakes and charming walkways. With gyms, restaurants, and a lively cultural scene, JLT perfectly balances urban living with leisure.","{https://files.alnair.ae/uploads/2024/11/66/3f/663fa1c9969cbdbf3b53a6a168d7f12a.png;https://files.alnair.ae/uploads/2024/11/1c/1c/1c1c07e8208185deacefdd20cbcabf80.png;https://files.alnair.ae/uploads/2024/11/b0/01/b00176ffb4d67930b11bd6c215a9cd20.png;https://files.alnair.ae/uploads/2024/11/f6/4d/f64dd31387d6f939507352b5d012cc04.png;https://files.alnair.ae/uploads/2024/11/ea/64/ea6458dc98aba2284aba3cbb15104e2f.png;https://files.alnair.ae/uploads/2024/11/b6/d8/b6d87996c3d4fe06ccec8ad03fcae7b1.png;https://files.alnair.ae/uploads/2024/11/c7/36/c736e3071b336526ccb60e8cb1006d5d.png;https://files.alnair.ae/uploads/2024/11/08/f5/08f56adb771687358f0c640425f24864.png;https://files.alnair.ae/uploads/2024/11/73/0e/730e56216b3eb3f50e15cb3b09e93ec9.png;https://files.alnair.ae/uploads/2024/11/1e/81/1e81d3653f919eed8ce54c7208c96258.png}"
7460f3e5-64f1-4922-a0fb-8aa3d411e61a,191ac941-212a-4136-b305-e38d7e55aea5,"Dubai",4cb49e99-dc24-497d-97aa-6dde42025896,"United Arab Emirates","Jumeirah 2","Jumeirah 2","Jumeirah 2","","","","","","","","",""
6cf30a85-358e-4cd9-938b-c05ab6a64c93,191ac941-212a-4136-b305-e38d7e55aea5,"Dubai",4cb49e99-dc24-497d-97aa-6dde42025896,"United Arab Emirates","Jumeirah Garden City","Jumeirah Garden City","Jumeirah Garden City","","","","","","","","",""
21e4ecb3-7004-4ebf-a2ed-8fef8a7d9384,191ac941-212a-4136-b305-e38d7e55aea5,"Dubai",4cb49e99-dc24-497d-97aa-6dde42025896,"United Arab Emirates","Jumeirah Golf Estates","Jumeirah Golf Estates","Jumeirah Golf Estates","","","","","","","","",""
29ce62ae-07f4-4754-ac26-65c0cf7efa5a,191ac941-212a-4136-b305-e38d7e55aea5,"Dubai",4cb49e99-dc24-497d-97aa-6dde42025896,"United Arab Emirates","Jumeirah Heights","Jumeirah Heights","Jumeirah Heights","","","","","","","","",""
c1d811b8-a671-432a-a3b4-021f60762c50,191ac941-212a-4136-b305-e38d7e55aea5,"Dubai",4cb49e99-dc24-497d-97aa-6dde42025896,"United Arab Emirates","Jumeirah Islands","Jumeirah Islands","Jumeirah Islands","","","","","","","","",""
1db34275-251e-49c5-ba6e-4c0b61e4d3e0,191ac941-212a-4136-b305-e38d7e55aea5,"Dubai",4cb49e99-dc24-497d-97aa-6dde42025896,"United Arab Emirates","Jumeirah Lake Towers (JLT)","Jumeirah Lake Towers (JLT)","Jumeirah Lake Towers (JLT)","","Jumeirah Lake Towers (JLT) is a vibrant community in Dubai known for its stunning high-rises and serene lakes. With its strategic location, JLT offers easy access to public transport, bustling dining options, and diverse retail outlets. Its landscaped promenades and parks create a welcoming atmosphere, ideal for families and professionals. A blend of urban living and leisure, JLT provides an attractive, dynamic setting for both residents and visitors.  Jumeirah Lake Towers (JLT) boasts excellent transportation links, making commuting a breeze. The Dubai Metro runs through the area with two dedicated stations, ensuring swift access to downtown and key locales like the Burj Khalifa. Frequent bus services and readily available taxis complement the metro, while the nearby Sheikh Zayed Road offers quick car travel. Dubai International Airport is just a 30-minute drive away, enhancing JLT's connectivity.","","Jumeirah — это один из самых престижных и исторических прибрежных районов Дубая, символизирующий роскошную жизнь у моря. Протянувшись вдоль побережья Персидского залива, район знаменит своими малоэтажными виллами, белоснежными песчаными пляжами (такими как Kite Beach) и культовыми отелями, включая Burj Al Arab. Jumeirah делится на три части (1, 2 и 3) и предлагает уникальную атмосферу спокойствия в центре мегаполиса. Улица Jumeirah Beach Road изобилует модными бутиками, арт-галереями, органическими кафе и ресторанами высокой кухни. Это излюбленное место как для местной элиты, так и для экспатов, ценящих приватность и пляжный образ жизни. <br><br> Транспорт: Jumeirah имеет удобное расположение параллельно главной магистрали Sheikh Zayed Road, что обеспечивает легкий доступ к любой точке города. Хотя через сам район не проходит линия метро, жители активно пользуются развитой сетью автобусов и такси. Ближайшие станции метро (например, Business Bay или ONPASSIVE) находятся всего в 5–10 минутах езды на машине. Поездка до международного аэропорта Дубая или до центра Downtown Dubai занимает около 15–20 минут.","Infrastructure","Nestled amidst Dubai's skyline, Jumeirah Lake Towers (JLT) boasts a vibrant mix of high-rise living and dynamic amenities. Embrace retail therapy at the nearby Dubai Marina Mall or savor diverse cuisines at restaurants lining the picturesque lakes. Reputable schools like Dubai British School are within reach. Health needs are met by Armada Medical Centre, while green spaces like JLT Park and sports facilities offer recreation. Enjoy the tranquil ambiance of lakes and waterways throughout.","Infrastructure","Nestled amidst Dubai's skyline, Jumeirah Lake Towers (JLT) boasts a vibrant mix of high-rise living and dynamic amenities. Embrace retail therapy at the nearby Dubai Marina Mall or savor diverse cuisines at restaurants lining the picturesque lakes. Reputable schools like Dubai British School are within reach. Health needs are met by Armada Medical Centre, while green spaces like JLT Park and sports facilities offer recreation. Enjoy the tranquil ambiance of lakes and waterways throughout.","{https://files.alnair.ae/uploads/2024/10/2c/2a/2c2a426d19b012f9eadafdeb7ab7af56.png;https://files.alnair.ae/uploads/2024/10/56/76/56767bc41161a9f65fbabca8b3bc5fc9.png;https://files.alnair.ae/uploads/2024/10/08/79/08795064a08c763a8ef98ea67104cf3f.png;https://files.alnair.ae/uploads/2024/10/d7/99/d799fd6ff8d44084433967be7de8000d.png;https://files.alnair.ae/uploads/2024/10/23/1d/231d603db5ed2f938c3c64aadb9b027c.png;https://files.alnair.ae/uploads/2024/10/ae/f1/aef1d21b64934b7f49dd5dd194279de3.png;https://files.alnair.ae/uploads/2024/10/e9/59/e9596d3ada1b3f307792247139efd066.png;https://files.alnair.ae/uploads/2024/10/d1/ff/d1ff59b40edcb92ecbd23ea21a7d3dfe.png;https://files.alnair.ae/uploads/2024/10/3d/bd/3dbd88c0068b5b307693ec94fa15415d.png;https://files.alnair.ae/uploads/2024/10/54/17/54177b37e8d1c7fdee839a3151418bb9.png;https://files.alnair.ae/uploads/2024/10/6b/5f/6b5f50687ddb1855ead0381ed73be362.png;https://files.alnair.ae/uploads/2024/10/5d/08/5d080714dc6cb75036c9b45cc346abd1.png;https://files.alnair.ae/uploads/2024/10/2c/3b/2c3b28815df7718bc483cc246c54bae5.png}"
2bf205aa-714f-4286-9226-0d63138a977e,191ac941-212a-4136-b305-e38d7e55aea5,"Dubai",4cb49e99-dc24-497d-97aa-6dde42025896,"United Arab Emirates","Jumeirah Park","Jumeirah Park","Jumeirah Park","","","","","","","","",""
f49d9d4f-9a90-4d59-b0a3-bf5df7b0aad2,191ac941-212a-4136-b305-e38d7e55aea5,"Dubai",4cb49e99-dc24-497d-97aa-6dde42025896,"United Arab Emirates","Jumeirah Village Circle (JVC)","Jumeirah Village Circle (JVC)","Jumeirah Village Circle (JVC)","","Jumeirah Village Circle (JVC) in Dubai is a vibrant community offering a blend of modern living and traditional comfort. Known for its lush parks, family-friendly atmosphere, and affordable housing options, JVC provides a serene escape from the city's hustle yet remains well-connected. With an array of schools, retail outlets, and dining options, it's an ideal spot for both families and young professionals searching for a balanced lifestyle.  Jumeirah Village Circle (JVC) offers convenient access to Dubai’s transport network. While there isn't a direct metro station in the area, nearby stations and a reliable bus service seamlessly connect residents to central Dubai and major attractions. Taxis and ride-sharing services are readily available, and major highways like Sheikh Mohammed Bin Zayed Road ensure swift travel to Dubai International Airport and downtown, including the iconic Burj Khalifa.","","Jumeirah Village Circle (JVC) — это одно из самых популярных семейных сообществ Дубая, известное своей радиальной планировкой. Район предлагает идеальный баланс между городской жизнью и деревенским спокойствием, предоставляя широкий выбор жилья: от студий до роскошных вилл. Здесь находится более 30 ландшафтных парков, школы и новый торговый центр Circle Mall с бассейном на крыше. Спокойная атмосфера и разумные цены на аренду привлекают сюда семьи и молодых специалистов, ищущих комфорт и уединение. <br><br> Транспорт: JVC расположен на пересечении Al Khail Road и Sheikh Mohammed Bin Zayed Road, что обеспечивает отличную связь с ключевыми районами Дубая. До Dubai Marina и Palm Jumeirah можно доехать за 20 минут. В настоящее время в районе нет метро, но активная сеть автобусов RTA связывает жителей со станцией метро Mall of the Emirates. Поездка до аэропорта Дубая или до центра города с Бурдж-Халифой занимает около 25–30 минут.","Infrastructure","Nestled in Dubai's heart, Jumeirah Village Circle (JVC) offers a vibrant community filled with lush parks and recreational areas like Circle Community Park. Residents enjoy convenient shopping at Circle Mall and can access quality education at JSS International School. For healthcare, Karama Medical Centre is nearby. With fitness centers, sports courts, and an array of dining options, JVC perfectly blends comfort and convenience for a dynamic lifestyle.","Infrastructure","Nestled in Dubai's heart, Jumeirah Village Circle (JVC) offers a vibrant community filled with lush parks and recreational areas like Circle Community Park. Residents enjoy convenient shopping at Circle Mall and can access quality education at JSS International School. For healthcare, Karama Medical Centre is nearby. With fitness centers, sports courts, and an array of dining options, JVC perfectly blends comfort and convenience for a dynamic lifestyle.","{https://files.alnair.ae/uploads/2024/10/09/b3/09b3b1b4a9cc36e707e22413839c1f9b.jpg;https://files.alnair.ae/uploads/2024/10/d2/b7/d2b79942fce9f10c51a0b641e8387cef.jpg;https://files.alnair.ae/uploads/2024/10/6b/03/6b0395d7d4dc25fdc5929884d6a7f94e.jpg;https://files.alnair.ae/uploads/2024/10/c5/e7/c5e75e4f71cd8d9ec1e271cfeaff1e12.jpg;https://files.alnair.ae/uploads/2024/10/ee/27/ee27ed8155f11a3663a6a7f0cf5bc640.jpg;https://files.alnair.ae/uploads/2024/10/bc/59/bc5969d90fca087a9ac46453ade85c40.jpg;https://files.alnair.ae/uploads/2024/10/27/e7/27e78e5b49535a562ab3909ad20714bb.jpg;https://files.alnair.ae/uploads/2024/10/71/cd/71cdc72ee139a801d19f088ce2a4a34f.jpg;https://files.alnair.ae/uploads/2024/10/a3/e6/a3e6a7852db4d19234a28081dea97bc6.jpg;https://files.alnair.ae/uploads/2024/10/71/97/7197ce4f86b70b27faac25623dcdf86b.jpg;https://files.alnair.ae/uploads/2024/10/34/34/343437cb121acaa6ace49d546e86eee4.jpg;https://files.alnair.ae/uploads/2024/10/88/dd/88ddbe550622ac13fc59c077b1174fb4.jpg;https://files.alnair.ae/uploads/2024/10/7a/a1/7aa1941759a988dd0353cf5b4bcf8461.jpg;https://files.alnair.ae/uploads/2024/10/40/62/40624d6e126107607eef73c03a3542af.jpg;https://files.alnair.ae/uploads/2024/10/71/9e/719e71219934442ac6b3aba458177a41.jpg}"
6798d4bc-f8f6-4f31-8d12-a392cb34fe51,191ac941-212a-4136-b305-e38d7e55aea5,"Dubai",4cb49e99-dc24-497d-97aa-6dde42025896,"United Arab Emirates","Jumeirah Village Triangle (JVT)","Jumeirah Village Triangle (JVT)","Jumeirah Village Triangle (JVT)","","Jumeirah Village Triangle (JVT) is a vibrant community in Dubai known for its lush landscapes and family-friendly atmosphere. Perfectly balanced between tranquillity and accessibility, JVT offers a range of villas and townhouses with modern amenities. Its strategic location provides easy access to major highways, making commutes hassle-free. Residents enjoy parks, schools, and leisure facilities, making JVT a sought-after haven for families and professionals alike.  Jumeirah Village Triangle (JVT) offers excellent transport connections. While not directly served by the Dubai Metro, nearby stations are easily accessible by car or taxi. Regular bus services extend throughout the area, ensuring seamless connectivity. Just minutes from major highways like Sheikh Mohammed Bin Zayed Road, residents can reach downtown Dubai and iconic landmarks like Burj Khalifa swiftly. Dubai International Airport is approximately a 30-minute drive away.","","Jumeirah Village Triangle (JVT) — это закрытое и уютное сообщество, спроектированное в форме треугольника, которое славится своей низкой плотностью застройки. В отличие от соседнего JVC, здесь преобладают просторные виллы и таунхаусы с большими садами, хотя по периметру строятся и современные высотки. Район изобилует теннисными кортами, спортивными площадками и парками, что делает его раем для семей с детьми и домашними животными. Это оазис тишины с удобным доступом ко всем городским благам. <br><br> Транспорт: Транспортная доступность JVT обеспечивается благодаря прямому выезду на две главные магистрали: Sheikh Mohammed Bin Zayed Road и Al Khail Road. Это позволяет жителям добираться до торгового центра Ibn Battuta Mall или Dubai Marina всего за 15–20 минут. Общественный транспорт представлен автобусными маршрутами, соединяющими район со станциями метрополитена (например, DMCC или Dubai Internet City). Аэропорт Дубая находится в 30 минутах езды.","Infrastructure","Jumeirah Village Triangle (JVT) in Dubai offers a family-friendly environment with essential amenities. Discover shopping at The Circle Mall, just a short drive away. Top schools like Arcadia School are nearby. Access premium healthcare at Mediclinic Me'aisem. Enjoy parks, playgrounds, and community centers that foster an active lifestyle. The area includes beautiful walkways and green spaces, ensuring residents enjoy a harmonious blend of convenience and nature.","Infrastructure","Jumeirah Village Triangle (JVT) in Dubai offers a family-friendly environment with essential amenities. Discover shopping at The Circle Mall, just a short drive away. Top schools like Arcadia School are nearby. Access premium healthcare at Mediclinic Me'aisem. Enjoy parks, playgrounds, and community centers that foster an active lifestyle. The area includes beautiful walkways and green spaces, ensuring residents enjoy a harmonious blend of convenience and nature.","{https://files.alnair.ae/uploads/2024/10/7c/61/7c613eba78f05b7d06e6e8f7ffe9f0e2.jpg;https://files.alnair.ae/uploads/2024/10/0d/18/0d188b5435ba6569bade58e20f64f013.jpg;https://files.alnair.ae/uploads/2024/10/37/e9/37e9e3e473b39f886aa4aa8d6cea7d3f.jpg;https://files.alnair.ae/uploads/2024/10/57/46/5746f96e65db241b84c6c5b9b729be33.jpg;https://files.alnair.ae/uploads/2024/10/8e/4d/8e4d63f7628710162227d8181e086a69.jpg;https://files.alnair.ae/uploads/2024/10/d7/40/d74082353963f661e4f612c102da57c6.jpg;https://files.alnair.ae/uploads/2024/10/00/3b/003b67064beb491e21c9338ad994cfd9.jpg;https://files.alnair.ae/uploads/2024/10/8e/b5/8eb539111ed231030f053b17ca40a449.jpg;https://files.alnair.ae/uploads/2024/10/83/a5/83a5c1a6b016f85a8e6c79f99925dee5.jpg;https://files.alnair.ae/uploads/2024/10/76/f9/76f9b999d9b3ad2cea53f705b238bb8c.jpg;https://files.alnair.ae/uploads/2024/10/0f/66/0f664de396dc83f13536a7915f16a9bb.jpg;https://files.alnair.ae/uploads/2024/10/06/d9/06d9f1a873929db160cdc91cf19cbb7e.jpg}"
a9c111a2-22f2-4cf6-ae47-5558e0ea3d1a,191ac941-212a-4136-b305-e38d7e55aea5,"Dubai",4cb49e99-dc24-497d-97aa-6dde42025896,"United Arab Emirates","Khalifa City, Abu Dhabi","Khalifa City, Abu Dhabi","Khalifa City, Abu Dhabi","","","","","","","","",""
29bc382b-becc-49e4-bce3-1d20fb1b1ad4,191ac941-212a-4136-b305-e38d7e55aea5,"Dubai",4cb49e99-dc24-497d-97aa-6dde42025896,"United Arab Emirates","La Mer","La Mer","La Mer","","Nestled in Dubai's Jumeirah, Port De La Mer is a vibrant coastal community that offers a blend of seaside serenity and urban luxury. With a picturesque marina, charming promenades, and lush green landscapes, it provides a relaxed yet upscale lifestyle. Residents enjoy world-class amenities, boutique shops, and gourmet dining. Its tranquil atmosphere paired with stunning waterfront views makes it a coveted destination for both living and leisure.  Port De La Mer offers excellent connectivity with its strategic location. While there's no direct metro station, the area is easily accessible by car via major highways like Sheikh Zayed Road. Public buses and taxis are readily available, ensuring smooth commutes. The vibrant heart of Dubai is just a 15-minute drive away, and Dubai International Airport is reachable in about 20 minutes. Enjoy seamless access to iconic landmarks like the Burj Khalifa with minimal hassle.","","Port De La Mer — это уникальное прибрежное сообщество в районе Jumeirah, вдохновленное очарованием Средиземноморья. Этот район предлагает редкую для Дубая возможность владения недвижимостью на правах фрихолд (полная собственность) в престижной зоне Джумейры. Комплекс состоит из малоэтажных зданий пастельных тонов, окруженных частным пляжем, живописной мариной для яхт и променадами. Жители наслаждаются курортным образом жизни с бутиками, ресторанами у воды и пятизвездочными отелями. Это идеальное место для тех, кто ищет уединение у моря, но не хочет отказываться от городской роскоши. <br><br> Транспорт: Благодаря стратегическому расположению на полуострове La Mer, район предлагает отличную связь с городом. Хотя здесь нет собственной станции метро, добраться до Sheikh Zayed Road можно за считанные минуты. Общественные автобусы и такси всегда доступны. Центр Дубая (Downtown) и Бурдж-Халифа находятся всего в 15 минутах езды, а международный аэропорт Дубая — в 20 минутах. Также развит морской транспорт.","Infrastructure","Port De La Mer in Dubai is a waterfront haven offering a blend of luxury and convenience. Key infrastructure includes the La Mer Beach for relaxation, the vibrant La Mer Mall for shopping, and top-notch dining venues. Families enjoy proximity to prestigious schools like Jumeirah College and healthcare at Emirates Hospital. Lush parks and scenic canals enhance leisurely strolls, while the community benefits from nearby cultural hubs and sports facilities for active lifestyles.","Infrastructure","Port De La Mer in Dubai is a waterfront haven offering a blend of luxury and convenience. Key infrastructure includes the La Mer Beach for relaxation, the vibrant La Mer Mall for shopping, and top-notch dining venues. Families enjoy proximity to prestigious schools like Jumeirah College and healthcare at Emirates Hospital. Lush parks and scenic canals enhance leisurely strolls, while the community benefits from nearby cultural hubs and sports facilities for active lifestyles.","{https://files.alnair.ae/uploads/2024/11/a2/1e/a21e8c9c0f436f2f00d974c16d2550d6.jpg;https://files.alnair.ae/uploads/2024/11/69/e7/69e7716fa79d37e03323e1d3310d6079.jpg;https://files.alnair.ae/uploads/2024/11/7e/7a/7e7a4360cff985960cc635e871288ff9.jpg;https://files.alnair.ae/uploads/2024/11/3c/65/3c65920755989e5cbc957ed75866ba08.jpg;https://files.alnair.ae/uploads/2024/11/0b/8f/0b8f2903f22057f2b7e8bf699fc8d512.jpg;https://files.alnair.ae/uploads/2024/11/ec/77/ec7781f0d8bdc42a99fc45d131a4ad57.jpg;https://files.alnair.ae/uploads/2024/11/65/57/6557bf16c6b6252855ec65cb392a107e.jpg;https://files.alnair.ae/uploads/2024/11/aa/f8/aaf862f66a80c8e1aa769d7ce3c8efef.jpg;https://files.alnair.ae/uploads/2024/11/f0/3c/f03c721065b009d0c195404c8f669790.jpg}"
8f26e475-52c7-4af9-8f0a-59d472a0f9a1,191ac941-212a-4136-b305-e38d7e55aea5,"Dubai",4cb49e99-dc24-497d-97aa-6dde42025896,"United Arab Emirates","Legends","Legends","Legends","","","","","","","","",""
b02ca263-6d7e-4380-a4c1-296858d6bb97,191ac941-212a-4136-b305-e38d7e55aea5,"Dubai",4cb49e99-dc24-497d-97aa-6dde42025896,"United Arab Emirates","Liwan","Liwan","Liwan","","","","","","","","",""
bb0dbac4-f2f3-4962-8c8b-d94af88b3a63,191ac941-212a-4136-b305-e38d7e55aea5,"Dubai",4cb49e99-dc24-497d-97aa-6dde42025896,"United Arab Emirates","Madinat Jumeirah Living","Madinat Jumeirah Living","Madinat Jumeirah Living","","Nestled in the heart of Dubai, Madinat Jumeirah Living (MJL) is a tranquil oasis combining traditional charm with modern luxury. This pedestrian-friendly community boasts lush landscapes, an array of dining and shopping options, and unparalleled views of the Burj Al Arab. Ideal for families and professionals, MJL offers a safe, vibrant environment with excellent amenities and seamless connectivity. Discover a harmonious blend of comfort, convenience, and elegance in MJL.  Madinat Jumeirah Living offers superb transport connectivity. It's conveniently close to Sheikh Zayed Road, ensuring seamless access to Dubai's key locations. The nearest metro station is just a short drive away, linking you swiftly to downtown and the iconic Burj Khalifa. Reliable bus and taxi services are readily available. Dubai International Airport is approximately a 25-minute drive, making travel convenient and hassle-free.","","Madinat Jumeirah Living (MJL) — это эксклюзивный жилой комплекс, расположенный напротив легендарного отеля Burj Al Arab, предлагающий уникальное сочетание традиционного арабского шарма и современной роскоши. Это полностью пешеходное сообщество, где автомобили скрыты в подземных паркингах, что обеспечивает безопасность и тишину. Жители имеют прямой доступ к курорту Madinat Jumeirah через кондиционируемый пешеходный мост, где их ждут лучшие рестораны, театр и рынок (Souk). Пышные ландшафтные сады, бассейны и игровые площадки делают MJL идеальным оазисом для семей и профессионалов. <br><br> Транспорт: MJL отличается превосходной транспортной доступностью. Расположенный на пересечении Jumeirah Beach Road и Umm Suqeim Road, он позволяет быстро выехать на Sheikh Zayed Road. Ближайшая станция метро (Mall of the Emirates) находится всего в 5 минутах езды. Надежные автобусные маршруты и такси всегда к услугам жителей. Поездка до аэропорта занимает около 25 минут.","Infrastructure","Nestled in the heart of Dubai, Madinat Jumeirah Living offers an exceptional lifestyle. Just moments from iconic destinations like Mall of the Emirates, it boasts proximity to elite schools such as Raffles International School. Nearby, the Al Zahra Hospital ensures top-notch healthcare. Indulge in retail therapy at Souk Madinat Jumeirah, unwind at picturesque parks, or explore cultural venues and serene lagoons. Premier sports facilities enhance this well-rounded community.","Infrastructure","Nestled in the heart of Dubai, Madinat Jumeirah Living offers an exceptional lifestyle. Just moments from iconic destinations like Mall of the Emirates, it boasts proximity to elite schools such as Raffles International School. Nearby, the Al Zahra Hospital ensures top-notch healthcare. Indulge in retail therapy at Souk Madinat Jumeirah, unwind at picturesque parks, or explore cultural venues and serene lagoons. Premier sports facilities enhance this well-rounded community.","{https://files.alnair.ae/uploads/2024/10/de/fe/defe9bc828c94996aa6a7930b5f8ee5b.jpg;https://files.alnair.ae/uploads/2024/10/11/54/1154b5b5e16961a0415e2f86f836d5d5.jpg;https://files.alnair.ae/uploads/2024/10/6f/71/6f71b663acf10fba103538df9deb093c.jpg;https://files.alnair.ae/uploads/2024/10/58/cf/58cf88aba53c834df9f21e2b1e39786e.jpg;https://files.alnair.ae/uploads/2024/10/e7/5f/e75fe89bec9ee7f22dcb48bb651e9338.jpg;https://files.alnair.ae/uploads/2024/10/0a/f0/0af02f002919cc5e587822663a722543.jpg;https://files.alnair.ae/uploads/2024/10/e6/ac/e6ac6559c0d791ab79b4bb74540858ea.jpg;https://files.alnair.ae/uploads/2024/10/a6/a6/a6a6a06036c53517f73ecd1a1618bc6a.jpg;https://files.alnair.ae/uploads/2024/10/77/34/773400f29de860c1d2f44d76a7f4c51d.jpg;https://files.alnair.ae/uploads/2024/10/49/d5/49d5446d1d81b34dec5621c8acef86d4.jpg;https://files.alnair.ae/uploads/2024/10/7b/1a/7b1ace26a06edb3e6f31432eb10a8511.jpg;https://files.alnair.ae/uploads/2024/10/78/2d/782dccde8e812ea032a3fb4a742885be.jpg;https://files.alnair.ae/uploads/2024/10/72/67/7267a8a2fa352322ffe6312540b26101.jpg;https://files.alnair.ae/uploads/2024/10/c8/3f/c83f57f359c833540ddadbff671ba6a2.jpg}"
9d239515-a2f5-4280-a4c6-0ce0ca12bd4b,191ac941-212a-4136-b305-e38d7e55aea5,"Dubai",4cb49e99-dc24-497d-97aa-6dde42025896,"United Arab Emirates","Madinat Zayed, Abu Dhabi","Madinat Zayed, Abu Dhabi","Madinat Zayed, Abu Dhabi","","","","","","","","",""
fd2ede57-e414-46c8-8ab8-78f388c7c7f9,191ac941-212a-4136-b305-e38d7e55aea5,"Dubai",4cb49e99-dc24-497d-97aa-6dde42025896,"United Arab Emirates","Majan","Majan","Majan","","Majan, a vibrant district in Dubai, offers a harmonious blend of modern living and serene landscapes. Known for its strategic location, it provides easy access to key areas like Downtown Dubai and Arabian Ranches. Residents enjoy a range of amenities, from lush parks to retail outlets, fostering a community-centric atmosphere. Majan's appeal lies in its balance of tranquility and connectivity, making it ideal for families and professionals alike.  Majan, Dubai boasts excellent transport connectivity with access to major roads like Sheikh Mohammed Bin Zayed Road, facilitating easy travel across the city. While there's no direct metro service, nearby stations provide convenient commutes. Public buses and taxis are readily available, ensuring seamless transit. Located just 25 minutes from Downtown Dubai and 30 minutes to DXB Airport, Majan offers strategic accessibility to key city destinations.","","Majan — это перспективный район в сердце Dubailand, который предлагает гармоничное сочетание современной городской жизни и безмятежных природных ландшафтов. Стратегически расположенный рядом с престижными районами Al Barari и Arabian Ranches, Majan привлекает доступными ценами на жилье и просторными планировками. Район активно развивается, предлагая жителям парки, торговые центры и общественные пространства. Концепция района — «центр города Дубайленд», что делает его удобным для семей и работников, ищущих баланс между работой и отдыхом. <br><br> Транспорт: Majan может похвастаться прямым выездом на одну из главных магистралей страны — Sheikh Mohammed Bin Zayed Road (E311), что облегчает путешествия по всему эмирату. Прямого метро здесь нет, но ближайшие станции доступны на автобусе или такси. Дорога до Downtown Dubai занимает 20–25 минут, а до аэропорта DXB — около 30 минут. Global Village и IMG Worlds of Adventure находятся буквально по соседству.","Infrastructure","Nestled within bustling Dubai, Majan offers a harmonious mix of conveniences and leisure. Enjoy proximity to Cityland Mall for shopping and entertainment. Families benefit from esteemed GEMS Winchester School and Zayed University. For healthcare, Al Zahra Hospital is nearby. Relish outdoor fun at the serene Al Barari Playground. With the Dubai Miracle Garden just a short drive away, Majan seamlessly blends vibrant city life with nature's charm.","Infrastructure","Nestled within bustling Dubai, Majan offers a harmonious mix of conveniences and leisure. Enjoy proximity to Cityland Mall for shopping and entertainment. Families benefit from esteemed GEMS Winchester School and Zayed University. For healthcare, Al Zahra Hospital is nearby. Relish outdoor fun at the serene Al Barari Playground. With the Dubai Miracle Garden just a short drive away, Majan seamlessly blends vibrant city life with nature's charm.","{https://files.alnair.ae/uploads/2024/10/c0/63/c0635ad0551f89c8164d71278310939a.jpg;https://files.alnair.ae/uploads/2024/10/23/fa/23fa6a67a30484059653131343325c7c.jpg;https://files.alnair.ae/uploads/2024/10/a2/6a/a26a6c301383ed54b6a0832632041b40.jpg;https://files.alnair.ae/uploads/2024/10/76/68/766845ec869008778b37e03c79b37337.jpg;https://files.alnair.ae/uploads/2024/10/c2/c6/c2c6faf2770e6e40b65fb9dbcf7042b9.jpg;https://files.alnair.ae/uploads/2024/10/41/d3/41d33a819163b11e9bfdbfba7158fecd.jpg;https://files.alnair.ae/uploads/2024/10/25/df/25df27562ce2e468f92a876cc6908a8e.jpg;https://files.alnair.ae/uploads/2024/10/df/c9/dfc9679260eba3e25811a90f837c6e42.jpg;https://files.alnair.ae/uploads/2024/10/57/a3/57a3aed7de4d0a712e3169629d1e6b6f.jpg;https://files.alnair.ae/uploads/2024/10/e0/60/e060097e5ca15ad25c4b327844e8335a.jpg;https://files.alnair.ae/uploads/2024/10/3b/8f/3b8f46f172ea4b63d8ac0be8c358f0a2.jpg;https://files.alnair.ae/uploads/2024/10/79/e2/79e2266a46ca9a49547a6baf44cfeb91.jpg;https://files.alnair.ae/uploads/2024/10/e1/ae/e1aece2cd73de83662a1a5fc02b8f32b.jpg;https://files.alnair.ae/uploads/2024/10/6a/17/6a177cf967b8b2932c30e06da20532e8.jpg;https://files.alnair.ae/uploads/2024/10/e0/cb/e0cbde089fb073e1f184c35e4ef9d9f9.jpg;https://files.alnair.ae/uploads/2024/10/ce/9b/ce9b19c5c31f21e3aad367651354e263.jpg;https://files.alnair.ae/uploads/2024/10/32/e3/32e35d1b3d016bd18c29fd10c986cf0a.jpg;https://files.alnair.ae/uploads/2024/10/62/1a/621ad34dc9027658c0d4ae31b30a36c1.jpg}"
0405ee39-3a19-42cf-9faf-0d737f0b3b42,191ac941-212a-4136-b305-e38d7e55aea5,"Dubai",4cb49e99-dc24-497d-97aa-6dde42025896,"United Arab Emirates","Maryam Island, Sharjah","Maryam Island, Sharjah","Maryam Island, Sharjah","","","","","","","","",""
fa8a4c93-93dc-479f-ac18-79c6a3111552,efd68eb5-3c9f-4de9-9512-af8d7c89adbe,"Abu Dhabi",4cb49e99-dc24-497d-97aa-6dde42025896,"United Arab Emirates","Masdar City, Abu Dhabi","Masdar City, Abu Dhabi","Masdar City, Abu Dhabi","","","","","","","","",""
eb72dfe6-ac8a-4274-beec-ad480f67f7fc,191ac941-212a-4136-b305-e38d7e55aea5,"Dubai",4cb49e99-dc24-497d-97aa-6dde42025896,"United Arab Emirates","Meydan City","Meydan City","Meydan City","","Nestled in the heart of Dubai, Meydan is a vibrant district blending luxury and leisure. Known for the iconic Meydan Racecourse, it offers a unique allure with upscale residences, lush green spaces, and world-class amenities. This dynamic area boasts modern architecture, superb connectivity, and a lively atmosphere, making it ideal for families and professionals alike. Experience the perfect fusion of urban chic and tranquil living in Meydan.  Meydan in Dubai offers excellent transport connectivity for easy travel. While there's no metro station directly within Meydan, nearby stations and a robust network of buses and taxis ensure seamless travel across the city. Cycling enthusiasts will appreciate the well-maintained bike paths. Major highways provide quick access to downtown Dubai, approximately 15 minutes away, and Dubai International Airport, reachable within 20 minutes, making Meydan a convenient place to call home.","","Meydan — это визионерский район, являющийся воплощением роскоши и спортивного азарта. Всемирно известный благодаря ипподрому Meydan Racecourse, где проходит самый дорогой кубок мира по скачкам, район предлагает нечто большее, чем просто спорт. Это дом для элитных вилл, отеля The Meydan Hotel и будущего мега-молла Meydan One. Обилие зелени, каналов и велодорожек создает атмосферу элитного загородного клуба. Район привлекает инвесторов и жителей своей современной архитектурой и близостью к центру города. <br><br> Транспорт: Meydan предлагает отличную транспортную доступность для автомобилистов благодаря близости к Al Khail Road и Al Ain Road. Хотя метро пока не проведено непосредственно в район, добраться до Downtown Dubai и Бурдж-Халифы можно всего за 10–15 минут на машине. Международный аэропорт Дубая находится в 20 минутах езды. Велосипедисты оценят наличие профессиональных велотреков, соединяющих район с центром.","Infrastructure","Nestled in Dubai, Meydan is a vibrant community offering a blend of luxury and convenience. Shop at The Meydan One Mall, ensuring retail delight. Families enjoy proximity to top schools like GEMS Modern Academy. Health needs are covered by Mediclinic City Hospital. Outdoor enthusiasts can explore Meydan Racecourse, lush parks, and serene canals. With its sophisticated lagoons and sports facilities, Meydan is a prime choice for a dynamic lifestyle.","Infrastructure","Nestled in Dubai, Meydan is a vibrant community offering a blend of luxury and convenience. Shop at The Meydan One Mall, ensuring retail delight. Families enjoy proximity to top schools like GEMS Modern Academy. Health needs are covered by Mediclinic City Hospital. Outdoor enthusiasts can explore Meydan Racecourse, lush parks, and serene canals. With its sophisticated lagoons and sports facilities, Meydan is a prime choice for a dynamic lifestyle.","{https://files.alnair.ae/uploads/2024/10/b8/74/b874f20b8c072caef7dfc0c5956e8b03.png;https://files.alnair.ae/uploads/2024/10/89/72/8972878deb33d339d08416dbb9f46356.png;https://files.alnair.ae/uploads/2024/10/7e/03/7e03f901eabca8c63f1c4afc514a8695.png;https://files.alnair.ae/uploads/2024/10/34/e4/34e45a890aac5414a52d7f2a5765d133.png;https://files.alnair.ae/uploads/2024/10/65/41/6541b4415305e944122367bd85cb3a6d.png}"
58535b5b-b5f0-44e6-b849-5e39ce880317,191ac941-212a-4136-b305-e38d7e55aea5,"Dubai",4cb49e99-dc24-497d-97aa-6dde42025896,"United Arab Emirates","Mina Al Arab, Ras Al Khaimah","Mina Al Arab, Ras Al Khaimah","Mina Al Arab, Ras Al Khaimah","","","","","","","","",""
49df46ee-1737-43a3-88f3-4eebade8663c,191ac941-212a-4136-b305-e38d7e55aea5,"Dubai",4cb49e99-dc24-497d-97aa-6dde42025896,"United Arab Emirates","Mina Rashid","Mina Rashid","Mina Rashid","","Mina Rashid in Dubai is a vibrant waterfront community, offering a mix of luxury living and rich maritime heritage. Its strategic location near the city center makes it highly desirable. The area boasts stunning views of the Arabian Gulf, world-class amenities, and a lively marina lifestyle. Residents and visitors are drawn to its upscale residences, diverse dining options, and cultural attractions, all wrapped in a welcoming, cosmopolitan atmosphere.  Nestled in Dubai's prime location, Mina Rashid boasts excellent transport connectivity. Easily access the Dubai Metro and a well-serviced bus network, ensuring seamless travel across the city. Taxis are readily available, while cycling enthusiasts enjoy dedicated bike lanes. A short drive connects you to key routes, with downtown Dubai and Burj Khalifa just 15 minutes away, and Dubai International Airport reachable in 20 minutes. Convenient urban mobility awaits!","","Mina Rashid — это исторический порт, трансформирующийся в роскошное прибрежное сообщество, где богатое морское наследие встречается с современным стилем Riviera. Здесь пришвартован знаменитый лайнер-отель Queen Elizabeth 2 (QE2). Район предлагает элитные резиденции с видом на Персидский залив и горизонт Даунтауна, частный пляжный клуб, марину для яхт и множество ресторанов на набережной. Это место для тех, кто ценит историю, море и космополитичную атмосферу старого и нового Дубая. <br><br> Транспорт: Расположенный вблизи исторических районов Bur Dubai и Deira, Mina Rashid предлагает легкий доступ к метро (станции Al Ghubaiba) и автобусной сети. Такси легко доступны, а для велосипедистов предусмотрены дорожки. Благодаря близости к туннелю Шиндага и основным дорогам, поездка до Бурдж-Халифы занимает 15 минут, а до аэропорта — 20 минут.","Infrastructure","Discover the vibrant infrastructure of Mina Rashid, Dubai. Enjoy shopping at The Dubai Mall, just a short drive away, and explore fine dining and entertainment. Families appreciate proximity to top schools like Jumeirah English Speaking School. Health needs are covered by American Hospital Dubai. Relax at nearby Zabeel Park or stroll along the Dubai Creek. The community offers cultural attractions like QE2 and sports facilities at Al Nasr Leisureland.","Infrastructure","Discover the vibrant infrastructure of Mina Rashid, Dubai. Enjoy shopping at The Dubai Mall, just a short drive away, and explore fine dining and entertainment. Families appreciate proximity to top schools like Jumeirah English Speaking School. Health needs are covered by American Hospital Dubai. Relax at nearby Zabeel Park or stroll along the Dubai Creek. The community offers cultural attractions like QE2 and sports facilities at Al Nasr Leisureland.","{https://files.alnair.ae/uploads/2024/10/bb/10/bb10314c4c1b7eae4553e80c946c9c91.jpg;https://files.alnair.ae/uploads/2024/10/3b/29/3b296031bf04fe100aa042e2f033e699.jpg;https://files.alnair.ae/uploads/2024/10/08/70/0870cb7881e461fd8e5806e76d0982d6.jpg;https://files.alnair.ae/uploads/2024/10/c7/b4/c7b4d2db293db55ffc1fa786013f9137.jpg;https://files.alnair.ae/uploads/2024/10/0e/13/0e1306cb20141a74abea232e3e4b4511.jpg;https://files.alnair.ae/uploads/2024/10/40/9a/409ab5456a1c4a778926a6beedf92d56.jpg;https://files.alnair.ae/uploads/2024/10/51/f6/51f6252706d3521ccb49f2e7ea0fcfab.jpg;https://files.alnair.ae/uploads/2024/10/e3/bc/e3bcb311e25172d22ff45896aa978a4d.jpg;https://files.alnair.ae/uploads/2024/10/88/ce/88ce8ccc46aeaed825862a337ca3d9d7.jpg}"
c1a0cabb-c476-4a06-8fb5-4a602f4a7dbd,191ac941-212a-4136-b305-e38d7e55aea5,"Dubai",4cb49e99-dc24-497d-97aa-6dde42025896,"United Arab Emirates","Mirdif Hills","Mirdif Hills","Mirdif Hills","","Mirdif is a charming residential area in Dubai, known for its family-friendly vibe and serene atmosphere. It features a mix of villas and apartments, surrounded by lush greenery and parks. Mirdif City Centre offers diverse shopping and dining options, while excellent schools and recreational facilities add to the appeal. Its strategic location near major highways ensures easy connectivity, making Mirdif a desirable spot for both locals and expatriates seeking a tranquil yet vibrant community.  Mirdif offers excellent transportation options, making it easy to navigate Dubai. Though not directly served by the metro, nearby stations like Rashidiya Metro Station are easily accessible via frequent bus services. The area boasts a network of roads connecting to major highways like Sheikh Mohammed Bin Zayed Road, providing swift access to downtown Dubai and key sites such as Burj Khalifa. Dubai International Airport is only a 10-minute drive, ensuring easy travel.","","Mirdif — это уютный и обжитой жилой район, популярный среди семей благодаря своей спокойной и дружелюбной атмосфере. В отличие от стеклянных небоскребов, здесь преобладают виллы и малоэтажные комплексы, утопающие в зелени. Главной точкой притяжения является огромный парк Mushrif Park и торговый центр City Centre Mirdif с уникальным аттракционом iFly. Район предлагает отличное соотношение цены и качества, множество школ и детских садов, что делает его идеальным для воспитания детей. <br><br> Транспорт: Mirdif имеет стратегическое расположение рядом с аэропортом (всего 10 минут езды) и шоссе Sheikh Mohammed Bin Zayed Road. Хотя метро не заходит вглубь района, ближайшая станция Centrepoint (ранее Rashidiya) находится на границе района и легко доступна на автобусе. Это делает поездки в любую часть Дубая быстрыми и удобными, несмотря на отсутствие метро внутри самого комьюнити.","Infrastructure","Mirdif offers a vibrant community with a robust infrastructure. Key highlights include Mirdif City Centre for shopping and dining, and Uptown Mirdif with charming Arabian architecture. For education, there's GEMS Royal Dubai School. Health services are catered by Medcare Medical Centre. Lush green parks like Mushrif Park provide escape, while Mirdif Tulip offers sports facilities. Nearby, Dubai Safari Park enhances cultural exploration.","Infrastructure","Mirdif offers a vibrant community with a robust infrastructure. Key highlights include Mirdif City Centre for shopping and dining, and Uptown Mirdif with charming Arabian architecture. For education, there's GEMS Royal Dubai School. Health services are catered by Medcare Medical Centre. Lush green parks like Mushrif Park provide escape, while Mirdif Tulip offers sports facilities. Nearby, Dubai Safari Park enhances cultural exploration.","{https://files.alnair.ae/uploads/2024/11/29/de/29debd147ca0d58258a10f4231f7b37f.jpg;https://files.alnair.ae/uploads/2024/11/a8/83/a88379e34efd5b581eb10b027a408450.jpg;https://files.alnair.ae/uploads/2024/11/df/d6/dfd6fe200f9d975fcfc5be9dcaf3769d.jpg;https://files.alnair.ae/uploads/2024/11/f0/da/f0daf799dd778be58b4b938c5165eb92.jpg;https://files.alnair.ae/uploads/2024/11/bb/14/bb140c553dc392968ef8d40266f1a332.jpg;https://files.alnair.ae/uploads/2024/11/4c/fc/4cfca50b195782048f9daaeb03b5e973.png;https://files.alnair.ae/uploads/2024/11/33/6c/336c0b7d7f4f7a1a0e9f14bd64c3d6db.png;https://files.alnair.ae/uploads/2024/11/6d/e0/6de0e3c0c77823f785e4383b1675c3f9.jpg;https://files.alnair.ae/uploads/2024/11/d1/1e/d11ee11ffcad82f441c53e3239069d9b.png;https://files.alnair.ae/uploads/2024/11/c1/a4/c1a4ae32f66d1166b8188594e401454c.jpg;https://files.alnair.ae/uploads/2024/11/1f/34/1f34d14c16f6040c67b6f329ae6ba4a0.jpg}"
1211480e-a735-41cf-9aa1-c16ce507cb69,191ac941-212a-4136-b305-e38d7e55aea5,"Dubai",4cb49e99-dc24-497d-97aa-6dde42025896,"United Arab Emirates","Mohammed Bin Rashid City (MBR)","Mohammed Bin Rashid City (MBR)","Mohammed Bin Rashid City (MBR)","","Mohammed Bin Rashid City (MBR) is a vibrant and upscale community in Dubai, known for its luxurious lifestyle and innovative design. With lush parks, crystal lagoons, and modern architecture, MBR offers a serene yet dynamic environment. Residents and visitors enjoy world-class amenities, such as high-end shopping, fine dining, and cultural attractions. Its central location makes it ideal for connectivity, promising both convenience and exclusivity.  Mohammed Bin Rashid City (MBR) offers excellent transportation accessibility, ensuring convenience for its residents. While it doesn't have a direct metro link, nearby stations and efficient bus services connect you swiftly to downtown and other hotspots. Taxi services and rideshares are readily available, while major highways like Sheikh Zayed Road offer smooth car travel. Burj Khalifa is just a short drive away and Dubai International Airport is accessible within 20 minutes.","","Mohammed Bin Rashid City (MBR City) — это новый «центр» Дубая, масштабный проект смешанного назначения, устанавливающий новые стандарты роскоши. Район известен своими рекордными достопримечательностями, включая самую большую в мире искусственную лагуну с кристальной водой (Crystal Lagoon) в District One. Здесь расположены особняки, современные апартаменты, обширные парки и велотреки. MBR City предлагает атмосферу курорта в самом сердце пустынного мегаполиса, обеспечивая жителям высочайший уровень приватности и комфорта. <br><br> Транспорт: Район обладает отличной транспортной доступностью благодаря близости к Al Khail Road и Sheikh Zayed Road. Хотя прямого метро пока нет, центральное расположение позволяет добраться до Бурдж-Халифы и Dubai Mall за 10–15 минут на автомобиле. Такси и сервисы каршеринга работают бесперебойно. Аэропорт Дубая находится в 20 минутах езды.","Infrastructure","Discover the vibrant infrastructure of Mohammed Bin Rashid City (MBR) in Dubai, featuring the iconic Dubai Mall and the Heriot-Watt University for top-tier education. Relax at the sprawling Meydan One Park or explore the cultural oasis of the Ripe Market. Health needs are met by the state-of-the-art Mediclinic. Sail through the sparkling lagoons, shop at community stores, and stay active at premier sports facilities. MBR is where modern living meets luxury!","Infrastructure","Discover the vibrant infrastructure of Mohammed Bin Rashid City (MBR) in Dubai, featuring the iconic Dubai Mall and the Heriot-Watt University for top-tier education. Relax at the sprawling Meydan One Park or explore the cultural oasis of the Ripe Market. Health needs are met by the state-of-the-art Mediclinic. Sail through the sparkling lagoons, shop at community stores, and stay active at premier sports facilities. MBR is where modern living meets luxury!","{https://files.alnair.ae/uploads/2024/10/1d/7a/1d7a95da1dd53b53bfa27a4f0f0a3af3.jpg;https://files.alnair.ae/uploads/2024/10/56/43/564386c2db0094e1487a6c37e74d7086.jpg;https://files.alnair.ae/uploads/2024/10/a3/0e/a30e2d067d93db0b3251a2a6beafa38b.jpg;https://files.alnair.ae/uploads/2024/10/55/1e/551e38e1beddfa94650fbd2abb328246.jpg;https://files.alnair.ae/uploads/2024/10/f0/e8/f0e821b186a7752b9084ecdd8e3e5fb9.jpg;https://files.alnair.ae/uploads/2024/10/63/e4/63e406c52c3ffa23d9bebb8130695a03.jpg;https://files.alnair.ae/uploads/2024/10/bc/b8/bcb8b2f4311582b5df32e2219ba5e33c.jpg;https://files.alnair.ae/uploads/2024/10/cd/04/cd048fb502c8cf5545368156b6ee9ded.jpg;https://files.alnair.ae/uploads/2024/10/60/f2/60f24558578bf365db8ff9974cc21526.jpg;https://files.alnair.ae/uploads/2024/10/65/60/6560ed68b5ae25e56e5801aa21cdc2d9.jpg;https://files.alnair.ae/uploads/2024/10/32/17/3217d5c08c2182589127cd3f2795cdf3.jpg;https://files.alnair.ae/uploads/2024/10/20/6e/206ebe6db41895aca3e47a0a6f92bad6.jpg;https://files.alnair.ae/uploads/2024/10/0f/57/0f57441b0824de3834d770a769901190.jpg}"
b1ec5333-4709-4ad6-8d16-0e9fdece1fbb,191ac941-212a-4136-b305-e38d7e55aea5,"Dubai",4cb49e99-dc24-497d-97aa-6dde42025896,"United Arab Emirates","Motor City","Motor City","Motor City","","Nestled in the heart of Dubai, Motor City offers a vibrant fusion of urban living and racing culture. Known for its motor-sport heritage, the area features a thrilling race track alongside lush greenery and serene lakes. Residents enjoy a balanced lifestyle with spacious apartments, family-friendly parks, and a variety of dining and shopping options. Its unique blend of excitement and tranquility makes it a captivating destination for both locals and visitors.  Motor City in Dubai offers excellent transportation options, making it easy to navigate the city. While there is no direct metro access, frequent bus services and readily available taxis ensure connectivity. It's a short drive to major highways like Sheikh Mohammed Bin Zayed Road, which links you effortlessly to downtown Dubai and the Dubai Marina. The airport and the iconic Burj Khalifa are approximately 30 minutes away, offering convenience for both local errands and international travel.","","Motor City — это уникальный тематический район, построенный вокруг гоночной трассы Dubai Autodrome. Это рай для любителей автоспорта и картинга, но также и удивительно зеленый, спокойный семейный район. Комплексы Green Community и Uptown Motor City предлагают просторные квартиры, мощеные пешеходные улицы, фонтаны и множество магазинов и кафе. Здесь царит атмосфера европейского городка, где все необходимое находится в шаговой доступности, что делает его очень популярным среди экспатов с детьми и домашними животными. <br><br> Транспорт: Motor City удобно расположен вдоль Hessa Street и Sheikh Mohammed Bin Zayed Road. Хотя прямого доступа к метро нет, частые автобусы (например, F37) связывают район со станцией метро Mall of the Emirates (около 15–20 минут езды). Поездка на машине до Dubai Marina или Даунтауна занимает 20–30 минут. Аэропорт находится в 30 минутах езды.","Infrastructure","Nestled in the heart of Dubai, Motor City offers a vibrant lifestyle with top-tier amenities. Featuring the First Avenue Mall for your shopping and dining pleasures, it also provides excellent educational options like GEMS Metropole School. Healthcare is accessible at Mediclinic Parkview Hospital. Enjoy lush green spaces at the Motor City Parks or stay active at the Autodrome. This community blends leisure with convenience, ensuring a lively and fulfilling living experience.","Infrastructure","Nestled in the heart of Dubai, Motor City offers a vibrant lifestyle with top-tier amenities. Featuring the First Avenue Mall for your shopping and dining pleasures, it also provides excellent educational options like GEMS Metropole School. Healthcare is accessible at Mediclinic Parkview Hospital. Enjoy lush green spaces at the Motor City Parks or stay active at the Autodrome. This community blends leisure with convenience, ensuring a lively and fulfilling living experience.","{https://files.alnair.ae/uploads/2024/10/89/e9/89e93f22ef43f4aa1986dd9c2cfae6e1.jpg;https://files.alnair.ae/uploads/2024/10/57/ee/57ee5682796338b3710440c5ca3d9fbe.jpg;https://files.alnair.ae/uploads/2024/10/19/a2/19a214cf951f7473418726ed4e5ff167.jpg;https://files.alnair.ae/uploads/2024/10/42/5d/425dce9a3c82c944e20800cd6aa31d9f.jpg;https://files.alnair.ae/uploads/2024/10/35/97/3597e201504d056755cc41a3b2a80eee.jpg;https://files.alnair.ae/uploads/2024/10/f1/7b/f17bcea7a2c56534336b5d6cf377cb63.jpg;https://files.alnair.ae/uploads/2024/10/42/ed/42ed29637261012efca5d58cc406d066.jpg;https://files.alnair.ae/uploads/2024/10/c1/eb/c1eb23a1dd01bef4f01f61510aaa7452.jpg;https://files.alnair.ae/uploads/2024/10/3b/8e/3b8e4c39ea35830e70477ec9aa9d8fcf.jpg;https://files.alnair.ae/uploads/2024/10/a1/29/a129f0561acc2cbb7f24062d09aa9cce.jpg;https://files.alnair.ae/uploads/2024/10/4e/c9/4ec9fdc04dee789efc7a871cadb44c60.jpg}"
ba95dea4-5809-4b59-907f-dcd57669b071,191ac941-212a-4136-b305-e38d7e55aea5,"Dubai",4cb49e99-dc24-497d-97aa-6dde42025896,"United Arab Emirates","Mudon","Mudon","Mudon","","","","","","","","",""
8c8d2f9a-ab48-4c24-8e54-c8c0c451d365,191ac941-212a-4136-b305-e38d7e55aea5,"Dubai",4cb49e99-dc24-497d-97aa-6dde42025896,"United Arab Emirates","Muwaileh Commercial, Sharjah","Muwaileh Commercial, Sharjah","Muwaileh Commercial, Sharjah","","","","","","","","",""
a351a442-d07e-4e80-a926-4a6b34a8ac66,191ac941-212a-4136-b305-e38d7e55aea5,"Dubai",4cb49e99-dc24-497d-97aa-6dde42025896,"United Arab Emirates","Nad Al Sheba","Nad Al Sheba","Nad Al Sheba","","","","","","","","",""
26002db9-27f3-4cbc-b032-6ca13f7400be,191ac941-212a-4136-b305-e38d7e55aea5,"Dubai",4cb49e99-dc24-497d-97aa-6dde42025896,"United Arab Emirates","Nad Al Sheba 1","Nad Al Sheba 1","Nad Al Sheba 1","","","","","","","","",""
371f7193-aa85-4432-9f5e-5846e95709fc,191ac941-212a-4136-b305-e38d7e55aea5,"Dubai",4cb49e99-dc24-497d-97aa-6dde42025896,"United Arab Emirates","Oman","Oman","Oman","","","","","","","","",""
096e7575-6811-4c32-a216-9af7155cd906,191ac941-212a-4136-b305-e38d7e55aea5,"Dubai",4cb49e99-dc24-497d-97aa-6dde42025896,"United Arab Emirates","Palm Jebel Ali","Palm Jebel Ali","Palm Jebel Ali","","","","","","","","",""
ff691900-69a6-4162-9a13-59692ed8e937,191ac941-212a-4136-b305-e38d7e55aea5,"Dubai",4cb49e99-dc24-497d-97aa-6dde42025896,"United Arab Emirates","Palm Jumeirah","Palm Jumeirah","Palm Jumeirah","","Palm Jumeirah is a stunning man-made island in Dubai, shaped like a palm tree. Known for its luxurious villas, upscale apartments, and exclusive hotels, it offers a unique blend of tranquility and glamour. Residents enjoy private beaches, world-class dining, and vibrant nightlife, all with breathtaking views of the Arabian Gulf. Its iconic architecture and prestigious lifestyle make Palm Jumeirah a coveted destination for both discerning residents and curious tourists.  Palm Jumeirah boasts excellent transport links, offering seamless connectivity. The Palm Monorail offers direct access to the area's hotspots, while taxis and ride-sharing services are plentiful. Though there’s no direct metro, Dubai Internet City Metro Station is nearby. Sheikh Zayed Road ensures quick access to downtown, with Burj Khalifa just 20 minutes away. Dubai International Airport is roughly a 30-minute drive, making travel convenient and stress-free.","","Palm Jumeirah — это всемирно известный рукотворный остров в форме пальмы, ставший символом роскоши Дубая. Остров предлагает эксклюзивный образ жизни: от вилл с собственными пляжами на «ветвях» до роскошных апартаментов на «стволе». Здесь находятся легендарные курорты, такие как Atlantis The Royal и Atlantis The Palm. Набережная The Pointe (на реконструкции), торговый центр Nakheel Mall и променад West Beach с лучшими ресторанами создают непревзойденную атмосферу отдыха. <br><br> Транспорт: Остров оснащен собственной монорельсовой дорогой (Palm Monorail), которая соединяется с трамваем Dubai Tram и далее с метро, обеспечивая бесшовное сообщение. Такси и каршеринг в изобилии. Главная дорога острова ведет прямо на Sheikh Zayed Road, позволяя добраться до Dubai Marina за 10 минут, а до Бурдж-Халифы — за 20 минут. Аэропорт находится в 30 минутах езды.","Infrastructure","Palm Jumeirah is a vibrant oasis with top-tier infrastructure. Discover retail therapy at Nakheel Mall, while Atlantis The Palm offers world-class leisure and dining. Educational needs are met by Dubai Colleges, and healthcare is at its best with Emirates Hospital. Parks, serene canals, and pristine lagoons invite relaxation. For the active, Al Ittihad Park and Club Vista Mare offer sports and wellness opportunities, making Palm Jumeirah a perfect blend of luxury and convenience.","Infrastructure","Palm Jumeirah is a vibrant oasis with top-tier infrastructure. Discover retail therapy at Nakheel Mall, while Atlantis The Palm offers world-class leisure and dining. Educational needs are met by Dubai Colleges, and healthcare is at its best with Emirates Hospital. Parks, serene canals, and pristine lagoons invite relaxation. For the active, Al Ittihad Park and Club Vista Mare offer sports and wellness opportunities, making Palm Jumeirah a perfect blend of luxury and convenience.","{https://files.alnair.ae/uploads/2024/10/21/31/21314836db07a61d79d0c23bd96e1bab.jpg;https://files.alnair.ae/uploads/2024/10/92/55/925588fc109ad56af0b7019454dfccc7.jpg;https://files.alnair.ae/uploads/2024/10/15/8c/158c15a2e3b01be1653f64333d6ff0ce.jpg;https://files.alnair.ae/uploads/2024/10/7a/85/7a8517d44bd0dddebb51e2d7c8282f3e.jpg;https://files.alnair.ae/uploads/2024/10/77/ff/77ff3a621dfb9abe715098772788344e.jpg;https://files.alnair.ae/uploads/2024/10/a9/f8/a9f80d31b0365b63f50876ef4eed87a0.jpg;https://files.alnair.ae/uploads/2024/10/c2/b6/c2b627956381e0d4a0336f2d18c003e6.jpg;https://files.alnair.ae/uploads/2024/10/5c/38/5c3867a9b5d894bcb9b1810be3fc05b1.jpg;https://files.alnair.ae/uploads/2024/10/38/19/38194accbd9c0a094509755b5e1c1d55.jpg;https://files.alnair.ae/uploads/2024/10/a4/19/a419cc666dd0e28a5bd846612deed100.jpg;https://files.alnair.ae/uploads/2024/10/eb/4d/eb4d3723d6ffdcffe2da986b8f82517c.jpg;https://files.alnair.ae/uploads/2024/10/7e/df/7edf854a86b7050ff2e04bbb4af21827.jpg;https://files.alnair.ae/uploads/2024/10/6b/25/6b2592d97eeafac6dcf78f71f5b3ba98.jpg;https://files.alnair.ae/uploads/2024/10/56/cd/56cd1939163f5124e2c5eca0232ed904.jpg;https://files.alnair.ae/uploads/2024/10/4e/55/4e556d9a985d81aafb90741f7710d585.jpg;https://files.alnair.ae/uploads/2024/10/a7/72/a7724cd1a641b2fe8ff076fb0f5a4797.jpg;https://files.alnair.ae/uploads/2024/10/1a/6e/1a6e53f3108dee32d644cda4ae066f5d.jpg;https://files.alnair.ae/uploads/2024/10/8c/83/8c835e4e4af6f9c3e03b296ec29bcb80.jpg}"
4c693d08-5bdf-47da-bf41-874fa8f7264d,191ac941-212a-4136-b305-e38d7e55aea5,"Dubai",4cb49e99-dc24-497d-97aa-6dde42025896,"United Arab Emirates","Rabdan, Abu Dhabi","Rabdan, Abu Dhabi","Rabdan, Abu Dhabi","","","","","","","","",""
e8654fb0-ba73-4707-ae23-1bca4b46ec63,191ac941-212a-4136-b305-e38d7e55aea5,"Dubai",4cb49e99-dc24-497d-97aa-6dde42025896,"United Arab Emirates","Ramhan Island","Ramhan Island","Ramhan Island","","","","","","","","",""
92661095-e435-47d4-9a2e-2e387cc63d0d,191ac941-212a-4136-b305-e38d7e55aea5,"Dubai",4cb49e99-dc24-497d-97aa-6dde42025896,"United Arab Emirates","Ras Al Khaimah","Ras Al Khaimah","Ras Al Khaimah","","","","","","","","",""
f080acdb-697d-4638-87de-891a73aea948,191ac941-212a-4136-b305-e38d7e55aea5,"Dubai",4cb49e99-dc24-497d-97aa-6dde42025896,"United Arab Emirates","Rashid Yachts and Marina","Rashid Yachts and Marina","Rashid Yachts and Marina","","","","","","","","",""
7d35ce06-eb4b-4b96-b141-fc8979c45d6c,191ac941-212a-4136-b305-e38d7e55aea5,"Dubai",4cb49e99-dc24-497d-97aa-6dde42025896,"United Arab Emirates","Reem","Reem","Reem","","","","","","","","",""
14e6d846-00dc-4e25-a741-7e943ab48997,efd68eb5-3c9f-4de9-9512-af8d7c89adbe,"Abu Dhabi",4cb49e99-dc24-497d-97aa-6dde42025896,"United Arab Emirates","Saadiyat Island, Abu Dhabi","Saadiyat Island, Abu Dhabi","Saadiyat Island, Abu Dhabi","","","","","","","","",""
35ef1cbb-7238-4b89-9671-5a56c95af9e7,191ac941-212a-4136-b305-e38d7e55aea5,"Dubai",4cb49e99-dc24-497d-97aa-6dde42025896,"United Arab Emirates","Sharjah","Sharjah","Sharjah","","","","","","","","",""
e5a03afc-f636-435a-9221-8d1720e89ec9,191ac941-212a-4136-b305-e38d7e55aea5,"Dubai",4cb49e99-dc24-497d-97aa-6dde42025896,"United Arab Emirates","Sheikh Zayed Road","Sheikh Zayed Road","Sheikh Zayed Road","","","","","","","","",""
bd4fc82c-06cf-4100-b2e3-06e73e3b38b3,191ac941-212a-4136-b305-e38d7e55aea5,"Dubai",4cb49e99-dc24-497d-97aa-6dde42025896,"United Arab Emirates","Sobha Hartland","Sobha Hartland","Sobha Hartland","","Discover Sobha Hartland 2, a vibrant enclave in Dubai offering a serene yet connected lifestyle. Nestled amidst lush greenery, this community boasts modern architecture, state-of-the-art amenities, and excellent connectivity to the city's hotspots. Enjoy tranquil parks, premium schools, and vibrant dining options. Perfect for families and professionals alike, Sobha Hartland 2 is where luxury meets comfort in a welcoming atmosphere.  Sobha Hartland 2 in Dubai offers excellent transport connectivity. It is just a short drive from key highways like Sheikh Zayed Road, making travel to the city center and Burj Khalifa quick and easy. While there’s no direct metro, the area is well-served by taxis and ride-sharing services. It’s approximately a 20-minute drive to Dubai International Airport. The development also encourages cycling, with dedicated bike lanes for healthier commuting.","","Sobha Hartland 2 — это новый элитный анклав, задуманный как лесной заповедник в черте города. Расположенный среди пышной зелени и лагун, этот район предлагает современные виллы и апартаменты с безупречным качеством отделки, которым славится застройщик Sobha. Сообщество ориентировано на велнес и образование, находясь в непосредственной близости от престижных международных школ North London Collegiate School и Hartland International. Это идеальное место для тех, кто ищет тишину природы, не покидая центр города. <br><br> Транспорт: Район находится всего в нескольких минутах езды от Рас-Аль-Хор Роуд и Дубай-Аль-Айн Роуд. Это обеспечивает молниеносный доступ к Downtown Dubai (менее 10 минут) и деловому району Business Bay. Общественный транспорт представлен такси, а для любителей активного образа жизни предусмотрены велодорожки. Поездка до аэропорта занимает около 15–20 минут.","Infrastructure","Sobha Hartland 2 in Dubai offers a vibrant community atmosphere with unparalleled amenities. Nearby, you’ll find Hartland Mall for all your shopping needs and two top-tier international schools, Hartland International School and North London Collegiate School. Enjoy lush green parks, a picturesque canal, and serene lagoons for relaxation. For health care, the Mediclinic Welcare is easily accessible. Plus, numerous sports facilities cater to active lifestyles, all enhancing the area’s charm.","Infrastructure","Sobha Hartland 2 in Dubai offers a vibrant community atmosphere with unparalleled amenities. Nearby, you’ll find Hartland Mall for all your shopping needs and two top-tier international schools, Hartland International School and North London Collegiate School. Enjoy lush green parks, a picturesque canal, and serene lagoons for relaxation. For health care, the Mediclinic Welcare is easily accessible. Plus, numerous sports facilities cater to active lifestyles, all enhancing the area’s charm.","{https://files.alnair.ae/uploads/2024/10/9d/fd/9dfdabd10682b275c6d3ad9095c23796.jpg;https://files.alnair.ae/uploads/2024/10/9f/0c/9f0ca5b07f3b770b47b6866c3c4ef9d4.jpg;https://files.alnair.ae/uploads/2024/10/a6/0d/a60d78b07c4cce8c2cf43a09ec6ceb10.jpg;https://files.alnair.ae/uploads/2024/10/64/1a/641a0c5d9aa527a53efe098d41742225.jpg;https://files.alnair.ae/uploads/2024/10/d2/b3/d2b38a4b965d54267a7ed13510dd8044.jpg;https://files.alnair.ae/uploads/2024/10/b7/7f/b77f3c025bc66b037283dfb4eafa3bfd.jpg;https://files.alnair.ae/uploads/2024/10/45/cd/45cd258607789ae843beaf2c1667e8a4.jpg;https://files.alnair.ae/uploads/2024/10/30/f2/30f2a264bf805583520f4de9a069815a.jpg;https://files.alnair.ae/uploads/2024/10/d0/24/d0243127fbbb4f4c97af44dc1f6758b2.jpg;https://files.alnair.ae/uploads/2024/10/9a/5b/9a5bfcad8fb33c85d0668e7acb0cf239.jpg;https://files.alnair.ae/uploads/2024/10/f2/e7/f2e73af3264583f3db199d92aaf35ea6.jpg;https://files.alnair.ae/uploads/2024/10/a3/1b/a31bcd81011a7b58533183b5d3da17db.jpg}"
ad1358d5-cd10-4b15-98bb-e1f9b3d7742f,191ac941-212a-4136-b305-e38d7e55aea5,"Dubai",4cb49e99-dc24-497d-97aa-6dde42025896,"United Arab Emirates","Sobha Hartland II","Sobha Hartland II","Sobha Hartland II","","","","","","","","",""
eed5e506-acb7-4304-b170-b45da85bacde,191ac941-212a-4136-b305-e38d7e55aea5,"Dubai",4cb49e99-dc24-497d-97aa-6dde42025896,"United Arab Emirates","The Oasis by Emaar","The Oasis by Emaar","The Oasis by Emaar","","","","","","","","",""
94417151-e4de-42c2-b981-be8e225dfd36,191ac941-212a-4136-b305-e38d7e55aea5,"Dubai",4cb49e99-dc24-497d-97aa-6dde42025896,"United Arab Emirates","The Valley","The Valley","The Valley","","","","","","","","",""
d5444ddd-94d1-4726-bd34-e2ba1f292cbc,191ac941-212a-4136-b305-e38d7e55aea5,"Dubai",4cb49e99-dc24-497d-97aa-6dde42025896,"United Arab Emirates","The World Islands","The World Islands","The World Islands","","Welcome to the World Islands in Dubai, a stunning archipelago crafted into the shape of a world map. This unique district offers an exclusive lifestyle with private islands, luxurious villas, and breathtaking ocean views. Residents and guests enjoy serene seclusion, yet remain connected to Dubai's vibrant city life. Perfect for those seeking unparalleled privacy, world-class amenities, and a one-of-a-kind living experience amidst the beauty of the Arabian Gulf.  The World Islands in Dubai offer a unique transportation experience primarily focused on boat access, as these islands are located offshore. While there are no direct metro or bus services, water taxis and private yachts provide a stylish commute. For travel to the mainland, they're approximately 4 km from Jumeirah Beach. The islands are around 20 km from Downtown Dubai and 30 km from Dubai International Airport, ensuring a serene escape with city conveniences just a waterway away.","","The World Islands — это амбициозный и эксклюзивный архипелаг из 300 искусственных островов, повторяющих форму карты мира. Расположенный в водах Персидского залива, этот проект предлагает непревзойденный уровень приватности и роскоши. Здесь находятся уникальные курорты, такие как ""Сердце Европы"" (The Heart of Europe), и знаменитые плавучие виллы ""Морской конек"" (Floating Seahorse) с подводными спальнями. Жители и гости могут наслаждаться частными пляжами, кристально чистой водой и атмосферой полной изоляции от внешнего мира, находясь при этом в прямой видимости горизонта Дубая. Это место для тех, кто ищет исключительный опыт островной жизни. <br><br> Транспорт: Транспортная система островов уникальна и полностью зависит от водного сообщения. Здесь нет автомобилей или автобусов в привычном понимании. Доступ осуществляется с помощью частных яхт, скоростных катеров или специальных водных такси от курортов. Путь от побережья Джумейры (около 4 км) занимает 15–20 минут. Несмотря на изолированность, добраться до Даунтауна или аэропорта можно за 40–50 минут (включая водную переправу).","Infrastructure","Discover the captivating World Islands in Dubai, a unique archipelago featuring luxurious resorts and private villas. While the islands themselves are primarily residential and leisure-focused, nearby infrastructure includes Dubai Mall for shopping, Dubai British School for quality education, and the renowned Rashid Hospital. Enjoy lush parks, exhilarating water sports, and cultural gems like the Dubai Opera, all just a short boat ride away.","Infrastructure","Discover the captivating World Islands in Dubai, a unique archipelago featuring luxurious resorts and private villas. While the islands themselves are primarily residential and leisure-focused, nearby infrastructure includes Dubai Mall for shopping, Dubai British School for quality education, and the renowned Rashid Hospital. Enjoy lush parks, exhilarating water sports, and cultural gems like the Dubai Opera, all just a short boat ride away.","{https://files.alnair.ae/uploads/2024/10/0a/81/0a817bc1654602afd3c51813d83c7e64.png;https://files.alnair.ae/uploads/2024/10/e3/21/e32155fe252de2b1ea518d77adec9966.jpg;https://files.alnair.ae/uploads/2024/10/a3/1b/a31ba1a9e9a086e9fcdcbf8b4b6577f6.jpg;https://files.alnair.ae/uploads/2024/10/69/eb/69eb49710c6c917f90233c1d1966bfc0.jpg}"
54f9e303-2913-431c-8cd2-9d993b147fda,191ac941-212a-4136-b305-e38d7e55aea5,"Dubai",4cb49e99-dc24-497d-97aa-6dde42025896,"United Arab Emirates","Tilal Al Ghaf","Tilal Al Ghaf","Tilal Al Ghaf","","Nestled in Dubai, Tilal Al Ghaf offers a perfect blend of luxury and tranquility with its stunning lagoon, lush open spaces, and premier amenities. This vibrant community is designed for modern living, featuring stylish villas, townhouses, and apartments. Residents enjoy serene lake-side strolls, adventure parks, and a bustling community hub. Its strategic location and family-friendly atmosphere make it a coveted destination for both residents and visitors.  Tilal Al Ghaf offers excellent transportation connectivity. While the nearest metro station is a short drive away, the area is well-serviced by taxis and buses, ensuring easy access to key Dubai landmarks. Bicycle enthusiasts will appreciate dedicated cycling paths. Major highways nearby facilitate quick commutes; Downtown Dubai and Burj Khalifa are just 25 minutes away, and Dubai International Airport is a 30-minute drive, making travel convenient and efficient.","","Tilal Al Ghaf — это флагманское сообщество от застройщика Majid Al Futtaim, созданное как курортный оазис для постоянного проживания. Сердцем района является потрясающая Лагуна Аль-Гаф с белоснежными песчаными пляжами и возможностями для водных видов спорта. Район предлагает стильные виллы и таунхаусы (районы Elan, Harmony, Aura), окруженные парками, открытыми кинотеатрами и велосипедными дорожками протяженностью 18 км. Это сообщество ориентировано на здоровый образ жизни, семейный отдых и гармонию с природой, предлагая жителям инфраструктуру мирового класса прямо у порога. <br><br> Транспорт: Район расположен недалеко от пересечения Hessa Street и Sheikh Zayed Bin Hamdan Al Nahyan Street. Хотя метро здесь нет, район отлично обслуживается такси и автобусами. Автомобилисты могут добраться до Dubai Marina или Mall of the Emirates за 20 минут. Поездка до Бурдж-Халифы занимает около 25 минут, а до международного аэропорта Дубая — 30 минут.","Infrastructure","Tilal Al Ghaf in Dubai offers a vibrant blend of facilities, including the lively Al Ghaf Lagoon for water activities and The Park for lush green outings. The community features top-tier schools like Royal Grammar School Guildford and healthcare facilities such as Mediclinic Parkview Hospital nearby. Indulge in retail therapy at the Mall of the Emirates and savor diverse dining options. With interconnected pathways, residents enjoy easy access to cultural hubs and sports facilities, embodying a perfect lifestyle.","Infrastructure","Tilal Al Ghaf in Dubai offers a vibrant blend of facilities, including the lively Al Ghaf Lagoon for water activities and The Park for lush green outings. The community features top-tier schools like Royal Grammar School Guildford and healthcare facilities such as Mediclinic Parkview Hospital nearby. Indulge in retail therapy at the Mall of the Emirates and savor diverse dining options. With interconnected pathways, residents enjoy easy access to cultural hubs and sports facilities, embodying a perfect lifestyle.","{https://files.alnair.ae/uploads/2024/10/b7/35/b735c13a5487e9837ab353c9a43457ba.jpg;https://files.alnair.ae/uploads/2024/10/44/e3/44e3f1b38c688bb1e8269ceb8f5fd41f.jpg;https://files.alnair.ae/uploads/2024/10/d2/d5/d2d5d7e6a0cfaa49ae8879ff222a8910.jpg;https://files.alnair.ae/uploads/2024/10/db/f7/dbf7bab42448c5ca47b8a5ea7d114db4.jpg;https://files.alnair.ae/uploads/2024/10/d4/ad/d4ad95d633b268d69e7d9cbeff8c54e0.jpg;https://files.alnair.ae/uploads/2024/10/40/ac/40ac3067706986537806dae19add0fe5.jpg;https://files.alnair.ae/uploads/2024/10/7b/1f/7b1f49398c648d427457f1b8fd47148c.jpg}"
0869bd5c-8cba-4e58-b101-06d7f826b7a0,191ac941-212a-4136-b305-e38d7e55aea5,"Dubai",4cb49e99-dc24-497d-97aa-6dde42025896,"United Arab Emirates","Tilal, Sharjah","Tilal, Sharjah","Tilal, Sharjah","","","","","","","","",""
959f6171-19e6-46f6-a72d-11b49e6c60e2,191ac941-212a-4136-b305-e38d7e55aea5,"Dubai",4cb49e99-dc24-497d-97aa-6dde42025896,"United Arab Emirates","Town Square","Town Square","Town Square","","Town Square Dubai is a vibrant, family-friendly community offering a perfect blend of modern living and tranquility. With beautifully designed parks, a host of dining options, and retail outlets, it ensures convenience and leisure at every turn. Residents enjoy access to state-of-the-art amenities like swimming pools, fitness centers, and cycling tracks. The community’s inclusive atmosphere and affordable luxury make it a sought-after destination for both locals and expats.  Town Square, Dubai offers convenient transport options. While there is no direct metro access, regular buses and a plethora of taxis ensure smooth commutes. The community is well-connected to Al Qudra Road, granting easy access to major highways like Sheikh Mohammed Bin Zayed Road. Downtown Dubai and Burj Khalifa are approximately 30 minutes away, and Dubai International Airport is about a 40-minute drive. Cyclists can enjoy dedicated bike paths.","","Town Square Dubai — это инновационное и доступное сообщество от застройщика Nshama, которое стало хитом среди молодых семей. Центральным элементом района является огромный парк Town Square Park с каруселью, детским поездом, фонтанами и игровыми зонами. Вокруг парка сосредоточены кафе, магазины и кинотеатр. Жилье варьируется от современных студий до просторных таунхаусов. Район спроектирован так, чтобы поощрять активный образ жизни: здесь есть скейт-парк, баскетбольные площадки, беговые дорожки и бассейны. Это яркий пример того, как современный комфорт может быть доступным. <br><br> Транспорт: Town Square расположен вдоль Al Qudra Road, что обеспечивает прямой доступ к Emirates Road (E611). Это позволяет избежать пробок в центре города. Хотя прямого метро нет, курсируют автобусы до станции Mall of the Emirates. Дорога на машине до EXPO City или Dubai Marina занимает около 20–25 минут, до центра Дубая — 30 минут, а до аэропорта — около 40 минут.","Infrastructure","Welcome to Town Square Dubai, a vibrant community with top-notch infrastructure. Enjoy shopping at Town Square Park's retail shops and dine at local cafes. The community is equipped with a Carrefour supermarket for daily needs. Nearby, find grad schools and the Emirates Hospital for healthcare. Relax in the lush Central Park or engage in activities at the skate park, cycling tracks, and outdoor sports courts. It's a dynamic hub perfect for families and professionals alike.","Infrastructure","Welcome to Town Square Dubai, a vibrant community with top-notch infrastructure. Enjoy shopping at Town Square Park's retail shops and dine at local cafes. The community is equipped with a Carrefour supermarket for daily needs. Nearby, find grad schools and the Emirates Hospital for healthcare. Relax in the lush Central Park or engage in activities at the skate park, cycling tracks, and outdoor sports courts. It's a dynamic hub perfect for families and professionals alike.","{https://files.alnair.ae/uploads/2024/10/08/fc/08fc364520472ee4d52c79592f18b118.jpg;https://files.alnair.ae/uploads/2024/10/df/0c/df0cec67bb3a22891d86de2b3b2b49f4.jpg;https://files.alnair.ae/uploads/2024/10/dc/c0/dcc019e8a715516a25bf675487e149b4.jpg;https://files.alnair.ae/uploads/2024/10/1e/05/1e058809a6f812f1d2070f8add37bd26.jpg;https://files.alnair.ae/uploads/2024/10/9b/ce/9bced369694a1b628fa54dbc5ec2115d.jpg;https://files.alnair.ae/uploads/2024/10/39/c2/39c2052d16490b7528e3e4c8a5b3e1aa.jpg;https://files.alnair.ae/uploads/2024/10/2c/25/2c255aee9c7e387e6d80d84f065780da.jpg;https://files.alnair.ae/uploads/2024/10/92/ec/92ec2418ed4ac691bd58f553d534179f.jpg;https://files.alnair.ae/uploads/2024/10/f3/9a/f39a140059d276141074f6f097ee3482.jpg;https://files.alnair.ae/uploads/2024/10/09/eb/09ebd2e088d550f1b4fba924e2ad3e90.jpg;https://files.alnair.ae/uploads/2024/10/fc/da/fcda1e4ce7a3204aee9f7964af490b94.jpg;https://files.alnair.ae/uploads/2024/10/1f/bf/1fbfdb72458f171e97e2e921e18e1de7.jpg;https://files.alnair.ae/uploads/2024/10/5c/db/5cdb8052ff4d73fa116b815e11e93ec8.jpg;https://files.alnair.ae/uploads/2024/10/ed/9a/ed9aa73ce920a2e79d454abc927b6a14.jpg}"
56e440cc-6474-4ab7-b21a-cf134d0cc81e,191ac941-212a-4136-b305-e38d7e55aea5,"Dubai",4cb49e99-dc24-497d-97aa-6dde42025896,"United Arab Emirates","Trade Centre 2","Trade Centre 2","Trade Centre 2","","","","","","","","",""
ca0fd77f-151e-4cae-be8f-3ffd34354be3,191ac941-212a-4136-b305-e38d7e55aea5,"Dubai",4cb49e99-dc24-497d-97aa-6dde42025896,"United Arab Emirates","Trade Centre First","Trade Centre First","Trade Centre First","","","","","","","","",""
7f94de62-053b-431b-a897-c03accdb412f,191ac941-212a-4136-b305-e38d7e55aea5,"Dubai",4cb49e99-dc24-497d-97aa-6dde42025896,"United Arab Emirates","Umm Al Quwain","Umm Al Quwain","Umm Al Quwain","","","","","","","","",""
be27a4a2-abcf-449d-99f4-5d6994028051,191ac941-212a-4136-b305-e38d7e55aea5,"Dubai",4cb49e99-dc24-497d-97aa-6dde42025896,"United Arab Emirates","Uptown Dubai","Uptown Dubai","Uptown Dubai","","Uptown Dubai is a vibrant neighborhood offering a dynamic blend of modern living and urban elegance. Known for its stunning architecture and bustling streets, it features luxury residences, premium retail outlets, and exquisite dining options. Residents enjoy a lively atmosphere with lush green spaces and convenient connectivity to the city's hotspots. Perfect for those seeking a stylish lifestyle, Uptown Dubai is where excitement and comfort meet.  Uptown Dubai offers exceptional connectivity with easy access to the metro, buses, and taxis, making commuting a breeze. The nearby Dubai Metro ensures quick trips to Downtown Dubai, just 20 minutes away, and the Burj Khalifa. Major highways like Sheikh Zayed Road are close, enhancing accessibility. Bicycle enthusiasts will appreciate the dedicated lanes. Dubai International Airport is a 25-minute drive, ensuring effortless travel connections.","","Uptown Dubai — это новейший район, расположенный рядом с Jumeirah Lakes Towers (JLT), который призван стать новым деловым и развлекательным центром. Доминантой района является небоскреб Uptown Tower, где расположены офисы класса А, отель SO/ Uptown Dubai и элитные резиденции. Район отличается футуристической архитектурой, дизайнерскими бутиками и ресторанами высокой кухни на открытой площади (The Plaza). Это место сочетает в себе энергию мегаполиса с элегантностью, предлагая жителям панорамные виды на город и море, а также доступ к премиальным удобствам. <br><br> Транспорт: Uptown Dubai обладает исключительной транспортной доступностью. Район находится в пешей доступности от станций метро DMCC и Sobha Realty, а также имеет удобный выезд на главное шоссе Sheikh Zayed Road. Это делает поездки в Dubai Marina, JBR или Media City делом нескольких минут. До центра Дубая можно доехать за 20 минут, а до аэропорта — за 25 минут.","Infrastructure","Uptown Dubai offers a vibrant lifestyle with top-notch infrastructure. Shop at the iconic Dubai Marina Mall or visit the lush parks like Jumeirah Lakes Towers Park. Families enjoy proximity to esteemed schools, including Jumeirah International Nursery. Healthcare needs are met by Emirates Hospital. Residents have easy access to supermarkets, dining venues, and sports facilities like JLT's jogging tracks, ensuring a balanced and fulfilling lifestyle in a dynamic urban setting.","Infrastructure","Uptown Dubai offers a vibrant lifestyle with top-notch infrastructure. Shop at the iconic Dubai Marina Mall or visit the lush parks like Jumeirah Lakes Towers Park. Families enjoy proximity to esteemed schools, including Jumeirah International Nursery. Healthcare needs are met by Emirates Hospital. Residents have easy access to supermarkets, dining venues, and sports facilities like JLT's jogging tracks, ensuring a balanced and fulfilling lifestyle in a dynamic urban setting.","{https://files.alnair.ae/uploads/2024/10/5e/63/5e6350b16f244521a61dee88534988e6.jpg;https://files.alnair.ae/uploads/2024/10/a6/ee/a6eeb3c22bf15767c7dfbae8471f75a5.jpg;https://files.alnair.ae/uploads/2024/10/25/26/25260ed2f6391d6ae3ee784a9e35fe4b.jpg;https://files.alnair.ae/uploads/2024/10/20/e1/20e1bea0fab2164cb8825cb0738b62ea.jpg;https://files.alnair.ae/uploads/2024/10/8d/e0/8de07e8645e56d8fe9695487953f2f96.jpg;https://files.alnair.ae/uploads/2024/10/92/15/9215504944e867bcf3a79547bf31e19c.jpg;https://files.alnair.ae/uploads/2024/10/49/57/4957b23c3049752c1c463d91713433ef.jpg}"
7710d4ec-dd6f-4f14-b157-4bb7b6be0efc,191ac941-212a-4136-b305-e38d7e55aea5,"Dubai",4cb49e99-dc24-497d-97aa-6dde42025896,"United Arab Emirates","Villanova","Villanova","Villanova","","","","","","","","",""
aecbbafa-4670-42d8-901b-0333021ec536,191ac941-212a-4136-b305-e38d7e55aea5,"Dubai",4cb49e99-dc24-497d-97aa-6dde42025896,"United Arab Emirates","Wadi Al Safa 4","Wadi Al Safa 4","Wadi Al Safa 4","","Wadi Al Safa 4 is a charming neighborhood in Dubai that offers a blend of tranquility and modern living. Known for its lush landscapes and family-friendly environment, it’s a perfect spot for those seeking serenity amidst the city’s hustle. The area boasts spacious villas, top-notch amenities, and easy access to schools and shopping centers, making it ideal for families. Its warm community atmosphere and convenient location make it a desirable place to call home.  Wadi Al Safa 4 boasts excellent transport connectivity, with easy access to key highways such as Sheikh Mohammed Bin Zayed Road, ensuring smooth commutes to downtown Dubai and other vital areas. While the nearest metro station requires a short drive, the area is serviced by reliable buses and taxis. It's approximately 25 minutes to Burj Khalifa and 30 minutes to Dubai International Airport, making it convenient for both residents and visitors.","","Wadi Al Safa 4 — это тихий жилой район, являющийся частью большого кластера Dubailand (часто ассоциируется с районами рядом с Arabian Ranches). Это место идеально подходит для тех, кто ищет уединение вдали от шума небоскребов. Район застроен преимущественно просторными виллами с частными садами. Благодаря обилию зелени и низкой плотности застройки, здесь царит спокойная загородная атмосфера. Близость к школам, конным клубам и торговым центрам делает его привлекательным для больших семей и любителей размеренного образа жизни. <br><br> Транспорт: Район имеет стратегический доступ к Sheikh Mohammed Bin Zayed Road, что является его главным транспортным преимуществом. Хотя метро находится не в пешей доступности, жители активно пользуются автомобилями и такси. Путь до ключевых локаций, таких как Global Village или IMG Worlds of Adventure, занимает 5–10 минут. До Бурдж-Халифы и аэропорта можно добраться за 25–30 минут.","Infrastructure","Nestled in the heart of Dubai, Wadi Al Safa 4 offers a vibrant lifestyle with easy access to top-tier amenities. The area is close to Dubai Hills Mall and the prestigious Gems Winchester School. Medical facilities like Mediclinic Parkview Hospital are nearby, ensuring healthcare at your fingertips. Enjoy serene spaces at nearby Al Barari Playground and the cultural charm of Global Village. The community is also dotted with local shops and sports facilities.","Infrastructure","Nestled in the heart of Dubai, Wadi Al Safa 4 offers a vibrant lifestyle with easy access to top-tier amenities. The area is close to Dubai Hills Mall and the prestigious Gems Winchester School. Medical facilities like Mediclinic Parkview Hospital are nearby, ensuring healthcare at your fingertips. Enjoy serene spaces at nearby Al Barari Playground and the cultural charm of Global Village. The community is also dotted with local shops and sports facilities.","{https://files.alnair.ae/uploads/2024/10/59/0d/590dc921d14e972e3e41384ead317603.jpg;https://files.alnair.ae/uploads/2024/10/69/b7/69b769939f246ba9e8711fe87249f32b.jpg;https://files.alnair.ae/uploads/2024/10/c4/16/c416ca3f920fc13d70dab836a35939a7.jpg;https://files.alnair.ae/uploads/2024/10/c6/30/c630e855721abc7b87dd3e0deb3a33a9.jpg;https://files.alnair.ae/uploads/2024/10/5c/d4/5cd41dbb7329a9c214a6ab6bfbe41bed.jpg;https://files.alnair.ae/uploads/2024/10/af/61/af61a3f66f2c823e518cce8bc3487a7d.jpg;https://files.alnair.ae/uploads/2024/10/1a/81/1a81018eb73dfcd21d046faf9f10140d.jpg}"
ee09e170-5dfa-4a95-a02c-967ec1435190,191ac941-212a-4136-b305-e38d7e55aea5,"Dubai",4cb49e99-dc24-497d-97aa-6dde42025896,"United Arab Emirates","Wadi Al Safa 5","Wadi Al Safa 5","Wadi Al Safa 5","","Wadi Al Safa 5 is a charming district in Dubai, offering a harmonious blend of tranquility and urban convenience. Known for its family-friendly ambiance, it features spacious villas, lush parks, and excellent amenities. Residents enjoy a peaceful lifestyle with easy access to schools, shopping centers, and major highways. Its inviting atmosphere and modern infrastructure make it a sought-after choice for both locals and expats.  Wadi Al Safa 5 offers excellent transport connectivity with easy access to major highways like Sheikh Mohammed Bin Zayed Road, making travel across Dubai seamless. While there is no direct metro link, frequent bus services and readily available taxis ensure convenient commuting. Proximity to key areas such as Downtown Dubai and Burj Khalifa is advantageous, and Dubai International Airport is just a 25-minute drive away. Enjoy cycling paths for a healthy travel option!","","Wadi Al Safa 5 — это престижный район, наиболее известный тем, что здесь расположены такие популярные жилые комплексы, как ""The Villa"" и ""Villanova"". Вдохновленный средиземноморской архитектурой, район предлагает элегантные виллы с внутренними двориками, фонтанами и пышными садами. Это настоящий оазис спокойствия в пустыне, ориентированный на приватность и безопасность. Здесь много парков, теннисных кортов и мечетей, что создает сильное чувство комьюнити среди жителей. <br><br> Транспорт: Район удобно расположен вдоль Dubai-Al Ain Road (E66) и Emirates Road. Это обеспечивает прямую и быструю дорогу как в центр Дубая (Business Bay, Downtown), так и в сторону академического городка. Поездка до Бурдж-Халифы занимает около 20–25 минут. Общественный транспорт представлен автобусными маршрутами, но личный автомобиль остается предпочтительным способом передвижения.","Infrastructure","Wadi Al Safa 5 in Dubai offers a charming blend of tranquility and convenience. Nearby, you’ll find the bustling Dragon Mart and Cityland Mall for all your shopping needs. Families benefit from proximity to GEMS Metropole School. Health facilities like Mediclinic Parkview Hospital ensure peace of mind. Enjoy leisurely strolls in Al Barari Playground or explore the vibrant Dubai Miracle Garden. With a touch of nature and modern amenities, this area promises a balanced lifestyle.","Infrastructure","Wadi Al Safa 5 in Dubai offers a charming blend of tranquility and convenience. Nearby, you’ll find the bustling Dragon Mart and Cityland Mall for all your shopping needs. Families benefit from proximity to GEMS Metropole School. Health facilities like Mediclinic Parkview Hospital ensure peace of mind. Enjoy leisurely strolls in Al Barari Playground or explore the vibrant Dubai Miracle Garden. With a touch of nature and modern amenities, this area promises a balanced lifestyle.","{https://files.alnair.ae/uploads/2024/10/c4/fd/c4fd519cffe5f58104773b579eb30159.jpg;https://files.alnair.ae/uploads/2024/10/ac/f1/acf11046b6a9dccb005a68b522d15865.jpg;https://files.alnair.ae/uploads/2024/10/6f/c9/6fc92e77054d0b748ed70292bfd68e3d.jpg;https://files.alnair.ae/uploads/2024/10/1c/c7/1cc71f3ebbb1ca0869ff126e37ba5173.jpg;https://files.alnair.ae/uploads/2024/10/e0/2d/e02dd683d011f15ce4a8dfbd0bcd2a1a.jpg;https://files.alnair.ae/uploads/2024/10/0f/42/0f42f3d66b89461def1f0bb1c526a7fc.jpg;https://files.alnair.ae/uploads/2024/10/83/dc/83dc221a3e696fb63e65d021797afc47.jpg;https://files.alnair.ae/uploads/2024/10/fd/b7/fdb76d1151a9e0c657685796d6261724.jpg;https://files.alnair.ae/uploads/2024/10/fe/92/fe923434e3447e4c3670e490ad0767df.jpg;https://files.alnair.ae/uploads/2024/10/79/d4/79d4227cc53b4eff3f7447b9e97f74b1.jpg}"
00ece1fa-d9f3-49a1-8ce1-ed404e54af01,191ac941-212a-4136-b305-e38d7e55aea5,"Dubai",4cb49e99-dc24-497d-97aa-6dde42025896,"United Arab Emirates","Wadi Al Safa 7","Wadi Al Safa 7","Wadi Al Safa 7","","Nestled in Dubai, Wadi Al Safa 7 is a vibrant residential haven offering a blend of modern living and serene landscapes. Known for its family-friendly atmosphere, the area features spacious villas and green parks, ideal for leisurely strolls. Proximity to key urban amenities and major highways makes it a desirable location. With a community-focused vibe, Wadi Al Safa 7 is perfect for those seeking tranquility without sacrificing connectivity.  Wadi Al Safa 7 offers convenient transport options, making city commuting a breeze. While the nearest metro station is a short drive away, the area is well-served by public buses and has ample taxi availability. Key highways like Sheikh Mohammed Bin Zayed Road ensure quick access to downtown Dubai and major attractions like Burj Khalifa. Dubai International Airport is just a 25-30 minute drive, ensuring seamless connectivity for frequent travelers.","","Wadi Al Safa 7 — это динамично развивающийся жилой район, граничащий с ультра-роскошным Al Barari. Здесь расположены такие комплексы, как ""Living Legends"", предлагающие смесь вилл и многоквартирных домов вокруг поля для гольфа. Район привлекает своим соотношением цены и качества, предлагая доступ к зеленым зонам и развитой инфраструктуре (школы, супермаркеты) по разумным ценам. Это идеальный выбор для семей, которые хотят жить в экологически чистом районе с видом на гольф-поля, но без переплаты за бренд. <br><br> Транспорт: Расположенный рядом с Sheikh Mohammed Bin Zayed Road, район обеспечивает легкий доступ ко всем частям эмирата. Ближайшая станция метро находится в 15 минутах езды на автобусе или такси. Дорога до Downtown Dubai, а также до крупных достопримечательностей вроде Global Village, занимает 20–25 минут. Аэропорт Дубая находится в 25–30 минутах езды.","Infrastructure","Wadi Al Safa 7 offers a vibrant community with easy access to key amenities. Explore Cityland Mall for shopping and dining, or send your kids to GEMS FirstPoint School and Fairgreen International School for quality education. Nearby, Mediclinic Parkview Hospital ensures top-notch healthcare. For leisure, visit the serene Dubai Butterfly Garden, lush parks, or enjoy sports facilities at sports complexes, providing a balanced lifestyle for everyone.","Infrastructure","Wadi Al Safa 7 offers a vibrant community with easy access to key amenities. Explore Cityland Mall for shopping and dining, or send your kids to GEMS FirstPoint School and Fairgreen International School for quality education. Nearby, Mediclinic Parkview Hospital ensures top-notch healthcare. For leisure, visit the serene Dubai Butterfly Garden, lush parks, or enjoy sports facilities at sports complexes, providing a balanced lifestyle for everyone.","{https://files.alnair.ae/uploads/2024/10/7f/ea/7fea8961386a6e173361a0238da9c320.jpg;https://files.alnair.ae/uploads/2024/10/e7/3c/e73ce7c2bfd52ec3e326fb9b539e6466.jpg;https://files.alnair.ae/uploads/2024/10/7f/e4/7fe4cb280a7724d6ae24f1c6dade3997.jpg;https://files.alnair.ae/uploads/2024/10/9a/b5/9ab5cc7c11faa3229f2eaf85727763df.jpg;https://files.alnair.ae/uploads/2024/10/25/3a/253a22b150316128a10eb18323481c5b.jpg;https://files.alnair.ae/uploads/2024/10/57/90/5790643995e1b9a9271cbce936a333fb.jpg;https://files.alnair.ae/uploads/2024/10/2c/26/2c26efc9cde223480b478adea2022b6a.jpg;https://files.alnair.ae/uploads/2024/10/55/ba/55baeecc7ebade65667bf384cae3b502.jpg;https://files.alnair.ae/uploads/2024/10/58/66/5866bbcfaa9ff2d2b24eacd26d999824.jpg;https://files.alnair.ae/uploads/2024/10/fe/37/fe3783018ea24e77ca764b011c22cf1d.jpg;https://files.alnair.ae/uploads/2024/10/94/2d/942d39ea3ad63a0021788c2747a5dec0.jpg}"
a8c445f8-1f98-4f5d-9af6-3a7f609b966d,191ac941-212a-4136-b305-e38d7e55aea5,"Dubai",4cb49e99-dc24-497d-97aa-6dde42025896,"United Arab Emirates","Wasl Gate","Wasl Gate","Wasl Gate","","","","","","","","",""
6e3b9c67-cd26-4bfe-ae3c-0ff9c16234b0,efd68eb5-3c9f-4de9-9512-af8d7c89adbe,"Abu Dhabi",4cb49e99-dc24-497d-97aa-6dde42025896,"United Arab Emirates","Yas Island, Abu Dhabi","Yas Island, Abu Dhabi","Yas Island, Abu Dhabi","","","","","","","","",""
e39cb4d8-a335-4e11-8a32-e1b73a0d64cb,191ac941-212a-4136-b305-e38d7e55aea5,"Dubai",4cb49e99-dc24-497d-97aa-6dde42025896,"United Arab Emirates","Za'abeel 1","Za'abeel 1","Za'abeel 1","","Nestled in the heart of Dubai, Za'abeel combines modern luxury with a serene atmosphere. Known for its expansive parks and iconic landmarks like the Dubai Frame, this vibrant district offers a harmonious blend of urban living and green spaces. With easy access to key highways and a central location, Za'abeel is ideal for those seeking connectivity and tranquility. Modern amenities, cultural attractions, and a welcoming community make it a sought-after destination for residents and visitors alike.  Za'abeel in Dubai offers excellent transport connectivity, with easy access to metro stations and a reliable bus network. Taxis are readily available, and dedicated bike lanes encourage cycling. Just a short drive to Downtown Dubai ensures the Burj Khalifa and major attractions are nearby, while major highways provide swift access to the city center and beyond. The Dubai International Airport is only a 15-minute drive away, making travel convenient.","","Za'abeel — это исторически значимый и престижный район, расположенный между старым и новым Дубаем. Здесь находится королевская резиденция (Дворец Забиль), знаменитый парк Zabeel Park и архитектурное чудо — Дубайская рамка (Dubai Frame). Недавно район пополнился ультрасовременным комплексом One Za’abeel с самой длинной консолью в мире. Забиль предлагает уникальное сочетание величественных дворцов, обширных зеленых пространств и современной роскоши, находясь в непосредственной близости от финансового центра. <br><br> Транспорт: Забиль обладает одной из лучших транспортных развязок в городе. Район огибает шоссе Sheikh Zayed Road, обеспечивая мгновенный доступ к центру. Станция метро Max (ранее Al Jaffiliya) находится в непосредственной близости. Благодаря центральному положению, поездка до Бурдж-Халифы занимает 5–10 минут, а до международного аэропорта Дубая — всего 15 минут.","Infrastructure","Za'abeel in Dubai is a vibrant district with impressive infrastructure. It offers easy access to Dubai Mall and Burj Khalifa via nearby Downtown Dubai. The area is home to the lush Za'abeel Park, featuring sports facilities and a tennis academy. Residents enjoy proximity to Latifa Hospital and the Dubai Frame, a cultural landmark. While schools and retail options are found in surrounding areas, Za'abeel promises a balanced urban lifestyle.","Infrastructure","Za'abeel in Dubai is a vibrant district with impressive infrastructure. It offers easy access to Dubai Mall and Burj Khalifa via nearby Downtown Dubai. The area is home to the lush Za'abeel Park, featuring sports facilities and a tennis academy. Residents enjoy proximity to Latifa Hospital and the Dubai Frame, a cultural landmark. While schools and retail options are found in surrounding areas, Za'abeel promises a balanced urban lifestyle.","{https://files.alnair.ae/uploads/2024/10/1e/50/1e50916c0971c2e86f207e9a11372913.jpg;https://files.alnair.ae/uploads/2024/10/ae/b5/aeb5e0e53e5c536094fa33bfdefc1a30.jpg;https://files.alnair.ae/uploads/2024/10/3d/4a/3d4adb07afbcdd013b16bc12f5965c51.jpg;https://files.alnair.ae/uploads/2024/10/17/02/1702c01ba425d4436518b0a04c214188.jpg;https://files.alnair.ae/uploads/2024/10/25/31/2531262ff11bd1bc698685031f66b23b.jpg;https://files.alnair.ae/uploads/2024/10/60/38/603841d8f0296b445a6dc5d5a349b5b8.jpg;https://files.alnair.ae/uploads/2024/10/a3/c0/a3c0a06d7914bb98a44c7cb280e29d8d.jpg;https://files.alnair.ae/uploads/2024/10/df/f1/dff1fad977061bc8b62517993cb50dd8.jpg;https://files.alnair.ae/uploads/2024/10/74/21/742121bc59083fe765659175900decf1.jpg;https://files.alnair.ae/uploads/2024/10/12/2f/122fbe000e3d30a182b9570c0fe04d30.jpg;https://files.alnair.ae/uploads/2024/10/3a/7f/3a7f0c0692ae1c7fb6584f35d387d251.jpg;https://files.alnair.ae/uploads/2024/10/d5/a0/d5a08c6435e9135a6607abc8ad571cc5.jpg;https://files.alnair.ae/uploads/2024/10/d0/cb/d0cb5691770e1f40458cf28c236a69cc.jpg;https://files.alnair.ae/uploads/2024/10/6a/ee/6aee610161cf9ade7a4c1d0cb5384022.jpg}"